# MANA Casualty Location Results File
# Version: 5.01.04
# Machine Name: APGRNBRCG5RTKZK
# Run Started at 3/21/2013, 1:11:29 PM
RandSeed= 1912473434
ID,x-casualty,y-casualty,time,Cas Squad,Cas Squad ID,Cas alleg,subsquad,state,shooter ID,Squad ID,Sqd name,weapon class,weapon ID,x-shooter,y-shooter,shooter alleg
83
27,15650,2973,158,Red_Inf_Squad,6,2,3,Shot At State (Sec),62,15,Bradley M2A3,Secondary,2,15365,2056,1
92,13986,3119,175,Red_60mm_mortar,19,2,0,Shot At State (Sec),33,7,M1A2 Abrams Sep,Secondary,3,15291,2828,1
19,15542,3279,182,Red_Inf_Squad,6,2,2,Shot At State (Sec),62,15,Bradley M2A3,Secondary,2,15421,2414,1
6,15221,2952,203,IED,2,2,0,Default State,61,14,Bradley M2A3,Secondary,2,15735,2686,1
91,14111,3131,225,Red_60mm_mortar,19,2,0,Shot At State (Pri),38,9,M109A6 155mm,Primary,1,28108,931,1
17,14401,3188,227,Red_Inf_Squad,6,2,0,Shot At State (Sec),33,7,M1A2 Abrams Sep,Secondary,3,15281,2917,1
24,14215,3165,235,Red_Inf_Squad,6,2,0,Shot At State (Sec),36,7,M1A2 Abrams Sep,Secondary,3,15249,2588,1
22,14948,3397,241,Red_Inf_Squad,6,2,5,Shot At State (Sec),36,7,M1A2 Abrams Sep,Secondary,3,15249,2589,1
28,15883,3528,242,Red_Inf_Squad,6,2,4,Shot At State (Sec),36,7,M1A2 Abrams Sep,Secondary,3,15248,2590,1
26,15542,3278,250,Red_Inf_Squad,6,2,2,Shot At State (Sec),33,7,M1A2 Abrams Sep,Secondary,3,15279,2920,1
20,16163,3040,253,Red_Inf_Squad,6,2,3,Shot At State (Sec),34,7,M1A2 Abrams Sep,Secondary,3,15261,2458,1
29,14949,3385,262,Red_Inf_Squad,6,2,5,Shot At State (Sec),34,7,M1A2 Abrams Sep,Secondary,3,15261,2459,1
31,14448,3231,279,Red_Inf_Squad,6,2,0,Shot At State (Sec),36,7,M1A2 Abrams Sep,Secondary,3,15250,2593,1
93,14238,3089,333,Red_60mm_mortar,19,2,0,Shot At State (Pri),8,3,AH64D_AttHeli,Primary,2,15779,2691,1
23,14936,3759,341,Red_Inf_Squad,6,2,6,Shot At State (Sec),61,14,Bradley M2A3,Secondary,2,15786,2974,1
30,14900,3472,353,Red_Inf_Squad,6,2,6,Shot At State (Pri),34,7,M1A2 Abrams Sep,Primary,1,15268,2477,1
21,15636,3524,357,Red_Inf_Squad,6,2,4,Shot At State (Pri),7,3,AH64D_AttHeli,Primary,1,15567,2722,1
25,13869,3119,368,Red_Inf_Squad,6,2,1,Shot At State (Pri),8,3,AH64D_AttHeli,Primary,2,15628,2801,1
18,13780,3089,399,Red_Inf_Squad,6,2,1,Shot At State (Pri),8,3,AH64D_AttHeli,Primary,3,15438,2702,1
1,15187,25484,2659,Minefield,1,2,0,Default State,38,9,M109A6 155mm,Primary,2,28108,931,1
0,14920,25496,3317,Minefield,1,2,0,Default State,38,9,M109A6 155mm,Primary,2,28108,931,1
3,15104,25475,3380,Minefield,1,2,0,Default State,38,9,M109A6 155mm,Primary,2,28108,931,1
40,13746,15439,3960,Bradley_Infantry,11,1,0,Default State,95,21,Red_Milan,Primary,1,12421,17624,2
41,13746,15439,3960,Bradley_Infantry,11,1,0,Reach Dynamic Waypoint State,95,21,Red_Milan,Primary,1,12421,17624,2
42,13746,15439,3960,Bradley_Infantry,11,1,0,Reach Dynamic Waypoint State,95,21,Red_Milan,Primary,1,12421,17624,2
43,13746,15439,3960,Bradley_Infantry,11,1,0,Reach Dynamic Waypoint State,95,21,Red_Milan,Primary,1,12421,17624,2
44,13746,15439,3960,Bradley_Infantry,11,1,0,Reach Dynamic Waypoint State,95,21,Red_Milan,Primary,1,12421,17624,2
45,13746,15439,3960,Bradley_Infantry,11,1,0,Reach Dynamic Waypoint State,95,21,Red_Milan,Primary,1,12421,17624,2
46,13746,15439,3960,Bradley_Infantry,11,1,0,Reach Dynamic Waypoint State,95,21,Red_Milan,Primary,1,12421,17624,2
61,13746,15440,3960,Bradley M2A3,14,1,0,Shot At State (Pri),95,21,Red_Milan,Primary,1,12421,17624,2
110,16181,25345,3967,Red_Milan,26,2,1,Shot At State (Pri),8,3,AH64D_AttHeli,Primary,3,13424,20900,1
54,13718,15310,3991,Bradley_Infantry,13,1,0,Reach Dynamic Waypoint State,96,21,Red_Milan,Primary,1,12401,17525,2
55,13718,15310,3991,Bradley_Infantry,13,1,0,Reach Dynamic Waypoint State,96,21,Red_Milan,Primary,1,12401,17525,2
56,13718,15310,3991,Bradley_Infantry,13,1,0,Reach Dynamic Waypoint State,96,21,Red_Milan,Primary,1,12401,17525,2
57,13718,15310,3991,Bradley_Infantry,13,1,0,Reach Dynamic Waypoint State,96,21,Red_Milan,Primary,1,12401,17525,2
58,13718,15310,3991,Bradley_Infantry,13,1,0,Default State,96,21,Red_Milan,Primary,1,12401,17525,2
59,13718,15310,3991,Bradley_Infantry,13,1,0,Reach Dynamic Waypoint State,96,21,Red_Milan,Primary,1,12401,17525,2
60,13718,15310,3991,Bradley_Infantry,13,1,0,Reach Dynamic Waypoint State,96,21,Red_Milan,Primary,1,12401,17525,2
63,13716,15317,3991,Bradley M2A3,16,1,0,Shot At State (Pri),96,21,Red_Milan,Primary,1,12401,17525,2
96,12401,17525,4096,Red_Milan,21,2,0,Shot At State (Pri),8,3,AH64D_AttHeli,Primary,2,13082,23519,1
99,10846,31713,4199,T-90M,23,2,0,Default State,8,3,AH64D_AttHeli,Primary,2,12652,25559,1
2,15031,25805,4205,Minefield,1,2,0,Default State,7,3,AH64D_AttHeli,Primary,2,13099,22849,1
95,12421,17624,4498,Red_Milan,21,2,0,Shot At State (Pri),38,9,M109A6 155mm,Primary,1,28108,931,1
71,13577,26260,4507,Red_Inf_Squad,17,2,1,Shot At State (Pri),7,3,AH64D_AttHeli,Primary,3,13482,23654,1
84,13164,30835,4560,Red_Inf_Squad,18,2,1,Shot At State (Pri),38,9,M109A6 155mm,Primary,1,28108,931,1
9,12534,24730,5156,Bradley M2A3,4,1,0,Shot At State (Pri),102,23,T-90M,Primary,3,12036,29425,2
62,13869,24033,5250,Bradley M2A3,15,1,0,Shot At State (Pri),111,26,Red_Milan,Primary,1,16286,25378,2
33,13994,24809,5466,M1A2 Abrams Sep,7,1,0,Default State,100,23,T-90M,Primary,3,11901,28776,2
72,15633,25478,5684,Red_Inf_Squad,17,2,0,Shot At State (Pri),34,7,M1A2 Abrams Sep,Primary,1,13769,24837,1
49,13810,22942,6052,Bradley_Infantry,12,1,0,Shot At State (Pri),101,23,T-90M,Primary,1,12382,26541,2
15,12905,24795,6251,Bradley_Infantry,5,1,0,Shot At State (Pri),100,23,T-90M,Primary,1,12484,26742,2
12,12526,24815,6279,Bradley_Infantry,5,1,0,Shot At State (Pri),101,23,T-90M,Primary,1,12498,26352,2
14,12813,24704,6301,Bradley_Infantry,5,1,0,Shot At State (Pri),101,23,T-90M,Primary,1,12513,26324,2
16,12871,24873,6315,Bradley_Infantry,5,1,0,Shot At State (Pri),101,23,T-90M,Primary,1,12514,26321,2
13,12637,24763,6579,Bradley_Infantry,5,1,0,Shot At State (Pri),102,23,T-90M,Primary,1,12684,26658,2
51,14112,23497,6593,Bradley_Infantry,12,1,0,Shot At State (Pri),100,23,T-90M,Primary,1,12556,26561,2
65,14543,26158,6606,Red_Inf_Squad,17,2,1,Shot At State (Pri),38,9,M109A6 155mm,Primary,1,28108,931,1
100,12553,26562,6610,T-90M,23,2,0,Squad Taken Shot State (Pri),8,3,AH64D_AttHeli,Primary,2,16108,20438,1
64,14702,26208,6622,Red_Inf_Squad,17,2,1,Shot At State (Pri),38,9,M109A6 155mm,Primary,1,28108,931,1
111,16286,25378,6863,Red_Milan,26,2,1,Shot At State (Pri),7,3,AH64D_AttHeli,Primary,2,14713,23049,1
7,14664,23127,6865,AH64D_AttHeli,3,1,0,Shot At State (Pri),101,23,T-90M,Primary,1,12527,26241,2
102,12664,26640,6870,T-90M,23,2,0,Squad Taken Shot State (Pri),8,3,AH64D_AttHeli,Primary,2,15187,22137,1
8,14705,22923,6993,AH64D_AttHeli,3,1,0,Shot At State (Pri),101,23,T-90M,Primary,1,12506,26241,2
101,12500,26234,7074,T-90M,23,2,0,Squad Taken Shot State (Pri),38,9,M109A6 155mm,Primary,2,28108,931,1
68,15535,26065,7668,Red_Inf_Squad,17,2,0,Shot At State (Sec),35,7,M1A2 Abrams Sep,Secondary,3,15213,26101,1
67,15759,25997,7668,Red_Inf_Squad,17,2,0,Shot At State (Sec),36,7,M1A2 Abrams Sep,Secondary,3,14940,25532,1
69,15677,25957,7728,Red_Inf_Squad,17,2,0,Shot At State (Sec),35,7,M1A2 Abrams Sep,Secondary,3,15457,26574,1
74,15689,26156,7779,Red_Inf_Squad,17,2,0,Shot At State (Sec),36,7,M1A2 Abrams Sep,Secondary,2,15296,26557,1
73,14222,26135,7783,Red_Inf_Squad,17,2,1,Shot At State (Sec),34,7,M1A2 Abrams Sep,Secondary,3,15429,26589,1
107,15333,31681,8145,Red_AGS30_Squad,25,2,1,Shot At State (Sec),35,7,M1A2 Abrams Sep,Secondary,3,15129,30483,1
109,14399,29851,8154,Red_Milan,26,2,0,Shot At State (Sec),34,7,M1A2 Abrams Sep,Secondary,3,15282,29583,1
108,14326,29839,8173,Red_Milan,26,2,0,Shot At State (Sec),34,7,M1A2 Abrams Sep,Secondary,3,15278,29613,1
35,15011,30908,8176,M1A2 Abrams Sep,7,1,0,Default State,80,18,Red_Inf_Squad,Primary,4,14457,30984,2
80,14472,30960,8303,Red_Inf_Squad,18,2,1,Shot At State (Sec),36,7,M1A2 Abrams Sep,Secondary,3,15236,30211,1
89,14657,31074,8384,Red_Inf_Squad,18,2,0,Shot At State (Sec),34,7,M1A2 Abrams Sep,Secondary,3,14755,31350,1
104,15104,32378,8398,Red_AGS30_Squad,25,2,0,Shot At State (Sec),34,7,M1A2 Abrams Sep,Secondary,3,14749,31361,1
77,14585,31752,8425,Red_Inf_Squad,18,2,0,Shot At State (Sec),36,7,M1A2 Abrams Sep,Secondary,3,14685,31740,1
87,14600,31317,8426,Red_Inf_Squad,18,2,0,Shot At State (Sec),34,7,M1A2 Abrams Sep,Secondary,2,14689,31493,1
75,14537,31656,8441,Red_Inf_Squad,18,2,0,Shot At State (Sec),34,7,M1A2 Abrams Sep,Secondary,3,14680,31585,1
83,14625,31397,8448,Red_Inf_Squad,18,2,0,Shot At State (Sec),34,7,M1A2 Abrams Sep,Secondary,3,14679,31588,1
85,14551,31584,8483,Red_Inf_Squad,18,2,0,Shot At State (Sec),34,7,M1A2 Abrams Sep,Secondary,3,14663,31672,1
79,14608,31218,8654,Red_Inf_Squad,18,2,0,Shot At State (Pri),38,9,M109A6 155mm,Primary,1,28108,931,1
81,14624,31209,8661,Red_Inf_Squad,18,2,0,Shot At State (Pri),38,9,M109A6 155mm,Primary,1,28108,931,1
# Run End
