# MANA Casualty Location Results File
# Version: 5.01.04
# Machine Name: APGRNBRCG5RTKZK
# Run Started at 3/21/2013, 2:46:10 PM
RandSeed= -1123451784
ID,x-casualty,y-casualty,time,Cas Squad,Cas Squad ID,Cas alleg,subsquad,state,shooter ID,Squad ID,Sqd name,weapon class,weapon ID,x-shooter,y-shooter,shooter alleg
80
6,15221,2952,46,IED,2,2,0,Default State,36,7,M1A2 Abrams Sep,Primary,1,14949,861,1
17,14214,3210,231,Red_Inf_Squad,6,2,0,Shot At State (Pri),38,9,M109A6 155mm,Primary,1,28165,302,1
92,14098,3130,312,Red_60mm_mortar,19,2,0,Shot At State (Pri),38,9,M109A6 155mm,Primary,1,28165,302,1
28,15632,3555,408,Red_Inf_Squad,6,2,4,Shot At State (Pri),38,9,M109A6 155mm,Primary,1,28165,302,1
31,14264,3159,437,Red_Inf_Squad,6,2,0,Shot At State (Pri),7,3,AH64D_AttHeli,Primary,3,19395,2036,1
27,15988,3026,440,Red_Inf_Squad,6,2,3,Shot At State (Pri),40,11,Bradley_Infantry,Primary,1,15116,2210,1
46,15094,2336,480,Bradley_Infantry,11,1,0,Shot At State (Pri),91,19,Red_60mm_mortar,Primary,1,14227,3113,2
20,16016,3008,545,Red_Inf_Squad,6,2,3,Shot At State (Pri),7,3,AH64D_AttHeli,Primary,2,18634,2080,1
19,15540,3276,568,Red_Inf_Squad,6,2,2,Shot At State (Pri),13,5,Bradley_Infantry,Primary,4,14926,2314,1
22,14948,3356,578,Red_Inf_Squad,6,2,5,Shot At State (Pri),36,7,M1A2 Abrams Sep,Primary,1,15349,2036,1
24,14634,3216,596,Red_Inf_Squad,6,2,0,Shot At State (Pri),16,5,Bradley_Infantry,Primary,1,15062,2285,1
32,14080,3080,604,Red_Inf_Squad,6,2,1,Shot At State (Pri),44,11,Bradley_Infantry,Primary,1,15079,2487,1
30,14902,3773,645,Red_Inf_Squad,6,2,6,Shot At State (Pri),8,3,AH64D_AttHeli,Primary,2,17604,2138,1
91,14227,3113,668,Red_60mm_mortar,19,2,0,Shot At State (Pri),50,12,Bradley_Infantry,Primary,4,14929,2300,1
25,13632,3079,687,Red_Inf_Squad,6,2,1,Shot At State (Pri),62,15,Bradley M2A3,Primary,3,14883,2228,1
29,14925,3287,700,Red_Inf_Squad,6,2,5,Shot At State (Pri),40,11,Bradley_Infantry,Primary,4,14932,2721,1
23,14882,3830,722,Red_Inf_Squad,6,2,6,Shot At State (Pri),40,11,Bradley_Infantry,Primary,1,14899,2769,1
21,15978,3508,746,Red_Inf_Squad,6,2,4,Shot At State (Pri),47,12,Bradley_Infantry,Primary,4,14933,2618,1
18,14044,3135,765,Red_Inf_Squad,6,2,1,Shot At State (Pri),47,12,Bradley_Infantry,Primary,1,14897,2654,1
93,14285,3137,783,Red_60mm_mortar,19,2,0,Shot At State (Pri),11,5,Bradley_Infantry,Primary,1,14757,2693,1
26,15545,3277,787,Red_Inf_Squad,6,2,2,Shot At State (Pri),54,13,Bradley_Infantry,Primary,1,15248,2520,1
1,15133,25524,3349,Minefield,1,2,0,Default State,38,9,M109A6 155mm,Primary,2,28165,302,1
0,14909,25571,3809,Minefield,1,2,0,Default State,38,9,M109A6 155mm,Primary,2,28165,302,1
39,14155,30057,4552,RQ11 Raven,10,1,0,Default State,108,26,Red_Milan,Secondary,2,14347,29824,2
47,13352,14886,5610,Bradley_Infantry,12,1,0,Shot At State (Pri),96,21,Red_Milan,Primary,1,12283,17544,2
48,13352,14886,5610,Bradley_Infantry,12,1,0,Shot At State (Pri),96,21,Red_Milan,Primary,1,12283,17544,2
49,13352,14886,5610,Bradley_Infantry,12,1,0,Shot At State (Pri),96,21,Red_Milan,Primary,1,12283,17544,2
50,13352,14886,5610,Bradley_Infantry,12,1,0,Shot At State (Pri),96,21,Red_Milan,Primary,1,12283,17544,2
51,13352,14886,5610,Bradley_Infantry,12,1,0,Shot At State (Pri),96,21,Red_Milan,Primary,1,12283,17544,2
52,13352,14886,5610,Bradley_Infantry,12,1,0,Shot At State (Pri),96,21,Red_Milan,Primary,1,12283,17544,2
53,13352,14886,5610,Bradley_Infantry,12,1,0,Shot At State (Pri),96,21,Red_Milan,Primary,1,12283,17544,2
62,13352,14886,5610,Bradley M2A3,15,1,0,Shot At State (Pri),96,21,Red_Milan,Primary,1,12283,17544,2
95,12556,17510,5920,Red_Milan,21,2,0,Shot At State (Pri),8,3,AH64D_AttHeli,Primary,2,12335,15984,1
7,12368,17728,6111,AH64D_AttHeli,3,1,0,Injured State,96,21,Red_Milan,Primary,2,12283,17544,2
96,12283,17544,6127,Red_Milan,21,2,0,Shot At State (Pri),8,3,AH64D_AttHeli,Primary,2,12567,16931,1
3,14939,25412,6283,Minefield,1,2,0,Default State,38,9,M109A6 155mm,Primary,2,28165,302,1
35,14319,23084,6729,M1A2 Abrams Sep,7,1,0,Default State,111,26,Red_Milan,Primary,1,16008,25374,2
33,14481,24303,6809,M1A2 Abrams Sep,7,1,0,Default State,111,26,Red_Milan,Primary,1,16008,25374,2
101,11872,29565,6890,T-90M,23,2,0,Default State,8,3,AH64D_AttHeli,Primary,2,12604,23745,1
61,14194,25013,7034,Bradley M2A3,14,1,0,Shot At State (Pri),110,26,Red_Milan,Primary,1,16281,25389,2
100,11893,29490,7072,T-90M,23,2,0,Squad Taken Shot State (Pri),36,7,M1A2 Abrams Sep,Primary,1,13989,24150,1
99,12139,30170,7119,T-90M,23,2,0,Squad Taken Shot State (Pri),34,7,M1A2 Abrams Sep,Primary,1,14020,24507,1
73,14854,26190,7169,Red_Inf_Squad,17,2,1,Shot At State (Pri),63,16,Bradley M2A3,Primary,1,14165,25526,1
66,14858,26154,7359,Red_Inf_Squad,17,2,1,Shot At State (Pri),57,13,Bradley_Infantry,Primary,1,14436,25636,1
102,11972,29341,7443,T-90M,23,2,0,Squad Taken Shot State (Pri),36,7,M1A2 Abrams Sep,Primary,1,13921,24633,1
111,16008,25374,7484,Red_Milan,26,2,1,Shot At State (Pri),9,4,Bradley M2A3,Primary,3,13869,24806,1
68,15562,25753,7529,Red_Inf_Squad,17,2,0,Shot At State (Pri),63,16,Bradley M2A3,Primary,3,14036,25461,1
65,15522,25449,7560,Red_Inf_Squad,17,2,0,Shot At State (Pri),36,7,M1A2 Abrams Sep,Primary,1,13951,24677,1
71,15475,25545,7758,Red_Inf_Squad,17,2,0,Shot At State (Pri),38,9,M109A6 155mm,Primary,1,28165,302,1
56,14731,25525,7944,Bradley_Infantry,13,1,0,Shot At State (Pri),2,1,Minefield,Primary,1,14829,25530,2
67,15738,25738,7964,Red_Inf_Squad,17,2,0,Shot At State (Pri),38,9,M109A6 155mm,Primary,1,28165,302,1
110,16281,25389,8002,Red_Milan,26,2,1,Shot At State (Pri),38,9,M109A6 155mm,Primary,1,28165,302,1
60,14766,25766,8043,Bradley_Infantry,13,1,0,Shot At State (Pri),4,1,Minefield,Primary,1,14858,25793,2
12,13795,24725,8248,Bradley_Infantry,5,1,0,Shot At State (Pri),94,20,Red_M120mm_mortar,Primary,1,10947,28845,2
72,15655,26192,8306,Red_Inf_Squad,17,2,0,Shot At State (Pri),54,13,Bradley_Infantry,Primary,1,14905,25985,1
54,14908,26070,8564,Bradley_Infantry,13,1,0,Shot At State (Pri),70,17,Red_Inf_Squad,Primary,1,15586,26154,2
70,15577,26150,8611,Red_Inf_Squad,17,2,0,Shot At State (Pri),36,7,M1A2 Abrams Sep,Primary,1,14778,25444,1
74,15655,25689,8694,Red_Inf_Squad,17,2,0,Shot At State (Pri),59,13,Bradley_Infantry,Primary,1,14921,26101,1
15,13778,24731,8967,Bradley_Infantry,5,1,0,Shot At State (Pri),94,20,Red_M120mm_mortar,Primary,1,10947,28845,2
64,13301,26271,9575,Red_Inf_Squad,17,2,1,Shot At State (Pri),43,11,Bradley_Infantry,Primary,1,14031,26371,1
69,13234,26327,9752,Red_Inf_Squad,17,2,1,Shot At State (Pri),38,9,M109A6 155mm,Primary,1,28165,302,1
108,14347,29824,9873,Red_Milan,26,2,0,Shot At State (Pri),38,9,M109A6 155mm,Primary,1,28165,302,1
10,13776,24722,10130,Bradley_Infantry,5,1,0,Shot At State (Pri),94,20,Red_M120mm_mortar,Primary,1,10947,28845,2
57,13734,24725,10263,Bradley_Infantry,13,1,0,Shot At State (Pri),94,20,Red_M120mm_mortar,Primary,1,10947,28845,2
109,14286,29881,10723,Red_Milan,26,2,0,Shot At State (Pri),38,9,M109A6 155mm,Primary,1,28165,302,1
107,15590,31636,10884,Red_AGS30_Squad,25,2,1,Shot At State (Pri),38,9,M109A6 155mm,Primary,1,28165,302,1
104,15110,32144,11018,Red_AGS30_Squad,25,2,0,Shot At State (Pri),36,7,M1A2 Abrams Sep,Primary,1,15216,30493,1
76,13676,30867,11145,Red_Inf_Squad,18,2,1,Shot At State (Pri),34,7,M1A2 Abrams Sep,Primary,1,15034,30800,1
106,15101,32157,11237,Red_AGS30_Squad,25,2,0,Shot At State (Pri),34,7,M1A2 Abrams Sep,Primary,1,15030,30813,1
81,14535,31282,11353,Red_Inf_Squad,18,2,0,Shot At State (Pri),36,7,M1A2 Abrams Sep,Primary,1,15181,30529,1
79,14506,31388,11431,Red_Inf_Squad,18,2,0,Shot At State (Sec),34,7,M1A2 Abrams Sep,Secondary,3,15018,30813,1
11,14382,24320,11473,Bradley_Infantry,5,1,0,Shot At State (Pri),94,20,Red_M120mm_mortar,Primary,1,10947,28845,2
88,13360,30917,11586,Red_Inf_Squad,18,2,1,Shot At State (Pri),34,7,M1A2 Abrams Sep,Primary,1,15014,30808,1
85,14582,31609,11789,Red_Inf_Squad,18,2,0,Shot At State (Pri),38,9,M109A6 155mm,Primary,1,28165,302,1
83,14635,31407,11823,Red_Inf_Squad,18,2,0,Shot At State (Sec),34,7,M1A2 Abrams Sep,Secondary,3,14979,30795,1
75,14629,31531,11850,Red_Inf_Squad,18,2,0,Shot At State (Pri),38,9,M109A6 155mm,Primary,1,28165,302,1
84,13176,30823,11881,Red_Inf_Squad,18,2,1,Shot At State (Pri),38,9,M109A6 155mm,Primary,1,28165,302,1
94,10947,28845,12150,Red_M120mm_mortar,20,2,0,Taken Shot State (Pri),8,3,AH64D_AttHeli,Primary,3,12375,24974,1
77,14629,31229,12301,Red_Inf_Squad,18,2,0,Shot At State (Sec),34,7,M1A2 Abrams Sep,Secondary,2,14766,31035,1
97,10232,28213,12750,Red_SA18,22,2,0,Shot At State (Pri),63,16,Bradley M2A3,Primary,3,13093,26263,1
# Run End
