# MANA Agent End State Results File
# Version: 5.01.04
# Machine Name: APGRNBRCG5RTKZK
# Run Started at 3/21/2013, 3:20:33 PM
RandSeed= -1167919919
ID,name,squad,subsquad,x,y,status,fuel,goalx,goaly,hits,state,trig_step,ammo1,ammo2,ammo3,ammo4,ammo5,ammo6
0,Minefield_agent,Minefield,0,15150.0,25529.0,Dead,1000,0,0,1,Default State,0,1, 0, 0, 0, 0, 0
1,Minefield_agent,Minefield,0,15046.0,25502.0,Dead,1000,0,0,1,Default State,0,1, 0, 0, 0, 0, 0
2,Minefield_agent,Minefield,0,14982.0,25481.0,Dead,1000,0,0,1,Default State,0,1, 0, 0, 0, 0, 0
3,Minefield_agent,Minefield,0,14891.0,25414.0,Dead,1000,0,0,1,Default State,0,1, 0, 0, 0, 0, 0
4,Minefield_agent,Minefield,0,14869.0,25694.0,Active,1000,0,0,0,Taken Shot State (Pri),10444,0, 0, 0, 0, 0, 0
5,Minefield_agent,Minefield,0,14922.0,25667.0,Active,1000,0,0,0,Taken Shot State (Pri),13071,0, 0, 0, 0, 0, 0
6,IED_agent,IED,0,15221.0,2952.0,Dead,1000,0,0,1,Default State,0,1, 0, 0, 0, 0, 0
7,AH64D_AttHel_agent,AH64D_AttHeli,0,6781.6,13897.6,Injured,4070,2419,2853,1,Default State,18000,1140,6,8, 0, 0, 0
8,AH64D_AttHel_agent,AH64D_AttHeli,0,11747.3,26546.6,Dead,67395,2419,2853,2,Injured State,4862,1172,0,10, 0, 0, 0
9,Bradley M2A3_agent,Bradley M2A3,0,13516.1,30763.1,Active,1000,15000,31569,0,Default State,21046,536,4192,0, 0, 0, 0
10,Bradley_Infa_agent,Bradley_Infantry,0,14967.3,31957.2,Dead,8600,13629,39556,1,Shot At State (Pri),19287,1194,1250,70,1, 0, 0
11,Bradley_Infa_agent,Bradley_Infantry,0,13516.1,30763.1,Active,8600,13629,39556,0,Default State,19674,1200,1250,70,0, 0, 0
12,Bradley_Infa_agent,Bradley_Infantry,0,14899.7,31832.4,Dead,8600,13629,39556,1,Shot At State (Pri),19285,1194,1250,70,0, 0, 0
13,Bradley_Infa_agent,Bradley_Infantry,0,13516.1,30763.1,Active,8600,13629,39556,0,Reach Dynamic Waypoint State,19766,1194,1250,70,1, 0, 0
14,Bradley_Infa_agent,Bradley_Infantry,0,14991.4,31985.1,Dead,8600,13629,39556,1,Shot At State (Pri),19570,1194,1250,70,1, 0, 0
15,Bradley_Infa_agent,Bradley_Infantry,0,15142.6,31927.8,Dead,8600,13629,39556,1,Shot At State (Pri),19655,1194,1250,70,1, 0, 0
16,Bradley_Infa_agent,Bradley_Infantry,0,15266.6,30284.6,Dead,8600,13629,39556,1,Shot At State (Pri),18103,1192,1250,70,0, 0, 0
17,Red_Inf_Squa_agent,Red_Inf_Squad,0,14366.0,3202.0,Dead,8600,0,0,1,Shot At State (Pri),335,2000,3500,20,1, 0, 0
18,Red_Inf_Squa_agent,Red_Inf_Squad,1,13573.1,3100.5,Dead,8600,0,0,1,Shot At State (Pri),585,1988,3500,20,1, 0, 0
19,Red_Inf_Squa_agent,Red_Inf_Squad,2,15540.6,3276.8,Dead,8600,0,0,1,Shot At State (Sec),230,1957,3500,20,1, 0, 0
20,Red_Inf_Squa_agent,Red_Inf_Squad,3,15611.8,2990.7,Dead,8600,0,0,1,Shot At State (Sec),190,1995,3500,20,1, 0, 0
21,Red_Inf_Squa_agent,Red_Inf_Squad,4,15581.7,3467.7,Dead,8600,0,0,1,Shot At State (Pri),256,1953,3500,20,1, 0, 0
22,Red_Inf_Squa_agent,Red_Inf_Squad,5,14909.2,3241.6,Dead,8600,0,0,1,Shot At State (Sec),196,1987,3500,20,1, 0, 0
23,Red_Inf_Squa_agent,Red_Inf_Squad,6,14896.0,3885.2,Dead,8600,0,0,1,Shot At State (Pri),337,1988,3500,20,1, 0, 0
24,Red_Inf_Squa_agent,Red_Inf_Squad,0,14475.7,3190.0,Dead,8600,0,0,1,Shot At State (Pri),295,1989,3500,20,1, 0, 0
25,Red_Inf_Squa_agent,Red_Inf_Squad,1,13857.1,3132.2,Dead,8600,0,0,1,Shot At State (Pri),409,2000,3500,20,1, 0, 0
26,Red_Inf_Squa_agent,Red_Inf_Squad,2,15545.0,3276.0,Dead,8600,0,0,1,Shot At State (Sec),214,1969,3500,20,1, 0, 0
27,Red_Inf_Squa_agent,Red_Inf_Squad,3,15733.3,3028.9,Dead,8600,0,0,1,Shot At State (Sec),226,1958,3496,18,0, 0, 0
28,Red_Inf_Squa_agent,Red_Inf_Squad,4,15668.6,3492.2,Dead,8600,0,0,1,Shot At State (Sec),239,1960,3500,20,1, 0, 0
29,Red_Inf_Squa_agent,Red_Inf_Squad,5,14909.1,3278.8,Dead,8600,0,0,1,Shot At State (Sec),193,1991,3500,20,1, 0, 0
30,Red_Inf_Squa_agent,Red_Inf_Squad,6,14971.3,3477.2,Dead,8600,0,0,1,Shot At State (Sec),241,1997,3500,20,1, 0, 0
31,Red_Inf_Squa_agent,Red_Inf_Squad,0,14723.1,3231.6,Dead,8600,0,0,1,Shot At State (Sec),220,1963,3500,20,1, 0, 0
32,Red_Inf_Squa_agent,Red_Inf_Squad,1,13702.0,3054.0,Dead,8600,0,0,1,Shot At State (Pri),261,2000,3500,20,1, 0, 0
33,M1A2 Abrams _agent,M1A2 Abrams Sep,0,13064.0,24723.5,Dead,1000,14798,24659,1,Squad Taken Shot State (Pri),7472,34,900,4400, 0, 0, 0
34,M1A2 Abrams _agent,M1A2 Abrams Sep,0,13630.0,39760.0,Active,1000,13629,39937,0,Default State,7972,16,896,4396, 0, 0, 0
35,M1A2 Abrams _agent,M1A2 Abrams Sep,0,12764.9,24735.4,Dead,1000,13871,21300,1,Squad Taken Shot State (Pri),7472,34,900,4400, 0, 0, 0
36,M1A2 Abrams _agent,M1A2 Abrams Sep,0,14829.4,25602.2,Dead,1000,15887,28273,1,Default State,7972,0,896,4398, 0, 0, 0
37,Company_HQ_agent,Company_HQ,0,28633.0,704.0,Active,999999,0,0,0,Default State,0, 0, 0, 0, 0, 0, 0
38,M109A6 155mm_agent,M109A6 155mm,0,28185.0,231.0,Active,1000,0,0,0,Default State,0,10,16, 0, 0, 0, 0
39,RQ11 Raven_agent,RQ11 Raven,0,7361.8,37928.7,Injured,469,24032,38542,2,Default State,16197, 0, 0, 0, 0, 0, 0
40,Bradley_Infa_agent,Bradley_Infantry,0,14559.8,32198.3,Active,8600,13548,39176,0,Reach Dynamic Waypoint State,20054,1194,1250,70,1, 0, 0
41,Bradley_Infa_agent,Bradley_Infantry,0,14314.6,32609.4,Active,8600,13548,39176,0,Reach Dynamic Waypoint State,19938,1198,1250,70,1, 0, 0
42,Bradley_Infa_agent,Bradley_Infantry,0,14124.2,32546.8,Active,8600,13548,39176,0,Reach Dynamic Waypoint State,19745,1198,1250,70,1, 0, 0
43,Bradley_Infa_agent,Bradley_Infantry,0,14089.1,32053.9,Active,8600,13548,39176,0,Reach Dynamic Waypoint State,19791,1200,1250,70,1, 0, 0
44,Bradley_Infa_agent,Bradley_Infantry,0,14457.5,31156.1,Dead,8600,13548,39176,1,Shot At State (Pri),19332,1198,1250,70,1, 0, 0
45,Bradley_Infa_agent,Bradley_Infantry,0,14433.5,32051.4,Active,8600,13548,39176,0,Reach Dynamic Waypoint State,19842,1198,1250,70,1, 0, 0
46,Bradley_Infa_agent,Bradley_Infantry,0,14697.2,31396.6,Active,8600,13548,39176,0,Reach Dynamic Waypoint State,20651,1196,1250,70,1, 0, 0
47,Bradley_Infa_agent,Bradley_Infantry,0,14966.8,25578.7,Dead,8600,13548,39176,1,Default State,6116,1200,1250,70,1, 0, 0
48,Bradley_Infa_agent,Bradley_Infantry,0,15631.0,2558.0,Dead,8600,13548,39176,1,Shot At State (Pri),206,1200,1250,70,1, 0, 0
49,Bradley_Infa_agent,Bradley_Infantry,0,14966.8,25578.7,Dead,8600,13548,39176,1,Default State,6116,1200,1250,70,1, 0, 0
50,Bradley_Infa_agent,Bradley_Infantry,0,14966.7,25578.7,Dead,8600,13548,39176,1,Default State,6116,1200,1250,70,1, 0, 0
51,Bradley_Infa_agent,Bradley_Infantry,0,14966.7,25578.7,Dead,8600,13548,39176,1,Default State,6116,1200,1250,70,1, 0, 0
52,Bradley_Infa_agent,Bradley_Infantry,0,14966.7,25578.7,Dead,8600,13548,39176,1,Default State,6116,1200,1250,70,1, 0, 0
53,Bradley_Infa_agent,Bradley_Infantry,0,14966.7,25578.7,Dead,8600,13548,39176,1,Default State,6116,1200,1250,70,1, 0, 0
54,Bradley_Infa_agent,Bradley_Infantry,0,15076.6,31527.5,Dead,8600,13548,39176,1,Shot At State (Pri),17947,1180,1250,70,1, 0, 0
55,Bradley_Infa_agent,Bradley_Infantry,0,14875.1,31608.4,Dead,8600,13548,39176,1,Shot At State (Pri),18198,1180,1250,70,1, 0, 0
56,Bradley_Infa_agent,Bradley_Infantry,0,13343.5,31603.9,Active,8600,13548,39176,0,Reach Dynamic Waypoint State,19673,1180,1250,70,1, 0, 0
57,Bradley_Infa_agent,Bradley_Infantry,0,13322.4,31260.2,Active,8600,13548,39176,0,Reach Dynamic Waypoint State,19777,1200,1250,70,1, 0, 0
58,Bradley_Infa_agent,Bradley_Infantry,0,13493.3,31080.3,Active,8600,13548,39176,0,Reach Dynamic Waypoint State,19891,1180,1250,70,1, 0, 0
59,Bradley_Infa_agent,Bradley_Infantry,0,13718.5,31227.1,Active,8600,13548,39176,0,Reach Dynamic Waypoint State,19845,1182,1250,70,1, 0, 0
60,Bradley_Infa_agent,Bradley_Infantry,0,13842.1,31208.6,Active,8600,13548,39176,0,Reach Dynamic Waypoint State,20000,1180,1250,70,1, 0, 0
61,Bradley M2A3_agent,Bradley M2A3,0,11349.0,29108.1,Active,1000,15000,31569,0,Shot At State (Pri),19206,778,4260,0, 0, 0, 0
62,Bradley M2A3_agent,Bradley M2A3,0,14966.7,25578.7,Dead,1000,15323,26434,1,Embussed Children,21125,886,4385,0, 0, 0, 0
63,Bradley M2A3_agent,Bradley M2A3,0,11325.2,29062.9,Active,1000,15000,31569,0,Shot At State (Pri),19210,888,4386,2, 0, 0, 0
64,Red_Inf_Squa_agent,Red_Inf_Squad,1,13145.4,26303.4,Dead,8600,0,0,1,Shot At State (Pri),7509,1998,3500,20,0, 0, 0
65,Red_Inf_Squa_agent,Red_Inf_Squad,1,14484.4,26128.6,Dead,8600,0,0,1,Shot At State (Sec),7257,1986,3500,20,0, 0, 0
66,Red_Inf_Squa_agent,Red_Inf_Squad,1,13728.0,26265.0,Dead,8600,0,0,1,Shot At State (Pri),4767,2000,3500,20,1, 0, 0
67,Red_Inf_Squa_agent,Red_Inf_Squad,1,13699.3,26160.2,Dead,8600,0,0,1,Shot At State (Sec),7336,2000,3500,20,0, 0, 0
68,Red_Inf_Squa_agent,Red_Inf_Squad,1,13491.6,26352.0,Dead,8600,0,0,1,Shot At State (Pri),5222,2000,3500,20,1, 0, 0
69,Red_Inf_Squa_agent,Red_Inf_Squad,1,13914.2,26325.5,Dead,8600,0,0,1,Shot At State (Sec),7369,2000,3500,20,0, 0, 0
70,Red_Inf_Squa_agent,Red_Inf_Squad,1,14937.0,26238.2,Dead,8600,0,0,1,Shot At State (Pri),5776,1989,3500,20,1, 0, 0
71,Red_Inf_Squa_agent,Red_Inf_Squad,1,13377.8,26134.1,Dead,8600,0,0,1,Shot At State (Sec),5799,2000,3500,20,1, 0, 0
72,Red_Inf_Squa_agent,Red_Inf_Squad,1,14310.1,26252.7,Dead,8600,0,0,1,Shot At State (Sec),7283,2000,3500,20,0, 0, 0
73,Red_Inf_Squa_agent,Red_Inf_Squad,0,15635.1,25266.5,Dead,8600,0,0,1,Shot At State (Sec),15721,1974,3500,20,0, 0, 0
74,Red_Inf_Squa_agent,Red_Inf_Squad,1,14266.0,26143.0,Dead,8600,0,0,1,Shot At State (Pri),4773,2000,3500,20,1, 0, 0
75,Red_Inf_Squa_agent,Red_Inf_Squad,0,14584.1,31329.6,Dead,8600,0,0,1,Shot At State (Pri),14448,2000,3500,20,1, 0, 0
76,Red_Inf_Squa_agent,Red_Inf_Squad,1,13272.1,30603.9,Dead,8600,0,0,1,Shot At State (Pri),9204,1841,3500,20,1, 0, 0
77,Red_Inf_Squa_agent,Red_Inf_Squad,0,14648.1,31098.4,Dead,8600,0,0,1,Shot At State (Pri),16983,2000,3500,20,0, 0, 0
78,Red_Inf_Squa_agent,Red_Inf_Squad,1,13343.9,30824.3,Dead,8600,0,0,1,Shot At State (Pri),8978,1971,3500,20,1, 0, 0
79,Red_Inf_Squa_agent,Red_Inf_Squad,0,14616.4,31320.7,Dead,8600,0,0,1,Shot At State (Sec),17265,2000,3500,20,0, 0, 0
80,Red_Inf_Squa_agent,Red_Inf_Squad,1,13850.4,30846.0,Dead,8600,0,0,1,Shot At State (Pri),18697,1933,3500,20,1, 0, 0
81,Red_Inf_Squa_agent,Red_Inf_Squad,0,14551.2,31229.7,Dead,8600,0,0,1,Shot At State (Pri),14859,2000,3500,20,1, 0, 0
82,Red_Inf_Squa_agent,Red_Inf_Squad,1,13546.6,30809.2,Dead,8600,0,0,1,Shot At State (Pri),8931,1963,3500,20,1, 0, 0
83,Red_Inf_Squa_agent,Red_Inf_Squad,0,14647.6,31136.0,Dead,8600,0,0,1,Shot At State (Pri),14913,2000,3500,20,1, 0, 0
84,Red_Inf_Squa_agent,Red_Inf_Squad,1,13623.7,30717.9,Dead,8600,0,0,1,Shot At State (Pri),8966,1903,3500,20,1, 0, 0
85,Red_Inf_Squa_agent,Red_Inf_Squad,0,14557.4,31071.6,Dead,8600,0,0,1,Shot At State (Pri),14557,2000,3500,20,1, 0, 0
86,Red_Inf_Squa_agent,Red_Inf_Squad,1,14064.4,30817.7,Dead,8600,0,0,1,Shot At State (Pri),8981,1971,3500,20,1, 0, 0
87,Red_Inf_Squa_agent,Red_Inf_Squad,0,14495.6,31486.7,Dead,8600,0,0,1,Shot At State (Pri),14448,2000,3500,20,1, 0, 0
88,Red_Inf_Squa_agent,Red_Inf_Squad,1,13528.6,30865.5,Dead,8600,0,0,1,Shot At State (Pri),9035,1973,3500,20,1, 0, 0
89,Red_Inf_Squa_agent,Red_Inf_Squad,0,14508.0,31675.0,Dead,8600,0,0,1,Shot At State (Pri),14183,2000,3500,20,1, 0, 0
90,Red_Inf_Squa_agent,Red_Inf_Squad,1,13256.4,30600.7,Dead,8600,0,0,1,Shot At State (Sec),19022,1870,3500,20,0, 0, 0
91,Red_60mm_mor_agent,Red_60mm_mortar,0,14013.0,3107.0,Dead,8600,0,0,1,Shot At State (Sec),365,44,500, 0, 0, 0, 0
92,Red_60mm_mor_agent,Red_60mm_mortar,0,14316.0,3150.0,Dead,8600,0,0,1,Shot At State (Sec),198,46,500, 0, 0, 0, 0
93,Red_60mm_mor_agent,Red_60mm_mortar,0,14326.0,3118.0,Dead,8600,0,0,1,Shot At State (Sec),189,46,500, 0, 0, 0, 0
94,Red_M120mm_m_agent,Red_M120mm_mortar,0,10961.0,28670.0,Dead,8600,0,0,1,Taken Shot State (Pri),6869,8,18, 0, 0, 0, 0
95,Red_Milan_agent,Red_Milan,0,12203.0,17501.0,Dead,8600,0,0,1,Shot At State (Pri),3385,2,3500, 0, 0, 0, 0
96,Red_Milan_agent,Red_Milan,0,12179.0,17557.0,Dead,8600,0,0,1,Shot At State (Pri),3418,2,3500, 0, 0, 0, 0
97,Red_SA18_agent,Red_SA18,0,10315.0,28261.0,Dead,8600,0,0,1,Shot At State (Sec),6872,1,3500, 0, 0, 0, 0
98,Red_SA18_agent,Red_SA18,0,10240.0,28048.0,Dead,8600,0,0,1,Shot At State (Sec),6927,2,3500, 0, 0, 0, 0
99,T-90M_agent,T-90M,0,11551.4,27934.2,Dead,1000,0,0,1,Squad Taken Shot State (Pri),5853,43,4400,0,300, 0, 0
100,T-90M_agent,T-90M,0,11590.9,28240.9,Dead,1000,0,0,1,Default State,7053,43,4400,0,300, 0, 0
101,T-90M_agent,T-90M,0,11573.8,28892.7,Dead,1000,0,0,1,Squad Taken Shot State (Pri),5853,43,4400,0,300, 0, 0
102,T-90M_agent,T-90M,0,11372.7,28410.6,Dead,1000,0,0,1,Squad Taken Shot State (Pri),5853,43,4400,0,300, 0, 0
103,RED_Company__agent,RED_Company_HQ,0,1694.0,38732.0,Active,999999,0,0,0,Default State,0, 0, 0, 0, 0, 0, 0
104,Red_AGS30_Sq_agent,Red_AGS30_Squad,0,15081.0,32177.0,Active,8600,89,101,0,Default State,0,21,748, 0, 0, 0, 0
105,Red_AGS30_Sq_agent,Red_AGS30_Squad,1,15234.0,31761.0,Active,8600,89,101,0,Default State,0,28,743, 0, 0, 0, 0
106,Red_AGS30_Sq_agent,Red_AGS30_Squad,0,15095.0,32058.0,Active,8600,89,101,0,Default State,0,22,747, 0, 0, 0, 0
107,Red_AGS30_Sq_agent,Red_AGS30_Squad,1,15545.0,31717.0,Active,8600,89,101,0,Default State,0,14,750, 0, 0, 0, 0
108,Red_Milan_agent,Red_Milan,0,14490.0,29837.0,Dead,8600,0,0,1,Shot At State (Pri),4792,2,250, 0, 0, 0, 0
109,Red_Milan_agent,Red_Milan,0,14430.0,29859.0,Dead,8600,0,0,1,Shot At State (Pri),6973,2,250, 0, 0, 0, 0
110,Red_Milan_agent,Red_Milan,1,15968.0,25371.0,Dead,8600,0,0,1,Shot At State (Pri),3615,2,250, 0, 0, 0, 0
111,Red_Milan_agent,Red_Milan,1,16123.0,25394.0,Dead,8600,0,0,1,Shot At State (Pri),4092,2,250, 0, 0, 0, 0
# Run End
