# MANA Casualty Location Results File
# Version: 5.01.04
# Machine Name: MAZZAS-PC
# Run Started at 3/21/2013, 5:30:49 PM
RandSeed= 979470554
ID,x-casualty,y-casualty,time,Cas Squad,Cas Squad ID,Cas alleg,subsquad,state,shooter ID,Squad ID,Sqd name,weapon class,weapon ID,x-shooter,y-shooter,shooter alleg
91
12,15111,2823,137,Bradley_Infantry,5,1,0,Shot At State (Pri),22,6,Red_Inf_Squad,Primary,4,14909,3371,2
15,15113,2824,137,Bradley_Infantry,5,1,0,Shot At State (Pri),22,6,Red_Inf_Squad,Primary,4,14909,3371,2
11,15112,2824,137,Bradley_Infantry,5,1,0,Shot At State (Pri),19,6,Red_Inf_Squad,Primary,1,15543,3277,2
27,15551,3019,141,Red_Inf_Squad,6,2,3,Shot At State (Sec),9,4,Bradley M2A3,Secondary,2,15069,2850,1
13,15111,2831,141,Bradley_Infantry,5,1,0,Shot At State (Pri),22,6,Red_Inf_Squad,Primary,1,14909,3371,2
24,14589,3192,143,Red_Inf_Squad,6,2,0,Shot At State (Pri),9,4,Bradley M2A3,Primary,1,15067,2866,1
29,14908,3170,146,Red_Inf_Squad,6,2,5,Shot At State (Sec),9,4,Bradley M2A3,Secondary,2,15067,2866,1
92,14296,3140,146,Red_60mm_mortar,19,2,0,Shot At State (Sec),9,4,Bradley M2A3,Secondary,2,15067,2866,1
31,14237,3201,150,Red_Inf_Squad,6,2,0,Shot At State (Sec),9,4,Bradley M2A3,Secondary,2,15070,2866,1
23,14955,3769,156,Red_Inf_Squad,6,2,6,Shot At State (Sec),9,4,Bradley M2A3,Secondary,2,15076,2877,1
6,15221,2952,159,IED,2,2,0,Default State,38,9,M109A6 155mm,Primary,2,27638,891,1
17,14683,3238,166,Red_Inf_Squad,6,2,0,Shot At State (Sec),9,4,Bradley M2A3,Secondary,2,15067,2897,1
19,15544,3275,179,Red_Inf_Squad,6,2,2,Shot At State (Sec),9,4,Bradley M2A3,Secondary,2,15026,2976,1
30,14916,3558,182,Red_Inf_Squad,6,2,6,Shot At State (Pri),9,4,Bradley M2A3,Primary,1,15026,2992,1
28,15979,3479,210,Red_Inf_Squad,6,2,4,Shot At State (Pri),8,3,AH64D_AttHeli,Primary,3,19477,1966,1
22,14910,3369,219,Red_Inf_Squad,6,2,5,Shot At State (Pri),38,9,M109A6 155mm,Primary,1,27638,891,1
93,14094,3114,223,Red_60mm_mortar,19,2,0,Shot At State (Pri),38,9,M109A6 155mm,Primary,1,27638,891,1
21,15775,3542,230,Red_Inf_Squad,6,2,4,Shot At State (Sec),9,4,Bradley M2A3,Secondary,2,14994,3065,1
26,15541,3275,252,Red_Inf_Squad,6,2,2,Shot At State (Sec),61,14,Bradley M2A3,Secondary,2,15880,2610,1
20,15932,3022,256,Red_Inf_Squad,6,2,3,Shot At State (Sec),61,14,Bradley M2A3,Secondary,2,15874,2656,1
91,14211,3099,400,Red_60mm_mortar,19,2,0,Shot At State (Sec),9,4,Bradley M2A3,Secondary,2,14814,3191,1
25,13840,3052,514,Red_Inf_Squad,6,2,1,Shot At State (Pri),62,15,Bradley M2A3,Primary,3,14888,3012,1
32,13863,3045,538,Red_Inf_Squad,6,2,1,Shot At State (Pri),7,3,AH64D_AttHeli,Primary,2,15061,2462,1
18,13442,3132,562,Red_Inf_Squad,6,2,1,Shot At State (Pri),8,3,AH64D_AttHeli,Primary,2,17083,2124,1
2,15191,25411,2526,Minefield,1,2,0,Default State,38,9,M109A6 155mm,Primary,2,27638,891,1
101,10819,32900,2897,T-90M,23,2,0,Default State,38,9,M109A6 155mm,Primary,2,27638,891,1
5,14939,25728,3225,Minefield,1,2,0,Default State,8,3,AH64D_AttHeli,Primary,2,12956,22632,1
3,14994,25627,3276,Minefield,1,2,0,Default State,7,3,AH64D_AttHeli,Primary,2,12608,24909,1
1,15127,25742,3278,Minefield,1,2,0,Default State,8,3,AH64D_AttHeli,Primary,2,12895,23034,1
4,15123,25769,3278,Minefield,1,2,0,Default State,8,3,AH64D_AttHeli,Primary,2,12895,23034,1
99,11315,32355,3315,T-90M,23,2,0,Default State,7,3,AH64D_AttHeli,Primary,2,12573,25200,1
0,15024,25588,3342,Minefield,1,2,0,Default State,7,3,AH64D_AttHeli,Primary,3,12425,25261,1
102,11215,32331,3375,T-90M,23,2,0,Default State,7,3,AH64D_AttHeli,Primary,2,12473,25513,1
110,16182,25375,3466,Red_Milan,26,2,1,Shot At State (Pri),8,3,AH64D_AttHeli,Primary,2,12422,25192,1
100,11556,31637,3470,T-90M,23,2,0,Default State,8,3,AH64D_AttHeli,Primary,2,12430,25221,1
90,14187,30941,3521,Red_Inf_Squad,18,2,1,Shot At State (Pri),8,3,AH64D_AttHeli,Primary,2,12160,25466,1
69,13302,26179,3523,Red_Inf_Squad,17,2,1,Shot At State (Pri),8,3,AH64D_AttHeli,Primary,2,12161,25481,1
40,13661,17671,3606,Bradley_Infantry,11,1,0,Shot At State (Pri),95,21,Red_Milan,Primary,1,12195,17622,2
41,13661,17671,3606,Bradley_Infantry,11,1,0,Shot At State (Pri),95,21,Red_Milan,Primary,1,12195,17622,2
42,13661,17671,3606,Bradley_Infantry,11,1,0,Shot At State (Pri),95,21,Red_Milan,Primary,1,12195,17622,2
43,13661,17671,3606,Bradley_Infantry,11,1,0,Shot At State (Pri),95,21,Red_Milan,Primary,1,12195,17622,2
44,13661,17671,3606,Bradley_Infantry,11,1,0,Shot At State (Pri),95,21,Red_Milan,Primary,1,12195,17622,2
45,13661,17671,3606,Bradley_Infantry,11,1,0,Shot At State (Pri),95,21,Red_Milan,Primary,1,12195,17622,2
46,13661,17671,3606,Bradley_Infantry,11,1,0,Shot At State (Pri),95,21,Red_Milan,Primary,1,12195,17622,2
61,13661,17671,3606,Bradley M2A3,14,1,0,Shot At State (Pri),95,21,Red_Milan,Primary,1,12195,17622,2
10,13447,17538,3610,Bradley_Infantry,5,1,0,Shot At State (Pri),95,21,Red_Milan,Primary,1,12195,17622,2
14,13447,17538,3610,Bradley_Infantry,5,1,0,Shot At State (Pri),95,21,Red_Milan,Primary,1,12195,17622,2
16,13447,17538,3610,Bradley_Infantry,5,1,0,Shot At State (Pri),95,21,Red_Milan,Primary,1,12195,17622,2
9,13447,17538,3610,Bradley M2A3,4,1,0,Shot At State (Pri),95,21,Red_Milan,Primary,1,12195,17622,2
108,14187,29901,3655,Red_Milan,26,2,0,Shot At State (Pri),8,3,AH64D_AttHeli,Primary,3,11839,26866,1
109,14144,29835,3696,Red_Milan,26,2,0,Shot At State (Pri),8,3,AH64D_AttHeli,Primary,3,12976,25089,1
97,10141,27911,3704,Red_SA18,22,2,0,Shot At State (Pri),38,9,M109A6 155mm,Primary,1,27638,891,1
111,16321,25360,3724,Red_Milan,26,2,1,Shot At State (Pri),8,3,AH64D_AttHeli,Primary,2,13753,23876,1
96,12539,17577,3890,Red_Milan,21,2,0,Shot At State (Pri),33,7,M1A2 Abrams Sep,Primary,1,13563,17517,1
95,12195,17622,4089,Red_Milan,21,2,0,Shot At State (Pri),38,9,M109A6 155mm,Primary,1,27638,891,1
70,14699,26210,4908,Red_Inf_Squad,17,2,1,Shot At State (Pri),38,9,M109A6 155mm,Primary,1,27638,891,1
50,14356,23361,4918,Bradley_Infantry,12,1,0,Shot At State (Pri),94,20,Red_M120mm_mortar,Primary,1,11009,28733,2
66,14821,26167,5008,Red_Inf_Squad,17,2,1,Shot At State (Pri),38,9,M109A6 155mm,Primary,1,27638,891,1
72,14207,26334,6084,Red_Inf_Squad,17,2,1,Shot At State (Sec),34,7,M1A2 Abrams Sep,Secondary,3,14827,25807,1
71,14427,26038,6106,Red_Inf_Squad,17,2,1,Shot At State (Pri),36,7,M1A2 Abrams Sep,Primary,1,14588,25204,1
80,13196,30933,6129,Red_Inf_Squad,18,2,1,Shot At State (Pri),38,9,M109A6 155mm,Primary,1,27638,891,1
78,13325,30828,6142,Red_Inf_Squad,18,2,1,Shot At State (Pri),38,9,M109A6 155mm,Primary,1,27638,891,1
67,14009,26290,6226,Red_Inf_Squad,17,2,1,Shot At State (Pri),38,9,M109A6 155mm,Primary,1,27638,891,1
64,15670,25965,6475,Red_Inf_Squad,17,2,0,Shot At State (Sec),34,7,M1A2 Abrams Sep,Secondary,3,14791,25812,1
68,15556,25977,7205,Red_Inf_Squad,17,2,0,Shot At State (Sec),34,7,M1A2 Abrams Sep,Secondary,3,15166,26207,1
73,14886,26252,8335,Red_Inf_Squad,17,2,1,Shot At State (Sec),33,7,M1A2 Abrams Sep,Secondary,3,15427,26695,1
94,11009,28733,9013,Red_M120mm_mortar,20,2,0,Taken Shot State (Pri),38,9,M109A6 155mm,Primary,1,27638,891,1
87,14554,31184,9693,Red_Inf_Squad,18,2,0,Shot At State (Sec),34,7,M1A2 Abrams Sep,Secondary,3,15222,30693,1
105,15125,31626,9695,Red_AGS30_Squad,25,2,1,Shot At State (Sec),34,7,M1A2 Abrams Sep,Secondary,3,15207,30719,1
79,14616,31330,9733,Red_Inf_Squad,18,2,0,Shot At State (Pri),38,9,M109A6 155mm,Primary,1,27638,891,1
107,15080,31674,9746,Red_AGS30_Squad,25,2,1,Shot At State (Sec),36,7,M1A2 Abrams Sep,Secondary,3,15173,30734,1
85,14578,31529,9751,Red_Inf_Squad,18,2,0,Shot At State (Sec),34,7,M1A2 Abrams Sep,Secondary,3,14929,31520,1
104,15103,32127,9806,Red_AGS30_Squad,25,2,0,Shot At State (Sec),36,7,M1A2 Abrams Sep,Secondary,3,14855,31573,1
81,14501,31608,9808,Red_Inf_Squad,18,2,0,Shot At State (Sec),33,7,M1A2 Abrams Sep,Secondary,3,14893,31443,1
88,14270,30991,9835,Red_Inf_Squad,18,2,1,Shot At State (Sec),36,7,M1A2 Abrams Sep,Secondary,3,14806,31706,1
83,14533,31582,9842,Red_Inf_Squad,18,2,0,Shot At State (Sec),35,7,M1A2 Abrams Sep,Secondary,3,14820,31501,1
75,14579,31464,9885,Red_Inf_Squad,18,2,0,Shot At State (Sec),33,7,M1A2 Abrams Sep,Secondary,3,14780,31693,1
89,14616,31486,9915,Red_Inf_Squad,18,2,0,Shot At State (Sec),35,7,M1A2 Abrams Sep,Secondary,3,14760,31674,1
77,14635,31399,9920,Red_Inf_Squad,18,2,0,Shot At State (Sec),62,15,Bradley M2A3,Secondary,2,15132,30687,1
48,14844,31986,10059,Bradley_Infantry,12,1,0,Shot At State (Pri),106,25,Red_AGS30_Squad,Primary,1,15101,32361,2
47,14839,31994,10110,Bradley_Infantry,12,1,0,Shot At State (Pri),106,25,Red_AGS30_Squad,Primary,1,15101,32361,2
51,14840,31984,10124,Bradley_Infantry,12,1,0,Shot At State (Pri),106,25,Red_AGS30_Squad,Primary,2,15101,32361,2
53,14858,31988,10245,Bradley_Infantry,12,1,0,Shot At State (Pri),106,25,Red_AGS30_Squad,Primary,1,15101,32361,2
49,14851,31979,10245,Bradley_Infantry,12,1,0,Shot At State (Pri),106,25,Red_AGS30_Squad,Primary,1,15101,32361,2
84,13998,30951,10448,Red_Inf_Squad,18,2,1,Shot At State (Sec),62,15,Bradley M2A3,Secondary,2,13945,31372,1
86,13745,30934,10543,Red_Inf_Squad,18,2,1,Shot At State (Sec),62,15,Bradley M2A3,Secondary,2,13675,31153,1
76,13568,30804,10549,Red_Inf_Squad,18,2,1,Shot At State (Sec),62,15,Bradley M2A3,Secondary,2,13675,31153,1
82,13325,30792,10608,Red_Inf_Squad,18,2,1,Shot At State (Sec),62,15,Bradley M2A3,Secondary,2,13655,31136,1
58,14649,32417,10851,Bradley_Infantry,13,1,0,Shot At State (Pri),106,25,Red_AGS30_Squad,Primary,1,15101,32361,2
8,14695,32115,10880,AH64D_AttHeli,3,1,0,Shot At State (Pri),106,25,Red_AGS30_Squad,Primary,1,15101,32361,2
7,14614,31962,10886,AH64D_AttHeli,3,1,0,Shot At State (Pri),106,25,Red_AGS30_Squad,Primary,1,15101,32361,2
# Run End
