# MANA Casualty Location Results File
# Version: 5.01.04
# Machine Name: MAZZAS-PC
# Run Started at 3/21/2013, 6:09:43 PM
RandSeed= -1906798720
ID,x-casualty,y-casualty,time,Cas Squad,Cas Squad ID,Cas alleg,subsquad,state,shooter ID,Squad ID,Sqd name,weapon class,weapon ID,x-shooter,y-shooter,shooter alleg
99
93,14131,3065,112,Red_60mm_mortar,19,2,0,Shot At State (Pri),34,7,M1A2 Abrams Sep,Primary,1,15157,1537,1
20,15698,3007,123,Red_Inf_Squad,6,2,3,Shot At State (Sec),35,7,M1A2 Abrams Sep,Secondary,2,15242,1777,1
6,15221,2952,153,IED,2,2,0,Default State,42,11,Bradley_Infantry,Primary,4,15221,2457,1
29,14962,3211,159,Red_Inf_Squad,6,2,5,Shot At State (Sec),61,14,Bradley M2A3,Secondary,2,15278,2423,1
31,14608,3155,173,Red_Inf_Squad,6,2,0,Shot At State (Sec),62,15,Bradley M2A3,Secondary,2,15179,2422,1
27,15933,2999,175,Red_Inf_Squad,6,2,3,Shot At State (Sec),61,14,Bradley M2A3,Secondary,2,15258,2444,1
91,14255,3113,176,Red_60mm_mortar,19,2,0,Shot At State (Pri),46,11,Bradley_Infantry,Primary,1,15212,2490,1
24,14575,3224,185,Red_Inf_Squad,6,2,0,Shot At State (Sec),62,15,Bradley M2A3,Secondary,2,15178,2437,1
32,13956,3021,191,Red_Inf_Squad,6,2,1,Shot At State (Pri),38,9,M109A6 155mm,Primary,1,27583,186,1
26,15544,3279,197,Red_Inf_Squad,6,2,2,Shot At State (Sec),62,15,Bradley M2A3,Secondary,2,15193,2462,1
22,14898,3315,198,Red_Inf_Squad,6,2,5,Shot At State (Sec),62,15,Bradley M2A3,Secondary,2,15194,2461,1
28,15794,3475,214,Red_Inf_Squad,6,2,4,Shot At State (Sec),61,14,Bradley M2A3,Secondary,2,15356,2684,1
30,14913,3742,230,Red_Inf_Squad,6,2,6,Shot At State (Pri),35,7,M1A2 Abrams Sep,Primary,1,15328,1892,1
19,15543,3276,237,Red_Inf_Squad,6,2,2,Shot At State (Pri),62,15,Bradley M2A3,Primary,1,15302,2595,1
23,14894,3750,267,Red_Inf_Squad,6,2,6,Shot At State (Sec),61,14,Bradley M2A3,Secondary,2,15391,2857,1
21,15799,3507,310,Red_Inf_Squad,6,2,4,Shot At State (Pri),51,12,Bradley_Infantry,Primary,1,15552,3013,1
17,14342,3172,386,Red_Inf_Squad,6,2,0,Shot At State (Pri),44,11,Bradley_Infantry,Primary,4,15035,2882,1
92,14038,3126,497,Red_60mm_mortar,19,2,0,Shot At State (Pri),45,11,Bradley_Infantry,Primary,1,14720,3023,1
18,13906,3068,578,Red_Inf_Squad,6,2,1,Shot At State (Pri),8,3,AH64D_AttHeli,Primary,1,14975,2772,1
25,13874,3122,597,Red_Inf_Squad,6,2,1,Shot At State (Pri),7,3,AH64D_AttHeli,Primary,2,14835,2939,1
2,15056,25564,3204,Minefield,1,2,0,Default State,38,9,M109A6 155mm,Primary,2,27583,186,1
0,15182,25539,3376,Minefield,1,2,0,Default State,38,9,M109A6 155mm,Primary,2,27583,186,1
95,12446,17538,3865,Red_Milan,21,2,0,Shot At State (Sec),61,14,Bradley M2A3,Secondary,2,13590,17094,1
36,13422,16502,3873,M1A2 Abrams Sep,7,1,0,Squad Taken Shot State (Pri),96,21,Red_Milan,Primary,1,12286,17619,2
96,12286,17619,3961,Red_Milan,21,2,0,Shot At State (Pri),7,3,AH64D_AttHeli,Primary,2,13145,16557,1
4,14969,25617,4099,Minefield,1,2,0,Default State,38,9,M109A6 155mm,Primary,2,27583,186,1
78,14279,30856,4192,Red_Inf_Squad,18,2,1,Shot At State (Pri),38,9,M109A6 155mm,Primary,1,27583,186,1
90,13894,30864,4193,Red_Inf_Squad,18,2,1,Shot At State (Pri),38,9,M109A6 155mm,Primary,1,27583,186,1
75,14568,30976,4363,Red_Inf_Squad,18,2,0,Shot At State (Pri),8,3,AH64D_AttHeli,Primary,2,13887,24253,1
111,16186,25370,4627,Red_Milan,26,2,1,Shot At State (Pri),7,3,AH64D_AttHeli,Primary,3,13083,22733,1
102,11504,29172,4713,T-90M,23,2,0,Default State,7,3,AH64D_AttHeli,Primary,2,12984,23389,1
101,11546,29113,4769,T-90M,23,2,0,Squad Taken Shot State (Pri),7,3,AH64D_AttHeli,Primary,2,12916,23816,1
61,14283,25364,4784,Bradley M2A3,14,1,0,Shot At State (Pri),110,26,Red_Milan,Primary,1,16230,25349,2
40,14276,25359,4784,Bradley_Infantry,11,1,0,Shot At State (Pri),110,26,Red_Milan,Primary,1,16230,25349,2
41,14278,25353,4784,Bradley_Infantry,11,1,0,Shot At State (Pri),110,26,Red_Milan,Primary,1,16230,25349,2
42,14268,25359,4784,Bradley_Infantry,11,1,0,Shot At State (Pri),110,26,Red_Milan,Primary,1,16230,25349,2
43,14270,25354,4784,Bradley_Infantry,11,1,0,Shot At State (Pri),110,26,Red_Milan,Primary,1,16230,25349,2
44,14275,25350,4784,Bradley_Infantry,11,1,0,Shot At State (Pri),110,26,Red_Milan,Primary,1,16230,25349,2
45,14273,25359,4784,Bradley_Infantry,11,1,0,Shot At State (Pri),110,26,Red_Milan,Primary,1,16230,25349,2
46,14271,25351,4784,Bradley_Infantry,11,1,0,Shot At State (Pri),110,26,Red_Milan,Primary,1,16230,25349,2
99,12027,28838,4800,T-90M,23,2,0,Squad Taken Shot State (Pri),7,3,AH64D_AttHeli,Primary,2,12883,24053,1
110,16230,25349,4854,Red_Milan,26,2,1,Shot At State (Pri),62,15,Bradley M2A3,Primary,3,14542,25382,1
47,14556,25462,4862,Bradley_Infantry,12,1,0,Shot At State (Pri),100,23,T-90M,Primary,3,12013,29537,2
48,14556,25462,4862,Bradley_Infantry,12,1,0,Shot At State (Pri),100,23,T-90M,Primary,3,12013,29537,2
49,14556,25462,4862,Bradley_Infantry,12,1,0,Shot At State (Pri),100,23,T-90M,Primary,3,12013,29537,2
50,14556,25462,4862,Bradley_Infantry,12,1,0,Shot At State (Pri),100,23,T-90M,Primary,3,12013,29537,2
51,14556,25462,4862,Bradley_Infantry,12,1,0,Shot At State (Pri),100,23,T-90M,Primary,3,12013,29537,2
52,14556,25462,4862,Bradley_Infantry,12,1,0,Shot At State (Pri),100,23,T-90M,Primary,3,12013,29537,2
53,14556,25462,4862,Bradley_Infantry,12,1,0,Shot At State (Pri),100,23,T-90M,Primary,3,12013,29537,2
62,14556,25462,4862,Bradley M2A3,15,1,0,Shot At State (Pri),100,23,T-90M,Primary,3,12013,29537,2
63,14568,25437,4886,Bradley M2A3,16,1,0,Shot At State (Pri),100,23,T-90M,Primary,3,12016,29524,2
55,14571,25443,4886,Bradley_Infantry,13,1,0,Shot At State (Pri),100,23,T-90M,Primary,3,12016,29524,2
56,14564,25443,4886,Bradley_Infantry,13,1,0,Shot At State (Pri),100,23,T-90M,Primary,3,12016,29524,2
57,14565,25441,4886,Bradley_Infantry,13,1,0,Shot At State (Pri),100,23,T-90M,Primary,3,12016,29524,2
58,14526,25473,4923,Bradley_Infantry,13,1,0,Shot At State (Pri),73,17,Red_Inf_Squad,Primary,1,14543,26221,2
54,14505,25487,4954,Bradley_Infantry,13,1,0,Shot At State (Pri),94,20,Red_M120mm_mortar,Primary,1,10968,28811,2
65,13247,26294,4977,Red_Inf_Squad,17,2,1,Shot At State (Pri),7,3,AH64D_AttHeli,Primary,3,12677,25266,1
71,13218,26321,5011,Red_Inf_Squad,17,2,1,Shot At State (Sec),9,4,Bradley M2A3,Secondary,2,13218,25223,1
7,12658,25521,5018,AH64D_AttHeli,3,1,0,Injured State,100,23,T-90M,Primary,1,12019,29452,2
74,14927,26185,5051,Red_Inf_Squad,17,2,1,Shot At State (Pri),33,7,M1A2 Abrams Sep,Primary,1,14016,24730,1
66,14176,26306,5059,Red_Inf_Squad,17,2,1,Shot At State (Pri),9,4,Bradley M2A3,Primary,3,13177,25374,1
73,14522,26208,5092,Red_Inf_Squad,17,2,1,Shot At State (Pri),60,13,Bradley_Infantry,Primary,1,14425,25477,1
68,14175,26131,5375,Red_Inf_Squad,17,2,1,Shot At State (Sec),9,4,Bradley M2A3,Secondary,2,12946,26217,1
59,14607,25462,5577,Bradley_Infantry,13,1,0,Shot At State (Pri),69,17,Red_Inf_Squad,Primary,1,14955,26141,2
60,14537,25472,5809,Bradley_Infantry,13,1,0,Shot At State (Pri),100,23,T-90M,Primary,1,12470,27943,2
16,13668,24859,6096,Bradley_Infantry,5,1,0,Shot At State (Pri),100,23,T-90M,Primary,1,12497,27671,2
108,14443,29874,6142,Red_Milan,26,2,0,Shot At State (Pri),38,9,M109A6 155mm,Primary,1,27583,186,1
109,14483,29840,6162,Red_Milan,26,2,0,Shot At State (Pri),38,9,M109A6 155mm,Primary,1,27583,186,1
100,12272,27315,7046,T-90M,23,2,0,Squad Taken Shot State (Pri),8,3,AH64D_AttHeli,Primary,2,13934,22850,1
98,9965,28358,7160,Red_SA18,22,2,0,Shot At State (Pri),8,3,AH64D_AttHeli,Primary,2,13743,23278,1
15,12680,26586,7729,Bradley_Infantry,5,1,0,Shot At State (Pri),94,20,Red_M120mm_mortar,Primary,1,10968,28811,2
94,10968,28811,7821,Red_M120mm_mortar,20,2,0,Taken Shot State (Pri),8,3,AH64D_AttHeli,Primary,2,13845,24873,1
33,14770,25407,8011,M1A2 Abrams Sep,7,1,0,Default State,1,1,Minefield,Primary,1,14833,25477,2
69,14843,26085,8089,Red_Inf_Squad,17,2,1,Shot At State (Sec),34,7,M1A2 Abrams Sep,Secondary,3,14793,25227,1
34,14927,25441,8654,M1A2 Abrams Sep,7,1,0,Default State,3,1,Minefield,Primary,1,14855,25510,2
35,14797,25684,9042,M1A2 Abrams Sep,7,1,0,Default State,5,1,Minefield,Primary,1,14876,25745,2
10,15262,25732,9512,Bradley_Infantry,5,1,0,Shot At State (Pri),70,17,Red_Inf_Squad,Primary,2,15493,25650,2
14,15242,25739,9518,Bradley_Infantry,5,1,0,Shot At State (Pri),70,17,Red_Inf_Squad,Primary,2,15492,25650,2
11,15250,25720,9520,Bradley_Infantry,5,1,0,Shot At State (Pri),70,17,Red_Inf_Squad,Primary,1,15492,25650,2
67,15752,25853,9520,Red_Inf_Squad,17,2,0,Shot At State (Sec),9,4,Bradley M2A3,Secondary,2,15247,25646,1
64,15710,26114,9521,Red_Inf_Squad,17,2,0,Shot At State (Sec),9,4,Bradley M2A3,Secondary,2,15245,25645,1
70,15491,25649,9524,Red_Inf_Squad,17,2,0,Shot At State (Sec),9,4,Bradley M2A3,Secondary,2,15238,25640,1
72,15620,25511,9556,Red_Inf_Squad,17,2,0,Shot At State (Sec),9,4,Bradley M2A3,Secondary,2,15197,25610,1
83,14612,31742,12505,Red_Inf_Squad,18,2,0,Shot At State (Pri),38,9,M109A6 155mm,Primary,1,27583,186,1
107,15120,31669,12554,Red_AGS30_Squad,25,2,1,Shot At State (Pri),38,9,M109A6 155mm,Primary,1,27583,186,1
77,14559,31346,12792,Red_Inf_Squad,18,2,0,Shot At State (Pri),38,9,M109A6 155mm,Primary,1,27583,186,1
79,14518,31588,12799,Red_Inf_Squad,18,2,0,Shot At State (Pri),38,9,M109A6 155mm,Primary,1,27583,186,1
87,14594,31665,12799,Red_Inf_Squad,18,2,0,Shot At State (Pri),38,9,M109A6 155mm,Primary,1,27583,186,1
106,15106,32171,13001,Red_AGS30_Squad,25,2,0,Shot At State (Pri),38,9,M109A6 155mm,Primary,1,27583,186,1
86,14130,30832,13178,Red_Inf_Squad,18,2,1,Shot At State (Pri),38,9,M109A6 155mm,Primary,1,27583,186,1
80,14018,30874,13192,Red_Inf_Squad,18,2,1,Shot At State (Pri),38,9,M109A6 155mm,Primary,1,27583,186,1
84,13799,30862,13223,Red_Inf_Squad,18,2,1,Shot At State (Sec),9,4,Bradley M2A3,Secondary,2,13453,29630,1
13,14643,30927,13345,Bradley_Infantry,5,1,0,Shot At State (Pri),85,18,Red_Inf_Squad,Primary,2,14653,31144,2
12,14902,30937,13395,Bradley_Infantry,5,1,0,Shot At State (Pri),81,18,Red_Inf_Squad,Primary,1,14613,31044,2
88,13731,30721,13491,Red_Inf_Squad,18,2,1,Shot At State (Sec),9,4,Bradley M2A3,Secondary,2,13166,29606,1
76,13550,30815,14979,Red_Inf_Squad,18,2,1,Shot At State (Sec),9,4,Bradley M2A3,Secondary,2,13193,30333,1
82,13227,30928,17836,Red_Inf_Squad,18,2,1,Shot At State (Sec),9,4,Bradley M2A3,Secondary,2,13434,30504,1
104,15096,32270,18025,Red_AGS30_Squad,25,2,0,Shot At State (Pri),38,9,M109A6 155mm,Primary,1,27583,186,1
8,11397,23623,23190,AH64D_AttHeli,3,1,0,Shot At State (Pri),97,22,Red_SA18,Primary,1,10339,27818,2
# Run End
