# MANA Agent End State Results File
# Version: 5.01.04
# Machine Name: MAZZAS-PC
# Run Started at 3/21/2013, 6:24:16 PM
RandSeed= -320239481
ID,name,squad,subsquad,x,y,status,fuel,goalx,goaly,hits,state,trig_step,ammo1,ammo2,ammo3,ammo4,ammo5,ammo6
0,Minefield_agent,Minefield,0,15027.0,25510.0,Dead,1000,0,0,1,Default State,0,1, 0, 0, 0, 0, 0
1,Minefield_agent,Minefield,0,15205.0,25534.0,Dead,1000,0,0,1,Default State,0,1, 0, 0, 0, 0, 0
2,Minefield_agent,Minefield,0,15139.0,25733.0,Dead,1000,0,0,1,Default State,0,1, 0, 0, 0, 0, 0
3,Minefield_agent,Minefield,0,15115.0,25452.0,Dead,1000,0,0,1,Default State,0,1, 0, 0, 0, 0, 0
4,Minefield_agent,Minefield,0,15136.0,25543.0,Dead,1000,0,0,1,Default State,0,1, 0, 0, 0, 0, 0
5,Minefield_agent,Minefield,0,15069.0,25663.0,Dead,1000,0,0,1,Default State,0,1, 0, 0, 0, 0, 0
6,IED_agent,IED,0,15221.0,2952.0,Dead,1000,0,0,1,Default State,0,1, 0, 0, 0, 0, 0
7,AH64D_AttHel_agent,AH64D_AttHeli,0,17745.9,20435.6,Injured,836,2419,2853,1,Fuel Out State,16200,1192,7,22, 0, 0, 0
8,AH64D_AttHel_agent,AH64D_AttHeli,0,11978.4,32882.8,Dead,836,2419,2853,2,Fuel Out State,16200,1146,7,20, 0, 0, 0
9,Bradley M2A3_agent,Bradley M2A3,0,12741.5,24767.5,Dead,1000,13790,21109,1,Dembuss Child,16409,898,4400,6, 0, 0, 0
10,Bradley_Infa_agent,Bradley_Infantry,0,13495.2,32179.0,Active,8600,13629,39556,0,Reach Dynamic Waypoint State,4926,1200,1250,70,1, 0, 0
11,Bradley_Infa_agent,Bradley_Infantry,0,13368.7,30987.5,Active,8600,13629,39556,0,Reach Dynamic Waypoint State,5373,1200,1250,70,1, 0, 0
12,Bradley_Infa_agent,Bradley_Infantry,0,13327.3,30410.8,Active,8600,13629,39556,0,Reach Dynamic Waypoint State,5580,1200,1250,70,1, 0, 0
13,Bradley_Infa_agent,Bradley_Infantry,0,13409.5,30437.5,Active,8600,13629,39556,0,Reach Dynamic Waypoint State,5738,1200,1250,70,1, 0, 0
14,Bradley_Infa_agent,Bradley_Infantry,0,13545.5,31243.7,Active,8600,13629,39556,0,Reach Dynamic Waypoint State,5749,1200,1250,70,1, 0, 0
15,Bradley_Infa_agent,Bradley_Infantry,0,13610.6,31350.6,Active,8600,13629,39556,0,Reach Dynamic Waypoint State,5629,1200,1250,70,1, 0, 0
16,Bradley_Infa_agent,Bradley_Infantry,0,13574.8,31600.7,Active,8600,13629,39556,0,Reach Dynamic Waypoint State,5411,1200,1250,70,1, 0, 0
17,Red_Inf_Squa_agent,Red_Inf_Squad,0,14166.0,3194.0,Dead,8600,0,0,1,Shot At State (Pri),229,2000,3500,20,1, 0, 0
18,Red_Inf_Squa_agent,Red_Inf_Squad,1,13837.0,3114.0,Dead,8600,0,0,1,Shot At State (Pri),211,2000,3500,20,1, 0, 0
19,Red_Inf_Squa_agent,Red_Inf_Squad,2,15543.9,3275.0,Dead,8600,0,0,1,Shot At State (Sec),253,1972,3488,20,0, 0, 0
20,Red_Inf_Squa_agent,Red_Inf_Squad,3,15726.3,2983.9,Dead,8600,0,0,1,Shot At State (Sec),231,2000,3497,20,0, 0, 0
21,Red_Inf_Squa_agent,Red_Inf_Squad,4,15809.8,3465.5,Dead,8600,0,0,1,Shot At State (Pri),435,1991,3500,20,0, 0, 0
22,Red_Inf_Squa_agent,Red_Inf_Squad,5,14931.0,3187.0,Dead,8600,0,0,1,Shot At State (Pri),255,2000,3500,20,0, 0, 0
23,Red_Inf_Squa_agent,Red_Inf_Squad,6,14961.6,3563.8,Dead,8600,0,0,1,Shot At State (Sec),430,1995,3500,20,1, 0, 0
24,Red_Inf_Squa_agent,Red_Inf_Squad,0,14168.0,3184.0,Dead,8600,0,0,1,Shot At State (Pri),307,2000,3500,20,1, 0, 0
25,Red_Inf_Squa_agent,Red_Inf_Squad,1,14114.0,3017.0,Dead,8600,0,0,1,Shot At State (Pri),250,2000,3500,20,1, 0, 0
26,Red_Inf_Squa_agent,Red_Inf_Squad,2,15541.8,3278.7,Dead,8600,0,0,1,Shot At State (Pri),284,1992,3498,20,1, 0, 0
27,Red_Inf_Squa_agent,Red_Inf_Squad,3,15880.3,2981.7,Dead,8600,0,0,1,Shot At State (Sec),262,1983,3500,20,0, 0, 0
28,Red_Inf_Squa_agent,Red_Inf_Squad,4,15606.6,3509.4,Dead,8600,0,0,1,Shot At State (Sec),257,1998,3498,20,1, 0, 0
29,Red_Inf_Squa_agent,Red_Inf_Squad,5,14937.9,3273.5,Dead,8600,0,0,1,Shot At State (Pri),429,1941,3496,20,0, 0, 0
30,Red_Inf_Squa_agent,Red_Inf_Squad,6,14877.0,3824.0,Dead,8600,0,0,1,Shot At State (Pri),366,1999,3500,20,1, 0, 0
31,Red_Inf_Squa_agent,Red_Inf_Squad,0,14298.2,3215.7,Dead,8600,0,0,1,Shot At State (Pri),688,1964,3500,20,1, 0, 0
32,Red_Inf_Squa_agent,Red_Inf_Squad,1,13667.0,3115.0,Dead,8600,0,0,1,Shot At State (Pri),266,2000,3500,20,1, 0, 0
33,M1A2 Abrams _agent,M1A2 Abrams Sep,0,13612.7,38818.9,Active,1000,13629,39937,0,Default State,11611,37,868,4398, 0, 0, 0
34,M1A2 Abrams _agent,M1A2 Abrams Sep,0,13667.8,38144.6,Active,1000,13629,39937,0,Default State,11611,41,896,4400, 0, 0, 0
35,M1A2 Abrams _agent,M1A2 Abrams Sep,0,13606.4,39611.8,Active,1000,13629,39937,0,Default State,11611,40,882,4400, 0, 0, 0
36,M1A2 Abrams _agent,M1A2 Abrams Sep,0,13612.6,39754.0,Active,1000,13629,39937,0,Default State,11611,40,872,4396, 0, 0, 0
37,Company_HQ_agent,Company_HQ,0,28633.0,704.0,Active,999999,0,0,0,Default State,0, 0, 0, 0, 0, 0, 0
38,M109A6 155mm_agent,M109A6 155mm,0,28529.0,558.0,Active,1000,0,0,0,Default State,0,8,16, 0, 0, 0, 0
39,RQ11 Raven_agent,RQ11 Raven,0,18879.4,6639.2,Active,5185,2218,9255,0,Default State,16197, 0, 0, 0, 0, 0, 0
40,Bradley_Infa_agent,Bradley_Infantry,0,13640.0,31626.7,Active,8600,13548,39176,0,Reach Dynamic Waypoint State,14671,1112,1250,70,0, 0, 0
41,Bradley_Infa_agent,Bradley_Infantry,0,13450.9,31753.0,Active,8600,13548,39176,0,Reach Dynamic Waypoint State,14671,1084,1250,70,1, 0, 0
42,Bradley_Infa_agent,Bradley_Infantry,0,13262.7,31731.8,Active,8600,13548,39176,0,Reach Dynamic Waypoint State,14680,1128,1250,70,1, 0, 0
43,Bradley_Infa_agent,Bradley_Infantry,0,13176.8,31574.9,Active,8600,13548,39176,0,Reach Dynamic Waypoint State,14433,1082,1250,70,1, 0, 0
44,Bradley_Infa_agent,Bradley_Infantry,0,13267.8,31511.2,Active,8600,13548,39176,0,Reach Dynamic Waypoint State,14489,1104,1250,70,1, 0, 0
45,Bradley_Infa_agent,Bradley_Infantry,0,13487.4,31378.7,Active,8600,13548,39176,0,Reach Dynamic Waypoint State,14538,1086,1250,70,1, 0, 0
46,Bradley_Infa_agent,Bradley_Infantry,0,13640.9,31390.3,Active,8600,13548,39176,0,Reach Dynamic Waypoint State,14665,1102,1250,70,1, 0, 0
47,Bradley_Infa_agent,Bradley_Infantry,0,14130.8,25425.2,Dead,8600,13548,39176,1,Shot At State (Pri),7625,1172,1250,70,1, 0, 0
48,Bradley_Infa_agent,Bradley_Infantry,0,13739.2,31609.0,Active,8600,13548,39176,0,Reach Dynamic Waypoint State,6139,1154,1250,70,1, 0, 0
49,Bradley_Infa_agent,Bradley_Infantry,0,13716.9,28305.3,Active,8600,13548,39176,0,Reach Dynamic Waypoint State,9732,1152,1250,70,1, 0, 0
50,Bradley_Infa_agent,Bradley_Infantry,0,13768.5,28108.8,Active,8600,13548,39176,0,Reach Dynamic Waypoint State,9800,1153,1249,70,1, 0, 0
51,Bradley_Infa_agent,Bradley_Infantry,0,13803.6,31897.1,Active,8600,13548,39176,0,Reach Dynamic Waypoint State,6567,1172,1250,70,1, 0, 0
52,Bradley_Infa_agent,Bradley_Infantry,0,15192.8,2962.1,Dead,8600,13548,39176,1,Shot At State (Pri),555,1174,1250,70,1, 0, 0
53,Bradley_Infa_agent,Bradley_Infantry,0,13892.6,32685.2,Active,8600,13548,39176,0,Reach Dynamic Waypoint State,6374,1153,1250,70,0, 0, 0
54,Bradley_Infa_agent,Bradley_Infantry,0,13724.9,33677.7,Active,8600,13548,39176,0,Reach Dynamic Waypoint State,13899,1182,1250,70,1, 0, 0
55,Bradley_Infa_agent,Bradley_Infantry,0,13346.1,31840.4,Active,8600,13548,39176,0,Taken Shot State (Pri),16396,1182,1250,70,1, 0, 0
56,Bradley_Infa_agent,Bradley_Infantry,0,13346.1,31840.4,Active,8600,13548,39176,0,Taken Shot State (Pri),16396,1182,1250,70,1, 0, 0
57,Bradley_Infa_agent,Bradley_Infantry,0,13346.1,31840.4,Active,8600,13548,39176,0,Taken Shot State (Pri),16396,1180,1250,70,1, 0, 0
58,Bradley_Infa_agent,Bradley_Infantry,0,13346.1,31840.4,Active,8600,13548,39176,0,Taken Shot State (Pri),16396,1182,1250,70,1, 0, 0
59,Bradley_Infa_agent,Bradley_Infantry,0,13830.9,33440.6,Active,8600,13548,39176,0,Reach Dynamic Waypoint State,13872,1182,1250,70,1, 0, 0
60,Bradley_Infa_agent,Bradley_Infantry,0,14542.2,31949.3,Dead,8600,13548,39176,1,Shot At State (Pri),13511,1182,1250,70,1, 0, 0
61,Bradley M2A3_agent,Bradley M2A3,0,11742.1,29595.0,Active,1000,15000,31569,0,Dembuss Child,16087,826,4382,0, 0, 0, 0
62,Bradley M2A3_agent,Bradley M2A3,0,13845.0,24121.8,Dead,1000,14476,23835,1,Dembuss Child,16409,870,4398,6, 0, 0, 0
63,Bradley M2A3_agent,Bradley M2A3,0,13346.1,31840.4,Active,1000,14234,34295,0,Shot At State (Pri),16335,897,4398,7, 0, 0, 0
64,Red_Inf_Squa_agent,Red_Inf_Squad,1,14970.0,26225.2,Dead,8600,0,0,1,Shot At State (Pri),6195,1980,3500,20,1, 0, 0
65,Red_Inf_Squa_agent,Red_Inf_Squad,0,15530.5,25389.8,Dead,8600,0,0,1,Shot At State (Sec),5751,1964,3500,20,1, 0, 0
66,Red_Inf_Squa_agent,Red_Inf_Squad,0,15598.6,26116.6,Dead,8600,0,0,1,Shot At State (Sec),9196,1964,3500,20,0, 0, 0
67,Red_Inf_Squa_agent,Red_Inf_Squad,1,13863.8,26316.3,Dead,8600,0,0,1,Shot At State (Pri),6277,1949,3500,20,1, 0, 0
68,Red_Inf_Squa_agent,Red_Inf_Squad,1,13612.9,26199.8,Dead,8600,0,0,1,Shot At State (Sec),6145,1985,3500,20,0, 0, 0
69,Red_Inf_Squa_agent,Red_Inf_Squad,1,14425.1,26237.0,Dead,8600,0,0,1,Shot At State (Pri),8039,1977,3500,20,0, 0, 0
70,Red_Inf_Squa_agent,Red_Inf_Squad,1,13721.1,26315.3,Dead,8600,0,0,1,Shot At State (Pri),6500,1956,3500,20,0, 0, 0
71,Red_Inf_Squa_agent,Red_Inf_Squad,1,14369.0,26298.9,Dead,8600,0,0,1,Shot At State (Pri),8039,1982,3500,20,0, 0, 0
72,Red_Inf_Squa_agent,Red_Inf_Squad,1,14819.8,26315.5,Dead,8600,0,0,1,Shot At State (Sec),7530,1976,3500,20,0, 0, 0
73,Red_Inf_Squa_agent,Red_Inf_Squad,1,13908.5,26349.4,Dead,8600,0,0,1,Shot At State (Pri),6251,1959,3500,20,1, 0, 0
74,Red_Inf_Squa_agent,Red_Inf_Squad,1,13902.1,26146.6,Dead,8600,0,0,1,Shot At State (Pri),6399,1945,3500,20,1, 0, 0
75,Red_Inf_Squa_agent,Red_Inf_Squad,0,14581.5,31459.9,Dead,8600,0,0,1,Shot At State (Pri),11591,1945,3500,20,1, 0, 0
76,Red_Inf_Squa_agent,Red_Inf_Squad,1,13976.9,30924.7,Dead,8600,0,0,1,Shot At State (Pri),11838,1899,3500,20,0, 0, 0
77,Red_Inf_Squa_agent,Red_Inf_Squad,0,14526.4,31227.2,Dead,8600,0,0,1,Shot At State (Pri),11537,1959,3500,20,1, 0, 0
78,Red_Inf_Squa_agent,Red_Inf_Squad,1,13751.8,30796.3,Dead,8600,0,0,1,Shot At State (Pri),11931,1906,3500,20,1, 0, 0
79,Red_Inf_Squa_agent,Red_Inf_Squad,0,14598.8,31182.1,Dead,8600,0,0,1,Shot At State (Pri),11352,2000,3500,20,0, 0, 0
80,Red_Inf_Squa_agent,Red_Inf_Squad,1,13309.1,30817.1,Dead,8600,0,0,1,Shot At State (Pri),4870,1974,3500,20,1, 0, 0
81,Red_Inf_Squa_agent,Red_Inf_Squad,0,14493.0,31397.0,Dead,8600,0,0,1,Shot At State (Pri),6526,2000,3500,20,1, 0, 0
82,Red_Inf_Squa_agent,Red_Inf_Squad,1,14295.5,30837.7,Dead,8600,0,0,1,Shot At State (Pri),11231,2000,3500,20,1, 0, 0
83,Red_Inf_Squa_agent,Red_Inf_Squad,0,14630.7,31649.3,Dead,8600,0,0,1,Shot At State (Pri),9105,1991,3500,20,1, 0, 0
84,Red_Inf_Squa_agent,Red_Inf_Squad,1,14477.1,30881.5,Dead,8600,0,0,1,Shot At State (Sec),11170,2000,3500,20,0, 0, 0
85,Red_Inf_Squa_agent,Red_Inf_Squad,0,14630.9,31341.8,Dead,8600,0,0,1,Shot At State (Pri),11512,1987,3500,20,1, 0, 0
86,Red_Inf_Squa_agent,Red_Inf_Squad,1,13695.4,30725.7,Dead,8600,0,0,1,Shot At State (Sec),11826,1830,3500,20,1, 0, 0
87,Red_Inf_Squa_agent,Red_Inf_Squad,0,14607.5,31725.5,Dead,8600,0,0,1,Shot At State (Pri),7435,2000,3500,20,1, 0, 0
88,Red_Inf_Squa_agent,Red_Inf_Squad,1,14304.3,30892.4,Dead,8600,0,0,1,Shot At State (Pri),11302,2000,3500,20,1, 0, 0
89,Red_Inf_Squa_agent,Red_Inf_Squad,0,14558.1,31582.0,Dead,8600,0,0,1,Shot At State (Pri),9109,1988,3500,20,1, 0, 0
90,Red_Inf_Squa_agent,Red_Inf_Squad,1,14422.4,30894.3,Dead,8600,0,0,1,Shot At State (Sec),11111,2000,3500,20,0, 0, 0
91,Red_60mm_mor_agent,Red_60mm_mortar,0,14354.0,3128.0,Dead,8600,0,0,1,Shot At State (Pri),195,48,500, 0, 0, 0, 0
92,Red_60mm_mor_agent,Red_60mm_mortar,0,14015.0,3125.0,Dead,8600,0,0,1,Shot At State (Pri),664,42,500, 0, 0, 0, 0
93,Red_60mm_mor_agent,Red_60mm_mortar,0,14121.0,3063.0,Dead,8600,0,0,1,Shot At State (Pri),229,49,500, 0, 0, 0, 0
94,Red_M120mm_m_agent,Red_M120mm_mortar,0,11069.0,28611.0,Dead,8600,0,0,1,Taken Shot State (Pri),7931,15,18, 0, 0, 0, 0
95,Red_Milan_agent,Red_Milan,0,12261.0,17583.0,Dead,8600,0,0,1,Shot At State (Pri),3647,1,3500, 0, 0, 0, 0
96,Red_Milan_agent,Red_Milan,0,12480.0,17551.0,Dead,8600,0,0,1,Shot At State (Pri),3303,0,3500, 0, 0, 0, 0
97,Red_SA18_agent,Red_SA18,0,10150.0,28230.0,Active,8600,0,0,0,Default State,10215,0,3500, 0, 0, 0, 0
98,Red_SA18_agent,Red_SA18,0,10353.0,28187.0,Dead,8600,0,0,1,Shot At State (Pri),6236,1,3500, 0, 0, 0, 0
99,T-90M_agent,T-90M,0,12062.0,27852.1,Dead,1000,0,0,1,Squad Taken Shot State (Pri),5918,43,4400,0,300, 0, 0
100,T-90M_agent,T-90M,0,12183.3,28376.2,Dead,1000,0,0,1,Squad Taken Shot State (Pri),5918,43,4400,0,300, 0, 0
101,T-90M_agent,T-90M,0,11273.5,31420.7,Dead,1000,0,0,1,Squad Taken Shot State (Pri),5918,43,4400,4,300, 0, 0
102,T-90M_agent,T-90M,0,12079.7,28300.6,Dead,1000,0,0,1,Squad Taken Shot State (Pri),5918,43,4400,0,300, 0, 0
103,RED_Company__agent,RED_Company_HQ,0,1694.0,38732.0,Active,999999,0,0,0,Default State,0, 0, 0, 0, 0, 0, 0
104,Red_AGS30_Sq_agent,Red_AGS30_Squad,0,15087.0,32059.0,Active,8600,89,101,0,Default State,0,28,750, 0, 0, 0, 0
105,Red_AGS30_Sq_agent,Red_AGS30_Squad,1,15621.0,31640.0,Dead,8600,89,101,1,Shot At State (Pri),6872,29,750, 0, 0, 0, 0
106,Red_AGS30_Sq_agent,Red_AGS30_Squad,0,15105.0,32273.0,Active,8600,89,101,0,Default State,0,13,750, 0, 0, 0, 0
107,Red_AGS30_Sq_agent,Red_AGS30_Squad,1,15624.0,31670.0,Dead,8600,89,101,1,Shot At State (Pri),6870,29,750, 0, 0, 0, 0
108,Red_Milan_agent,Red_Milan,0,14225.0,29815.0,Dead,8600,0,0,1,Shot At State (Pri),4717,2,250, 0, 0, 0, 0
109,Red_Milan_agent,Red_Milan,0,14184.0,29885.0,Dead,8600,0,0,1,Shot At State (Pri),4726,2,250, 0, 0, 0, 0
110,Red_Milan_agent,Red_Milan,1,15990.0,25346.0,Dead,8600,0,0,1,Shot At State (Pri),6044,2,250, 0, 0, 0, 0
111,Red_Milan_agent,Red_Milan,1,16261.0,25380.0,Dead,8600,0,0,1,Shot At State (Pri),3718,2,250, 0, 0, 0, 0
# Run End
