# MANA Agent End State Results File
# Version: 5.01.04
# Machine Name: MAZZAS-PC
# Run Started at 3/21/2013, 6:51:47 PM
RandSeed= 1325836805
ID,name,squad,subsquad,x,y,status,fuel,goalx,goaly,hits,state,trig_step,ammo1,ammo2,ammo3,ammo4,ammo5,ammo6
0,Minefield_agent,Minefield,0,14996.0,25373.0,Dead,1000,0,0,1,Default State,0,1, 0, 0, 0, 0, 0
1,Minefield_agent,Minefield,0,15086.0,25620.0,Dead,1000,0,0,1,Default State,0,1, 0, 0, 0, 0, 0
2,Minefield_agent,Minefield,0,15110.0,25798.0,Dead,1000,0,0,1,Default State,0,1, 0, 0, 0, 0, 0
3,Minefield_agent,Minefield,0,14967.0,25650.0,Dead,1000,0,0,1,Default State,0,1, 0, 0, 0, 0, 0
4,Minefield_agent,Minefield,0,15199.0,25436.0,Dead,1000,0,0,1,Default State,0,1, 0, 0, 0, 0, 0
5,Minefield_agent,Minefield,0,14917.0,25791.0,Active,1000,0,0,0,Taken Shot State (Pri),7259,0, 0, 0, 0, 0, 0
6,IED_agent,IED,0,15221.0,2952.0,Dead,1000,0,0,1,Default State,0,1, 0, 0, 0, 0, 0
7,AH64D_AttHel_agent,AH64D_AttHeli,0,14374.7,32546.5,Dead,63240,24153,35689,2,Fuel Out State,34190,1176,6,36, 0, 0, 0
8,AH64D_AttHel_agent,AH64D_AttHeli,0,13644.0,24563.5,Dead,135200,2419,2853,2,Fuel Out State,16200,1170,1,28, 0, 0, 0
9,Bradley M2A3_agent,Bradley M2A3,0,14112.1,25364.4,Dead,1000,14476,23835,1,Embussed Children,50000,876,4378,7, 0, 0, 0
10,Bradley_Infa_agent,Bradley_Infantry,0,14112.1,25364.4,Dead,8600,13629,39556,1,Default State,343,1200,1250,70,1, 0, 0
11,Bradley_Infa_agent,Bradley_Infantry,0,14112.1,25364.4,Dead,8600,13629,39556,1,Reach Dynamic Waypoint State,1339,1200,1250,70,1, 0, 0
12,Bradley_Infa_agent,Bradley_Infantry,0,14112.1,25364.4,Dead,8600,13629,39556,1,Reach Dynamic Waypoint State,1152,1200,1250,70,0, 0, 0
13,Bradley_Infa_agent,Bradley_Infantry,0,14112.1,25364.4,Dead,8600,13629,39556,1,Reach Dynamic Waypoint State,1080,1200,1250,70,1, 0, 0
14,Bradley_Infa_agent,Bradley_Infantry,0,14112.1,25364.4,Dead,8600,13629,39556,1,Reach Dynamic Waypoint State,1371,1200,1250,70,1, 0, 0
15,Bradley_Infa_agent,Bradley_Infantry,0,14112.1,25364.4,Dead,8600,13629,39556,1,Reach Dynamic Waypoint State,1556,1200,1250,70,1, 0, 0
16,Bradley_Infa_agent,Bradley_Infantry,0,14112.1,25364.4,Dead,8600,13629,39556,1,Reach Dynamic Waypoint State,1958,1200,1250,70,1, 0, 0
17,Red_Inf_Squa_agent,Red_Inf_Squad,0,14510.2,3221.6,Dead,8600,0,0,1,Shot At State (Pri),381,1989,3499,20,1, 0, 0
18,Red_Inf_Squa_agent,Red_Inf_Squad,1,13872.6,3057.2,Dead,8600,0,0,1,Shot At State (Pri),614,1966,3500,20,1, 0, 0
19,Red_Inf_Squa_agent,Red_Inf_Squad,2,15542.7,3277.9,Dead,8600,0,0,1,Shot At State (Sec),175,2000,3500,20,0, 0, 0
20,Red_Inf_Squa_agent,Red_Inf_Squad,3,16053.4,2999.3,Dead,8600,0,0,1,Shot At State (Sec),232,2000,3499,20,0, 0, 0
21,Red_Inf_Squa_agent,Red_Inf_Squad,4,15705.9,3476.5,Dead,8600,0,0,1,Shot At State (Sec),205,1990,3500,20,1, 0, 0
22,Red_Inf_Squa_agent,Red_Inf_Squad,5,14905.5,3218.8,Dead,8600,0,0,1,Shot At State (Sec),244,1970,3500,20,1, 0, 0
23,Red_Inf_Squa_agent,Red_Inf_Squad,6,14931.5,3532.3,Dead,8600,0,0,1,Shot At State (Sec),197,1997,3500,20,1, 0, 0
24,Red_Inf_Squa_agent,Red_Inf_Squad,0,14850.8,3176.6,Dead,8600,0,0,1,Shot At State (Pri),226,1990,3500,20,1, 0, 0
25,Red_Inf_Squa_agent,Red_Inf_Squad,1,13633.7,3060.8,Dead,8600,0,0,1,Shot At State (Pri),354,1982,3500,20,1, 0, 0
26,Red_Inf_Squa_agent,Red_Inf_Squad,2,15543.9,3276.4,Dead,8600,0,0,1,Shot At State (Sec),207,1986,3496,20,1, 0, 0
27,Red_Inf_Squa_agent,Red_Inf_Squad,3,15501.5,3039.3,Dead,8600,0,0,1,Shot At State (Sec),150,1993,3500,20,1, 0, 0
28,Red_Inf_Squa_agent,Red_Inf_Squad,4,15955.0,3499.0,Dead,8600,0,0,1,Shot At State (Sec),174,2000,3500,20,1, 0, 0
29,Red_Inf_Squa_agent,Red_Inf_Squad,5,14921.9,3181.7,Dead,8600,0,0,1,Shot At State (Sec),245,1989,3500,20,1, 0, 0
30,Red_Inf_Squa_agent,Red_Inf_Squad,6,14937.6,3538.1,Dead,8600,0,0,1,Shot At State (Sec),269,1976,3500,20,1, 0, 0
31,Red_Inf_Squa_agent,Red_Inf_Squad,0,14736.3,3197.4,Dead,8600,0,0,1,Shot At State (Pri),325,1951,3500,20,1, 0, 0
32,Red_Inf_Squa_agent,Red_Inf_Squad,1,13609.5,3117.8,Dead,8600,0,0,1,Shot At State (Pri),363,1936,3500,20,1, 0, 0
33,M1A2 Abrams _agent,M1A2 Abrams Sep,0,13469.0,26966.1,Dead,1000,14798,24659,1,Default State,6174,33,888,4400, 0, 0, 0
34,M1A2 Abrams _agent,M1A2 Abrams Sep,0,13607.6,15835.9,Dead,1000,13427,19905,1,Squad Taken Shot State (Pri),5674,42,898,4400, 0, 0, 0
35,M1A2 Abrams _agent,M1A2 Abrams Sep,0,14788.3,31376.4,Dead,1000,14516,33154,1,Default State,6174,41,874,4400, 0, 0, 0
36,M1A2 Abrams _agent,M1A2 Abrams Sep,0,14837.1,25731.3,Dead,1000,15887,28273,1,Default State,6174,35,888,4396, 0, 0, 0
37,Company_HQ_agent,Company_HQ,0,28633.0,704.0,Active,999999,0,0,0,Default State,0, 0, 0, 0, 0, 0, 0
38,M109A6 155mm_agent,M109A6 155mm,0,27607.0,958.0,Active,1000,0,0,0,Default State,0,3,16, 0, 0, 0, 0
39,RQ11 Raven_agent,RQ11 Raven,0,13366.2,29831.6,Dead,89200,2137,30935,5,Fuel Out State,5400, 0, 0, 0, 0, 0, 0
40,Bradley_Infa_agent,Bradley_Infantry,0,14275.7,26129.5,Dead,8600,13548,39176,1,Shot At State (Pri),5484,1186,1250,70,1, 0, 0
41,Bradley_Infa_agent,Bradley_Infantry,0,14247.9,26111.8,Dead,8600,13548,39176,1,Shot At State (Pri),5274,1182,1250,70,1, 0, 0
42,Bradley_Infa_agent,Bradley_Infantry,0,14247.3,26111.0,Dead,8600,13548,39176,1,Shot At State (Pri),5381,1184,1250,70,1, 0, 0
43,Bradley_Infa_agent,Bradley_Infantry,0,14304.9,25979.1,Dead,8600,13548,39176,1,Shot At State (Pri),5113,1192,1250,70,1, 0, 0
44,Bradley_Infa_agent,Bradley_Infantry,0,14313.1,25970.1,Dead,8600,13548,39176,1,Shot At State (Pri),5104,1192,1250,70,1, 0, 0
45,Bradley_Infa_agent,Bradley_Infantry,0,14677.7,26032.8,Dead,8600,13548,39176,1,Shot At State (Pri),5974,1121,1249,70,0, 0, 0
46,Bradley_Infa_agent,Bradley_Infantry,0,14315.4,25971.3,Dead,8600,13548,39176,1,Shot At State (Pri),5104,1190,1250,70,0, 0, 0
47,Bradley_Infa_agent,Bradley_Infantry,0,14518.1,25525.2,Active,8600,13548,39176,0,Reach Dynamic Waypoint State,49579,1136,1250,70,1, 0, 0
48,Bradley_Infa_agent,Bradley_Infantry,0,14265.8,25584.1,Active,8600,13548,39176,0,Reach Dynamic Waypoint State,49442,1144,1250,70,0, 0, 0
49,Bradley_Infa_agent,Bradley_Infantry,0,14140.2,25751.9,Active,8600,13548,39176,0,Reach Dynamic Waypoint State,49213,1144,1250,70,0, 0, 0
50,Bradley_Infa_agent,Bradley_Infantry,0,14271.7,25090.7,Active,8600,13548,39176,0,Reach Dynamic Waypoint State,49630,1162,1250,70,1, 0, 0
51,Bradley_Infa_agent,Bradley_Infantry,0,14511.6,25192.3,Active,8600,13548,39176,0,Default State,36329,1136,1250,70,1, 0, 0
52,Bradley_Infa_agent,Bradley_Infantry,0,14719.4,25161.7,Active,8600,13548,39176,0,Reach Dynamic Waypoint State,49751,1138,1250,70,1, 0, 0
53,Bradley_Infa_agent,Bradley_Infantry,0,14693.8,25667.6,Active,8600,13548,39176,0,Reach Dynamic Waypoint State,49352,1148,1250,70,1, 0, 0
54,Bradley_Infa_agent,Bradley_Infantry,0,14575.4,30615.1,Dead,8600,13548,39176,1,Shot At State (Pri),8710,1132,1250,70,1, 0, 0
55,Bradley_Infa_agent,Bradley_Infantry,0,14523.9,31348.3,Dead,8600,13548,39176,1,Shot At State (Pri),43869,1039,1250,70,1, 0, 0
56,Bradley_Infa_agent,Bradley_Infantry,0,14683.5,30293.3,Dead,8600,13548,39176,1,Shot At State (Pri),8724,1148,1250,70,1, 0, 0
57,Bradley_Infa_agent,Bradley_Infantry,0,14339.7,31541.4,Active,8600,13548,39176,0,Reach Dynamic Waypoint State,47380,1100,1250,70,1, 0, 0
58,Bradley_Infa_agent,Bradley_Infantry,0,14411.3,31281.3,Active,8600,13548,39176,0,Default State,49813,1043,1250,70,1, 0, 0
59,Bradley_Infa_agent,Bradley_Infantry,0,14474.8,31214.0,Active,8600,13548,39176,0,Default State,49813,1054,1250,70,1, 0, 0
60,Bradley_Infa_agent,Bradley_Infantry,0,14539.5,31359.3,Dead,8600,13548,39176,1,Shot At State (Pri),44242,1109,1249,70,1, 0, 0
61,Bradley M2A3_agent,Bradley M2A3,0,14314.2,25970.8,Dead,1000,15323,26434,1,Dembuss Child,50000,898,4398,5, 0, 0, 0
62,Bradley M2A3_agent,Bradley M2A3,0,14244.7,25580.3,Dead,1000,15323,26434,1,Dembuss Child,50000,889,4391,7, 0, 0, 0
63,Bradley M2A3_agent,Bradley M2A3,0,13118.9,30305.7,Active,1000,15000,31569,0,Shot At State (Pri),49643,894,4396,1, 0, 0, 0
64,Red_Inf_Squa_agent,Red_Inf_Squad,1,14915.0,26205.4,Dead,8600,0,0,1,Shot At State (Pri),5883,1840,3500,20,0, 0, 0
65,Red_Inf_Squa_agent,Red_Inf_Squad,1,13653.6,26207.9,Dead,8600,0,0,1,Shot At State (Sec),5303,1958,3500,20,0, 0, 0
66,Red_Inf_Squa_agent,Red_Inf_Squad,0,15428.3,26170.4,Dead,8600,0,0,1,Shot At State (Pri),6155,1965,3500,20,1, 0, 0
67,Red_Inf_Squa_agent,Red_Inf_Squad,1,13965.6,26135.6,Dead,8600,0,0,1,Shot At State (Pri),5214,1947,3500,18,0, 0, 0
68,Red_Inf_Squa_agent,Red_Inf_Squad,0,15490.3,25635.2,Dead,8600,0,0,1,Shot At State (Pri),5728,1975,3500,20,1, 0, 0
69,Red_Inf_Squa_agent,Red_Inf_Squad,1,13347.4,26299.6,Dead,8600,0,0,1,Shot At State (Pri),5290,1998,3500,20,1, 0, 0
70,Red_Inf_Squa_agent,Red_Inf_Squad,1,13722.9,26123.2,Dead,8600,0,0,1,Shot At State (Sec),5313,1923,3500,20,1, 0, 0
71,Red_Inf_Squa_agent,Red_Inf_Squad,1,14724.5,26217.3,Dead,8600,0,0,1,Shot At State (Pri),5326,1885,3499,20,0, 0, 0
72,Red_Inf_Squa_agent,Red_Inf_Squad,1,14848.9,26236.0,Dead,8600,0,0,1,Shot At State (Pri),5252,1969,3500,20,0, 0, 0
73,Red_Inf_Squa_agent,Red_Inf_Squad,1,13949.8,26219.8,Dead,8600,0,0,1,Shot At State (Pri),5226,1976,3500,20,1, 0, 0
74,Red_Inf_Squa_agent,Red_Inf_Squad,0,15496.1,26020.1,Dead,8600,0,0,1,Shot At State (Pri),6165,1967,3500,20,1, 0, 0
75,Red_Inf_Squa_agent,Red_Inf_Squad,0,14503.6,31043.1,Dead,8600,0,0,1,Shot At State (Pri),8662,1976,3500,20,0, 0, 0
76,Red_Inf_Squa_agent,Red_Inf_Squad,1,13655.7,30915.7,Dead,8600,0,0,1,Shot At State (Pri),4012,1849,3500,20,1, 0, 0
77,Red_Inf_Squa_agent,Red_Inf_Squad,0,14554.8,31729.5,Dead,8600,0,0,1,Shot At State (Pri),11890,1984,3500,20,1, 0, 0
78,Red_Inf_Squa_agent,Red_Inf_Squad,1,14381.8,30759.9,Dead,8600,0,0,1,Shot At State (Pri),8903,1851,3499,19,1, 0, 0
79,Red_Inf_Squa_agent,Red_Inf_Squad,0,14488.7,31120.5,Dead,8600,0,0,1,Shot At State (Pri),8913,1862,3500,20,0, 0, 0
80,Red_Inf_Squa_agent,Red_Inf_Squad,1,14485.8,30990.7,Dead,8600,0,0,1,Shot At State (Pri),8322,2000,3500,20,0, 0, 0
81,Red_Inf_Squa_agent,Red_Inf_Squad,0,14554.6,31224.5,Dead,8600,0,0,1,Shot At State (Pri),8261,2000,3500,20,0, 0, 0
82,Red_Inf_Squa_agent,Red_Inf_Squad,1,13983.9,30607.4,Dead,8600,0,0,1,Shot At State (Pri),9085,1628,3500,19,0, 0, 0
83,Red_Inf_Squa_agent,Red_Inf_Squad,0,14564.0,31347.0,Dead,8600,0,0,1,Shot At State (Sec),7912,2000,3500,20,1, 0, 0
84,Red_Inf_Squa_agent,Red_Inf_Squad,1,13524.0,30736.5,Dead,8600,0,0,1,Shot At State (Pri),9018,1763,3500,20,1, 0, 0
85,Red_Inf_Squa_agent,Red_Inf_Squad,0,14656.0,31016.9,Dead,8600,0,0,1,Shot At State (Pri),8439,2000,3500,20,0, 0, 0
86,Red_Inf_Squa_agent,Red_Inf_Squad,1,13145.7,30634.4,Dead,8600,0,0,1,Shot At State (Sec),10547,1783,3500,20,1, 0, 0
87,Red_Inf_Squa_agent,Red_Inf_Squad,0,14565.9,31232.5,Dead,8600,0,0,1,Shot At State (Pri),8343,2000,3500,20,0, 0, 0
88,Red_Inf_Squa_agent,Red_Inf_Squad,1,13416.8,30689.7,Dead,8600,0,0,1,Shot At State (Pri),9160,1763,3500,20,1, 0, 0
89,Red_Inf_Squa_agent,Red_Inf_Squad,0,14551.0,31307.0,Dead,8600,0,0,1,Shot At State (Pri),8322,2000,3500,20,1, 0, 0
90,Red_Inf_Squa_agent,Red_Inf_Squad,1,13525.2,30799.4,Dead,8600,0,0,1,Shot At State (Pri),4024,1853,3500,20,1, 0, 0
91,Red_60mm_mor_agent,Red_60mm_mortar,0,14308.0,3117.0,Dead,8600,0,0,1,Shot At State (Pri),247,46,500, 0, 0, 0, 0
92,Red_60mm_mor_agent,Red_60mm_mortar,0,13978.0,3100.0,Dead,8600,0,0,1,Shot At State (Pri),717,41,500, 0, 0, 0, 0
93,Red_60mm_mor_agent,Red_60mm_mortar,0,14073.0,3157.0,Dead,8600,0,0,1,Shot At State (Pri),373,41,500, 0, 0, 0, 0
94,Red_M120mm_m_agent,Red_M120mm_mortar,0,11187.0,28872.0,Dead,8600,0,0,1,Taken Shot State (Pri),6512,12,18, 0, 0, 0, 0
95,Red_Milan_agent,Red_Milan,0,12524.0,17501.0,Dead,8600,0,0,1,Shot At State (Sec),4016,1,3497, 0, 0, 0, 0
96,Red_Milan_agent,Red_Milan,0,12230.0,17530.0,Dead,8600,0,0,1,Shot At State (Pri),3982,2,3498, 0, 0, 0, 0
97,Red_SA18_agent,Red_SA18,0,10130.0,28075.0,Dead,8600,0,0,1,Shot At State (Pri),8159,2,3500, 0, 0, 0, 0
98,Red_SA18_agent,Red_SA18,0,10161.0,27820.0,Dead,8600,0,0,1,Shot At State (Pri),13842,1,3500, 0, 0, 0, 0
99,T-90M_agent,T-90M,0,12360.9,29146.3,Dead,1000,0,0,1,Squad Taken Shot State (Pri),5469,43,4400,0,300, 0, 0
100,T-90M_agent,T-90M,0,11983.4,29095.9,Dead,1000,0,0,1,Squad Taken Shot State (Pri),5469,43,4400,0,300, 0, 0
101,T-90M_agent,T-90M,0,12589.9,28526.9,Dead,1000,0,0,1,Squad Taken Shot State (Pri),5469,43,4400,0,300, 0, 0
102,T-90M_agent,T-90M,0,12029.7,29183.3,Dead,1000,0,0,1,Squad Taken Shot State (Pri),5469,43,4400,0,300, 0, 0
103,RED_Company__agent,RED_Company_HQ,0,1694.0,38732.0,Active,999999,0,0,0,Default State,0, 0, 0, 0, 0, 0, 0
104,Red_AGS30_Sq_agent,Red_AGS30_Squad,0,15105.0,32464.0,Active,8600,89,101,0,Default State,0,15,750, 0, 0, 0, 0
105,Red_AGS30_Sq_agent,Red_AGS30_Squad,1,15201.0,31695.0,Active,8600,89,101,0,Default State,0,14,750, 0, 0, 0, 0
106,Red_AGS30_Sq_agent,Red_AGS30_Squad,0,15086.0,32214.0,Active,8600,89,101,0,Default State,0,12,750, 0, 0, 0, 0
107,Red_AGS30_Sq_agent,Red_AGS30_Squad,1,15508.0,31757.0,Active,8600,89,101,0,Default State,0,29,750, 0, 0, 0, 0
108,Red_Milan_agent,Red_Milan,0,14213.0,29822.0,Dead,8600,0,0,1,Shot At State (Sec),7827,0,250, 0, 0, 0, 0
109,Red_Milan_agent,Red_Milan,0,14162.0,29833.0,Dead,8600,0,0,1,Shot At State (Pri),4083,2,250, 0, 0, 0, 0
110,Red_Milan_agent,Red_Milan,1,16257.0,25364.0,Dead,8600,0,0,1,Shot At State (Pri),4998,1,250, 0, 0, 0, 0
111,Red_Milan_agent,Red_Milan,1,16042.0,25349.0,Dead,8600,0,0,1,Shot At State (Pri),4982,0,250, 0, 0, 0, 0
# Run End
