# MANA Casualty Location Results File
# Version: 5.01.04
# Machine Name: MAZZAS-PC
# Run Started at 3/21/2013, 8:44:18 PM
RandSeed= 2014833977
ID,x-casualty,y-casualty,time,Cas Squad,Cas Squad ID,Cas alleg,subsquad,state,shooter ID,Squad ID,Sqd name,weapon class,weapon ID,x-shooter,y-shooter,shooter alleg
85
6,15221,2952,87,IED,2,2,0,Default State,62,15,Bradley M2A3,Primary,3,15236,1048,1
12,15073,1989,108,Bradley_Infantry,5,1,0,Shot At State (Pri),93,19,Red_60mm_mortar,Primary,1,14102,3136,2
15,15076,1986,108,Bradley_Infantry,5,1,0,Shot At State (Pri),93,19,Red_60mm_mortar,Primary,1,14102,3136,2
22,14908,3173,117,Red_Inf_Squad,6,2,5,Shot At State (Sec),36,7,M1A2 Abrams Sep,Secondary,3,15290,2159,1
20,15689,2976,118,Red_Inf_Squad,6,2,3,Shot At State (Sec),9,4,Bradley M2A3,Secondary,2,15099,2059,1
32,14150,3073,124,Red_Inf_Squad,6,2,1,Shot At State (Pri),38,9,M109A6 155mm,Primary,1,27591,689,1
27,15495,2986,125,Red_Inf_Squad,6,2,3,Shot At State (Sec),9,4,Bradley M2A3,Secondary,2,15093,2101,1
31,14351,3252,166,Red_Inf_Squad,6,2,0,Shot At State (Sec),36,7,M1A2 Abrams Sep,Secondary,3,15286,2833,1
92,14027,3064,166,Red_60mm_mortar,19,2,0,Shot At State (Pri),7,3,AH64D_AttHeli,Primary,2,20867,1569,1
17,14104,3208,175,Red_Inf_Squad,6,2,0,Shot At State (Sec),36,7,M1A2 Abrams Sep,Secondary,3,15305,2942,1
21,15715,3564,200,Red_Inf_Squad,6,2,4,Shot At State (Sec),36,7,M1A2 Abrams Sep,Secondary,3,15352,3268,1
26,15546,3279,217,Red_Inf_Squad,6,2,2,Shot At State (Sec),33,7,M1A2 Abrams Sep,Secondary,3,15263,2442,1
18,13949,3075,231,Red_Inf_Squad,6,2,1,Shot At State (Pri),38,9,M109A6 155mm,Primary,1,27591,689,1
19,15540,3274,234,Red_Inf_Squad,6,2,2,Shot At State (Sec),62,15,Bradley M2A3,Secondary,2,15644,2341,1
91,14050,3084,242,Red_60mm_mortar,19,2,0,Shot At State (Pri),38,9,M109A6 155mm,Primary,1,27591,689,1
28,15849,3460,243,Red_Inf_Squad,6,2,4,Shot At State (Sec),62,15,Bradley M2A3,Secondary,2,15729,2498,1
23,14883,3550,245,Red_Inf_Squad,6,2,6,Shot At State (Sec),61,14,Bradley M2A3,Secondary,2,15487,2453,1
29,14961,3373,254,Red_Inf_Squad,6,2,5,Shot At State (Sec),63,16,Bradley M2A3,Secondary,2,15825,3001,1
25,13846,3075,325,Red_Inf_Squad,6,2,1,Shot At State (Pri),38,9,M109A6 155mm,Primary,1,27591,689,1
30,14901,3766,344,Red_Inf_Squad,6,2,6,Shot At State (Pri),8,3,AH64D_AttHeli,Primary,2,20379,1706,1
24,14008,3168,439,Red_Inf_Squad,6,2,0,Shot At State (Pri),33,7,M1A2 Abrams Sep,Primary,1,15216,2520,1
93,14102,3136,488,Red_60mm_mortar,19,2,0,Shot At State (Sec),36,7,M1A2 Abrams Sep,Secondary,3,15335,3229,1
0,15162,25499,2552,Minefield,1,2,0,Default State,38,9,M109A6 155mm,Primary,2,27591,689,1
3,15150,25406,2702,Minefield,1,2,0,Default State,38,9,M109A6 155mm,Primary,2,27591,689,1
5,14858,25378,3148,Minefield,1,2,0,Default State,38,9,M109A6 155mm,Primary,2,27591,689,1
4,15009,25438,3242,Minefield,1,2,0,Default State,38,9,M109A6 155mm,Primary,2,27591,689,1
36,13777,15634,3270,M1A2 Abrams Sep,7,1,0,Default State,95,21,Red_Milan,Primary,1,12450,17531,2
40,13747,15071,3299,Bradley_Infantry,11,1,0,Shot At State (Pri),95,21,Red_Milan,Primary,1,12450,17531,2
41,13747,15071,3299,Bradley_Infantry,11,1,0,Shot At State (Pri),95,21,Red_Milan,Primary,1,12450,17531,2
42,13747,15071,3299,Bradley_Infantry,11,1,0,Shot At State (Pri),95,21,Red_Milan,Primary,1,12450,17531,2
43,13747,15071,3299,Bradley_Infantry,11,1,0,Shot At State (Pri),95,21,Red_Milan,Primary,1,12450,17531,2
44,13747,15071,3299,Bradley_Infantry,11,1,0,Shot At State (Pri),95,21,Red_Milan,Primary,1,12450,17531,2
45,13747,15071,3299,Bradley_Infantry,11,1,0,Shot At State (Pri),95,21,Red_Milan,Primary,1,12450,17531,2
46,13747,15071,3299,Bradley_Infantry,11,1,0,Shot At State (Pri),95,21,Red_Milan,Primary,1,12450,17531,2
61,13747,15071,3299,Bradley M2A3,14,1,0,Shot At State (Pri),95,21,Red_Milan,Primary,1,12450,17531,2
95,12450,17531,3320,Red_Milan,21,2,0,Shot At State (Pri),8,3,AH64D_AttHeli,Primary,3,13638,18074,1
96,12427,17573,3625,Red_Milan,21,2,0,Shot At State (Pri),9,4,Bradley M2A3,Primary,3,13660,18688,1
1,15163,25711,3674,Minefield,1,2,0,Default State,8,3,AH64D_AttHeli,Primary,3,12928,23753,1
2,14987,25615,3679,Minefield,1,2,0,Default State,8,3,AH64D_AttHeli,Primary,2,12929,23789,1
111,16238,25356,3710,Red_Milan,26,2,1,Shot At State (Pri),38,9,M109A6 155mm,Primary,1,27591,689,1
99,11162,31785,3809,T-90M,23,2,0,Default State,8,3,AH64D_AttHeli,Primary,2,12891,24528,1
102,10950,31296,3861,T-90M,23,2,0,Default State,8,3,AH64D_AttHeli,Primary,2,12811,24917,1
110,16103,25383,3946,Red_Milan,26,2,1,Shot At State (Pri),35,7,M1A2 Abrams Sep,Primary,1,13866,22267,1
100,11903,29598,4013,T-90M,23,2,0,Default State,7,3,AH64D_AttHeli,Primary,2,13312,22794,1
94,11162,28883,4079,Red_M120mm_mortar,20,2,0,Taken Shot State (Pri),7,3,AH64D_AttHeli,Primary,2,13213,23293,1
97,10139,27865,4105,Red_SA18,22,2,0,Shot At State (Pri),7,3,AH64D_AttHeli,Primary,2,13167,23488,1
101,11757,29376,4133,T-90M,23,2,0,Default State,7,3,AH64D_AttHeli,Primary,2,13120,23699,1
73,14724,26326,4334,Red_Inf_Squad,17,2,1,Shot At State (Pri),38,9,M109A6 155mm,Primary,1,27591,689,1
77,14540,31368,4374,Red_Inf_Squad,18,2,0,Shot At State (Pri),7,3,AH64D_AttHeli,Primary,3,12391,25565,1
98,10174,28178,4510,Red_SA18,22,2,0,Shot At State (Pri),7,3,AH64D_AttHeli,Primary,2,10791,28021,1
66,15559,25953,4643,Red_Inf_Squad,17,2,0,Shot At State (Sec),62,15,Bradley M2A3,Secondary,2,14393,25770,1
68,13469,26236,4646,Red_Inf_Squad,17,2,1,Shot At State (Sec),62,15,Bradley M2A3,Secondary,2,14392,25773,1
71,14176,26194,4651,Red_Inf_Squad,17,2,1,Shot At State (Sec),62,15,Bradley M2A3,Secondary,2,14388,25773,1
65,14237,26265,4680,Red_Inf_Squad,17,2,1,Shot At State (Pri),52,12,Bradley_Infantry,Primary,1,14500,25877,1
74,15623,25930,4730,Red_Inf_Squad,17,2,0,Shot At State (Sec),62,15,Bradley M2A3,Secondary,2,14353,25785,1
69,13759,26320,4769,Red_Inf_Squad,17,2,1,Shot At State (Sec),62,15,Bradley M2A3,Secondary,2,14334,25778,1
67,15520,25775,4798,Red_Inf_Squad,17,2,0,Shot At State (Pri),7,3,AH64D_AttHeli,Primary,3,12014,27033,1
84,14425,30807,4838,Red_Inf_Squad,18,2,1,Shot At State (Pri),7,3,AH64D_AttHeli,Primary,2,12227,26846,1
88,13680,30843,4965,Red_Inf_Squad,18,2,1,Shot At State (Pri),7,3,AH64D_AttHeli,Primary,2,12625,26633,1
108,14417,29900,4970,Red_Milan,26,2,0,Shot At State (Pri),7,3,AH64D_AttHeli,Primary,2,12658,26643,1
64,15701,26071,5108,Red_Inf_Squad,17,2,0,Shot At State (Pri),34,7,M1A2 Abrams Sep,Primary,1,14667,25533,1
70,15746,25562,5138,Red_Inf_Squad,17,2,0,Shot At State (Sec),33,7,M1A2 Abrams Sep,Secondary,3,14748,26092,1
72,15533,25878,5232,Red_Inf_Squad,17,2,0,Shot At State (Sec),35,7,M1A2 Abrams Sep,Secondary,3,14745,25991,1
109,14366,29825,5595,Red_Milan,26,2,0,Shot At State (Pri),7,3,AH64D_AttHeli,Primary,2,14424,27307,1
82,13117,30944,5633,Red_Inf_Squad,18,2,1,Shot At State (Pri),7,3,AH64D_AttHeli,Primary,2,14459,27450,1
83,14545,31219,5651,Red_Inf_Squad,18,2,0,Shot At State (Pri),7,3,AH64D_AttHeli,Primary,2,14469,27430,1
80,14184,30745,6364,Red_Inf_Squad,18,2,1,Shot At State (Pri),7,3,AH64D_AttHeli,Primary,2,14678,26535,1
105,15600,31628,6415,Red_AGS30_Squad,25,2,1,Shot At State (Pri),7,3,AH64D_AttHeli,Primary,2,14676,26524,1
90,14068,30685,6471,Red_Inf_Squad,18,2,1,Shot At State (Pri),38,9,M109A6 155mm,Primary,1,27591,689,1
107,15637,31753,6489,Red_AGS30_Squad,25,2,1,Shot At State (Pri),7,3,AH64D_AttHeli,Primary,2,14645,26621,1
78,13737,30846,8100,Red_Inf_Squad,18,2,1,Shot At State (Pri),38,9,M109A6 155mm,Primary,1,27591,689,1
76,13610,31003,8214,Red_Inf_Squad,18,2,1,Shot At State (Pri),38,9,M109A6 155mm,Primary,1,27591,689,1
86,14467,30765,8241,Red_Inf_Squad,18,2,1,Shot At State (Sec),35,7,M1A2 Abrams Sep,Secondary,3,15050,30741,1
89,14509,31395,8285,Red_Inf_Squad,18,2,0,Shot At State (Sec),35,7,M1A2 Abrams Sep,Secondary,3,14824,31275,1
35,14797,31373,8292,M1A2 Abrams Sep,7,1,0,Default State,79,18,Red_Inf_Squad,Primary,4,14529,31117,2
85,14623,31193,8366,Red_Inf_Squad,18,2,0,Shot At State (Sec),9,4,Bradley M2A3,Secondary,2,15182,30183,1
79,14543,31115,8366,Red_Inf_Squad,18,2,0,Shot At State (Sec),63,16,Bradley M2A3,Secondary,2,15219,30261,1
75,14606,31478,8368,Red_Inf_Squad,18,2,0,Shot At State (Sec),62,15,Bradley M2A3,Secondary,2,15183,30407,1
81,14597,31421,8393,Red_Inf_Squad,18,2,0,Shot At State (Sec),9,4,Bradley M2A3,Secondary,2,14946,30236,1
87,14508,31329,8400,Red_Inf_Squad,18,2,0,Shot At State (Sec),9,4,Bradley M2A3,Secondary,2,14890,30239,1
11,14815,32443,9722,Bradley_Infantry,5,1,0,Shot At State (Pri),104,25,Red_AGS30_Squad,Primary,2,15082,32474,2
54,14713,32632,9818,Bradley_Infantry,13,1,0,Shot At State (Pri),104,25,Red_AGS30_Squad,Primary,2,15082,32474,2
16,14848,32419,9906,Bradley_Infantry,5,1,0,Shot At State (Pri),104,25,Red_AGS30_Squad,Primary,2,15082,32474,2
14,14748,32743,10055,Bradley_Infantry,5,1,0,Shot At State (Pri),104,25,Red_AGS30_Squad,Primary,1,15082,32474,2
47,14659,33228,10203,Bradley_Infantry,12,1,0,Shot At State (Pri),106,25,Red_AGS30_Squad,Primary,1,15108,32482,2
# Run End
