# MANA Casualty Location Results File
# Version: 5.01.04
# Machine Name: MAZZAS-PC
# Run Started at 3/21/2013, 9:28:33 PM
RandSeed= 1438842818
ID,x-casualty,y-casualty,time,Cas Squad,Cas Squad ID,Cas alleg,subsquad,state,shooter ID,Squad ID,Sqd name,weapon class,weapon ID,x-shooter,y-shooter,shooter alleg
78
6,15221,2952,105,IED,2,2,0,Default State,38,9,M109A6 155mm,Primary,2,27618,284,1
92,14004,3151,141,Red_60mm_mortar,19,2,0,Shot At State (Pri),63,16,Bradley M2A3,Primary,3,15282,1892,1
93,14139,3141,162,Red_60mm_mortar,19,2,0,Shot At State (Pri),34,7,M1A2 Abrams Sep,Primary,1,15418,1933,1
31,14767,3246,225,Red_Inf_Squad,6,2,0,Shot At State (Pri),38,9,M109A6 155mm,Primary,1,27618,284,1
57,15875,2779,237,Bradley_Infantry,13,1,0,Shot At State (Sec),27,6,Red_Inf_Squad,Secondary,3,15994,2988,2
91,14257,3102,245,Red_60mm_mortar,19,2,0,Shot At State (Pri),38,9,M109A6 155mm,Primary,1,27618,284,1
20,15990,2983,245,Red_Inf_Squad,6,2,3,Shot At State (Pri),9,4,Bradley M2A3,Primary,3,15294,2566,1
27,15995,2988,245,Red_Inf_Squad,6,2,3,Shot At State (Pri),9,4,Bradley M2A3,Primary,3,15294,2566,1
17,14500,3232,248,Red_Inf_Squad,6,2,0,Shot At State (Pri),7,3,AH64D_AttHeli,Primary,3,17238,2290,1
19,15542,3279,250,Red_Inf_Squad,6,2,2,Shot At State (Pri),9,4,Bradley M2A3,Primary,1,15322,2622,1
24,14531,3242,253,Red_Inf_Squad,6,2,0,Shot At State (Pri),7,3,AH64D_AttHeli,Primary,2,17200,2285,1
28,15978,3467,274,Red_Inf_Squad,6,2,4,Shot At State (Pri),7,3,AH64D_AttHeli,Primary,2,17069,2248,1
21,15722,3562,279,Red_Inf_Squad,6,2,4,Shot At State (Pri),9,4,Bradley M2A3,Primary,1,15442,3017,1
26,15542,3275,299,Red_Inf_Squad,6,2,2,Shot At State (Sec),63,16,Bradley M2A3,Secondary,2,15800,3011,1
29,14930,3176,319,Red_Inf_Squad,6,2,5,Shot At State (Sec),9,4,Bradley M2A3,Secondary,2,15232,3381,1
22,14899,3418,347,Red_Inf_Squad,6,2,5,Shot At State (Sec),9,4,Bradley M2A3,Secondary,2,15236,3404,1
23,14979,3458,356,Red_Inf_Squad,6,2,6,Shot At State (Sec),61,14,Bradley M2A3,Secondary,2,15431,3152,1
10,15369,3537,415,Bradley_Infantry,5,1,0,Shot At State (Pri),30,6,Red_Inf_Squad,Primary,4,14972,3919,2
11,15369,3537,415,Bradley_Infantry,5,1,0,Shot At State (Pri),30,6,Red_Inf_Squad,Primary,4,14972,3919,2
12,15369,3537,415,Bradley_Infantry,5,1,0,Shot At State (Pri),30,6,Red_Inf_Squad,Primary,4,14972,3919,2
13,15369,3537,415,Bradley_Infantry,5,1,0,Shot At State (Pri),30,6,Red_Inf_Squad,Primary,4,14972,3919,2
14,15369,3537,415,Bradley_Infantry,5,1,0,Shot At State (Pri),30,6,Red_Inf_Squad,Primary,4,14972,3919,2
15,15369,3537,415,Bradley_Infantry,5,1,0,Shot At State (Pri),30,6,Red_Inf_Squad,Primary,4,14972,3919,2
16,15369,3537,415,Bradley_Infantry,5,1,0,Shot At State (Pri),30,6,Red_Inf_Squad,Primary,4,14972,3919,2
9,15369,3537,415,Bradley M2A3,4,1,0,Shot At State (Pri),30,6,Red_Inf_Squad,Primary,4,14972,3919,2
30,14974,3915,426,Red_Inf_Squad,6,2,6,Shot At State (Pri),61,14,Bradley M2A3,Primary,3,15440,3247,1
25,13810,3112,525,Red_Inf_Squad,6,2,1,Shot At State (Pri),7,3,AH64D_AttHeli,Primary,2,15459,2125,1
32,13562,3027,532,Red_Inf_Squad,6,2,1,Shot At State (Pri),8,3,AH64D_AttHeli,Primary,2,18777,2859,1
18,13731,3099,543,Red_Inf_Squad,6,2,1,Shot At State (Pri),7,3,AH64D_AttHeli,Primary,3,15409,2144,1
0,14929,25562,2513,Minefield,1,2,0,Default State,38,9,M109A6 155mm,Primary,2,27618,284,1
99,11313,32437,2861,T-90M,23,2,0,Default State,38,9,M109A6 155mm,Primary,2,27618,284,1
2,14990,25785,2985,Minefield,1,2,0,Default State,38,9,M109A6 155mm,Primary,2,27618,284,1
102,10614,33143,3228,T-90M,23,2,0,Default State,38,9,M109A6 155mm,Primary,2,27618,284,1
96,12242,17592,3255,Red_Milan,21,2,0,Shot At State (Pri),7,3,AH64D_AttHeli,Primary,1,11847,17410,1
95,12273,17613,3296,Red_Milan,21,2,0,Shot At State (Pri),8,3,AH64D_AttHeli,Primary,2,11952,18108,1
110,16044,25397,3427,Red_Milan,26,2,1,Shot At State (Pri),8,3,AH64D_AttHeli,Primary,3,12052,19098,1
111,16313,25374,3810,Red_Milan,26,2,1,Shot At State (Pri),38,9,M109A6 155mm,Primary,1,27618,284,1
1,15046,25660,3963,Minefield,1,2,0,Default State,8,3,AH64D_AttHeli,Primary,2,12809,22229,1
5,14947,25525,4011,Minefield,1,2,0,Default State,7,3,AH64D_AttHeli,Primary,3,12771,24135,1
3,15170,25805,4036,Minefield,1,2,0,Default State,7,3,AH64D_AttHeli,Primary,2,12740,24320,1
4,15004,25377,4045,Minefield,1,2,0,Default State,8,3,AH64D_AttHeli,Primary,2,12561,23438,1
83,14562,31409,4128,Red_Inf_Squad,18,2,0,Shot At State (Pri),7,3,AH64D_AttHeli,Primary,3,12935,24590,1
77,14514,31373,4216,Red_Inf_Squad,18,2,0,Shot At State (Pri),38,9,M109A6 155mm,Primary,1,27618,284,1
81,14635,31119,4233,Red_Inf_Squad,18,2,0,Shot At State (Pri),38,9,M109A6 155mm,Primary,1,27618,284,1
100,11941,29777,4250,T-90M,23,2,0,Squad Taken Shot State (Pri),7,3,AH64D_AttHeli,Primary,2,13034,24973,1
65,14401,26330,4332,Red_Inf_Squad,17,2,1,Shot At State (Pri),8,3,AH64D_AttHeli,Primary,3,15807,21227,1
73,13274,26224,4371,Red_Inf_Squad,17,2,1,Shot At State (Pri),7,3,AH64D_AttHeli,Primary,1,12833,25550,1
68,13221,26209,4398,Red_Inf_Squad,17,2,1,Shot At State (Pri),38,9,M109A6 155mm,Primary,1,27618,284,1
79,14557,31461,4418,Red_Inf_Squad,18,2,0,Shot At State (Pri),38,9,M109A6 155mm,Primary,1,27618,284,1
69,14457,26161,5389,Red_Inf_Squad,17,2,1,Shot At State (Sec),34,7,M1A2 Abrams Sep,Secondary,3,14493,25640,1
74,14688,26309,5456,Red_Inf_Squad,17,2,1,Shot At State (Pri),33,7,M1A2 Abrams Sep,Primary,1,14348,24341,1
72,15054,26327,5577,Red_Inf_Squad,17,2,1,Shot At State (Pri),62,15,Bradley M2A3,Primary,1,14901,25471,1
101,12293,28259,5646,T-90M,23,2,0,Squad Taken Shot State (Pri),34,7,M1A2 Abrams Sep,Primary,1,14182,26406,1
71,15578,25655,5666,Red_Inf_Squad,17,2,0,Shot At State (Pri),62,15,Bradley M2A3,Primary,3,14935,25832,1
66,15540,25510,5912,Red_Inf_Squad,17,2,0,Shot At State (Pri),48,12,Bradley_Infantry,Primary,1,14882,26016,1
67,15724,25930,5936,Red_Inf_Squad,17,2,0,Shot At State (Pri),36,7,M1A2 Abrams Sep,Primary,1,14194,25309,1
70,13144,26166,6004,Red_Inf_Squad,17,2,1,Shot At State (Sec),63,16,Bradley M2A3,Secondary,2,13179,26203,1
64,15514,25616,6198,Red_Inf_Squad,17,2,0,Shot At State (Pri),48,12,Bradley_Infantry,Primary,1,14811,26184,1
108,14239,29868,6227,Red_Milan,26,2,0,Shot At State (Pri),38,9,M109A6 155mm,Primary,1,27618,284,1
98,10362,28010,7514,Red_SA18,22,2,0,Shot At State (Pri),7,3,AH64D_AttHeli,Primary,2,11860,20648,1
109,14378,29816,7659,Red_Milan,26,2,0,Shot At State (Pri),8,3,AH64D_AttHeli,Primary,2,11615,22508,1
97,10096,28125,7732,Red_SA18,22,2,0,Shot At State (Pri),7,3,AH64D_AttHeli,Primary,3,11890,21772,1
94,11154,28785,7957,Red_M120mm_mortar,20,2,0,Taken Shot State (Pri),8,3,AH64D_AttHeli,Primary,2,12289,23352,1
107,15617,31637,9497,Red_AGS30_Squad,25,2,1,Shot At State (Pri),35,7,M1A2 Abrams Sep,Primary,1,15197,29953,1
106,15101,32408,9599,Red_AGS30_Squad,25,2,0,Shot At State (Pri),8,3,AH64D_AttHeli,Primary,2,14230,28917,1
78,14332,30878,9610,Red_Inf_Squad,18,2,1,Shot At State (Pri),33,7,M1A2 Abrams Sep,Primary,1,15115,29651,1
90,14012,30866,9930,Red_Inf_Squad,18,2,1,Shot At State (Pri),8,3,AH64D_AttHeli,Primary,2,14118,29339,1
80,14272,30934,10050,Red_Inf_Squad,18,2,1,Shot At State (Pri),7,3,AH64D_AttHeli,Primary,2,14288,29105,1
105,15582,31692,10106,Red_AGS30_Squad,25,2,1,Shot At State (Pri),8,3,AH64D_AttHeli,Primary,2,14216,29177,1
88,14021,31006,10185,Red_Inf_Squad,18,2,1,Shot At State (Pri),38,9,M109A6 155mm,Primary,1,27618,284,1
85,14620,31172,10230,Red_Inf_Squad,18,2,0,Shot At State (Pri),7,3,AH64D_AttHeli,Primary,2,14500,29580,1
75,14520,31139,10240,Red_Inf_Squad,18,2,0,Shot At State (Sec),34,7,M1A2 Abrams Sep,Secondary,3,14857,31042,1
86,14365,30944,10272,Red_Inf_Squad,18,2,1,Shot At State (Sec),34,7,M1A2 Abrams Sep,Secondary,3,14745,31187,1
87,14590,31368,10287,Red_Inf_Squad,18,2,0,Shot At State (Sec),34,7,M1A2 Abrams Sep,Secondary,3,14704,31262,1
76,14419,30954,10368,Red_Inf_Squad,18,2,1,Shot At State (Sec),33,7,M1A2 Abrams Sep,Secondary,2,14823,31034,1
89,14604,31034,10392,Red_Inf_Squad,18,2,0,Shot At State (Sec),35,7,M1A2 Abrams Sep,Secondary,3,14771,31147,1
82,13183,30765,11442,Red_Inf_Squad,18,2,1,Shot At State (Pri),8,3,AH64D_AttHeli,Primary,3,13955,29837,1
84,13668,31060,11689,Red_Inf_Squad,18,2,1,Shot At State (Pri),8,3,AH64D_AttHeli,Primary,2,12356,27857,1
# Run End
