# MANA Agent End State Results File
# Version: 5.01.04
# Machine Name: MAZZAS-PC
# Run Started at 4/8/2013, 9:02:40 PM
RandSeed= 1277134287
ID,name,squad,subsquad,x,y,status,fuel,goalx,goaly,hits,state,trig_step,ammo1,ammo2,ammo3,ammo4,ammo5,ammo6
0,Minefield_agent,Minefield,0,14974.0,25636.0,Dead,1000,0,0,1,Default State,0,1, 0, 0, 0, 0, 0
1,Minefield_agent,Minefield,0,14843.0,25696.0,Active,1000,0,0,0,Taken Shot State (Pri),4723,0, 0, 0, 0, 0, 0
2,Minefield_agent,Minefield,0,14924.0,25375.0,Dead,1000,0,0,1,Default State,0,1, 0, 0, 0, 0, 0
3,Minefield_agent,Minefield,0,14893.0,25735.0,Active,1000,0,0,0,Default State,0,1, 0, 0, 0, 0, 0
4,Minefield_agent,Minefield,0,14829.0,25721.0,Active,1000,0,0,0,Taken Shot State (Pri),4716,0, 0, 0, 0, 0, 0
5,Minefield_agent,Minefield,0,14992.0,25531.0,Dead,1000,0,0,1,Default State,0,1, 0, 0, 0, 0, 0
6,IED_agent,IED,0,15221.0,2952.0,Dead,1000,0,0,1,Default State,0,1, 0, 0, 0, 0, 0
7,AH64D_AttHel_agent,AH64D_AttHeli,0,14656.0,26886.5,Dead,3396,2419,2853,2,Fuel Out State,16200,1188,5,17, 0, 0, 0
8,AH64D_AttHel_agent,AH64D_AttHeli,0,28672.8,569.2,Injured,3396,2419,2853,1,Fuel Out State,16200,1190,1,34, 0, 0, 0
9,Bradley M2A3_agent,Bradley M2A3,0,12740.8,30691.1,Active,1000,15000,31569,0,Dembuss Child,16552,886,4398,7, 0, 0, 0
10,Bradley_Infa_agent,Bradley_Infantry,0,13663.0,31905.3,Active,8600,13629,39556,0,Reach Dynamic Waypoint State,14849,1166,1250,70,1, 0, 0
11,Bradley_Infa_agent,Bradley_Infantry,0,12740.8,30691.1,Active,8600,13629,39556,0,Reach Dynamic Waypoint State,14837,1168,1250,70,0, 0, 0
12,Bradley_Infa_agent,Bradley_Infantry,0,15153.9,2003.3,Dead,8600,13629,39556,1,Shot At State (Pri),104,1200,1250,70,1, 0, 0
13,Bradley_Infa_agent,Bradley_Infantry,0,12740.8,30691.1,Active,8600,13629,39556,0,Reach Dynamic Waypoint State,14851,1166,1250,70,1, 0, 0
14,Bradley_Infa_agent,Bradley_Infantry,0,14916.1,31605.0,Dead,8600,13629,39556,1,Shot At State (Pri),13610,1168,1250,70,1, 0, 0
15,Bradley_Infa_agent,Bradley_Infantry,0,15159.3,1997.6,Dead,8600,13629,39556,1,Shot At State (Pri),104,1200,1250,70,1, 0, 0
16,Bradley_Infa_agent,Bradley_Infantry,0,15108.7,30075.4,Dead,8600,13629,39556,1,Shot At State (Pri),11742,1184,1250,70,1, 0, 0
17,Red_Inf_Squa_agent,Red_Inf_Squad,0,14660.4,3173.7,Dead,8600,0,0,1,Shot At State (Pri),335,1958,3500,20,1, 0, 0
18,Red_Inf_Squa_agent,Red_Inf_Squad,1,13599.7,3110.2,Dead,8600,0,0,1,Shot At State (Pri),511,1984,3500,20,1, 0, 0
19,Red_Inf_Squa_agent,Red_Inf_Squad,2,15543.0,3277.6,Dead,8600,0,0,1,Shot At State (Sec),210,1989,3500,20,1, 0, 0
20,Red_Inf_Squa_agent,Red_Inf_Squad,3,15941.4,2976.2,Dead,8600,0,0,1,Shot At State (Sec),221,1995,3499,20,1, 0, 0
21,Red_Inf_Squa_agent,Red_Inf_Squad,4,15664.8,3517.1,Dead,8600,0,0,1,Shot At State (Sec),286,1984,3500,20,1, 0, 0
22,Red_Inf_Squa_agent,Red_Inf_Squad,5,14936.3,3336.0,Dead,8600,0,0,1,Shot At State (Sec),264,1931,3500,20,1, 0, 0
23,Red_Inf_Squa_agent,Red_Inf_Squad,6,14949.4,3477.7,Dead,8600,0,0,1,Shot At State (Sec),261,1996,3500,20,1, 0, 0
24,Red_Inf_Squa_agent,Red_Inf_Squad,0,14652.9,3196.7,Dead,8600,0,0,1,Shot At State (Sec),428,1935,3500,20,1, 0, 0
25,Red_Inf_Squa_agent,Red_Inf_Squad,1,14128.5,3010.2,Dead,8600,0,0,1,Shot At State (Pri),228,2000,3500,20,1, 0, 0
26,Red_Inf_Squa_agent,Red_Inf_Squad,2,15542.8,3276.9,Dead,8600,0,0,1,Shot At State (Sec),254,1942,3497,20,0, 0, 0
27,Red_Inf_Squa_agent,Red_Inf_Squad,3,15985.0,2969.7,Dead,8600,0,0,1,Shot At State (Pri),283,1971,3499,20,0, 0, 0
28,Red_Inf_Squa_agent,Red_Inf_Squad,4,15623.7,3516.8,Dead,8600,0,0,1,Shot At State (Sec),214,1994,3500,20,1, 0, 0
29,Red_Inf_Squa_agent,Red_Inf_Squad,5,14942.0,3353.8,Dead,8600,0,0,1,Shot At State (Pri),376,1994,3500,20,1, 0, 0
30,Red_Inf_Squa_agent,Red_Inf_Squad,6,14879.1,3551.6,Dead,8600,0,0,1,Shot At State (Sec),301,1959,3500,20,1, 0, 0
31,Red_Inf_Squa_agent,Red_Inf_Squad,0,14380.0,3242.0,Dead,8600,0,0,1,Shot At State (Pri),175,2000,3500,20,1, 0, 0
32,Red_Inf_Squa_agent,Red_Inf_Squad,1,14037.0,3093.0,Dead,8600,0,0,1,Shot At State (Pri),267,2000,3500,20,1, 0, 0
33,M1A2 Abrams _agent,M1A2 Abrams Sep,0,13573.7,38680.6,Active,1000,13629,39937,0,Default State,12361,40,898,4400, 0, 0, 0
34,M1A2 Abrams _agent,M1A2 Abrams Sep,0,13575.5,39095.3,Active,1000,13629,39937,0,Default State,12361,41,894,4398, 0, 0, 0
35,M1A2 Abrams _agent,M1A2 Abrams Sep,0,13614.7,39757.0,Active,1000,13629,39937,0,Default State,12361,40,896,4398, 0, 0, 0
36,M1A2 Abrams _agent,M1A2 Abrams Sep,0,13754.9,37429.8,Active,1000,13629,39937,0,Default State,12361,34,892,4400, 0, 0, 0
37,Company_HQ_agent,Company_HQ,0,28633.0,704.0,Active,999999,0,0,0,Default State,0, 0, 0, 0, 0, 0, 0
38,M109A6 155mm_agent,M109A6 155mm,0,27936.0,230.0,Active,1000,0,0,0,Default State,0,16,16, 0, 0, 0, 0
39,RQ11 Raven_agent,RQ11 Raven,0,3216.1,14947.3,Active,4545,21532,17369,0,Default State,16197, 0, 0, 0, 0, 0, 0
40,Bradley_Infa_agent,Bradley_Infantry,0,14872.8,31933.9,Dead,8600,13548,39176,1,Shot At State (Pri),15573,1156,1250,70,1, 0, 0
41,Bradley_Infa_agent,Bradley_Infantry,0,14119.6,32122.4,Active,8600,13548,39176,0,Reach Dynamic Waypoint State,14789,1178,1250,70,1, 0, 0
42,Bradley_Infa_agent,Bradley_Infantry,0,14377.6,31554.8,Active,8600,13548,39176,0,Reach Dynamic Waypoint State,14796,1156,1250,70,1, 0, 0
43,Bradley_Infa_agent,Bradley_Infantry,0,14157.4,32189.1,Active,8600,13548,39176,0,Reach Dynamic Waypoint State,14783,1178,1250,70,1, 0, 0
44,Bradley_Infa_agent,Bradley_Infantry,0,12739.1,26196.9,Dead,8600,13548,39176,1,Shot At State (Pri),6799,1174,1250,70,1, 0, 0
45,Bradley_Infa_agent,Bradley_Infantry,0,15574.9,2739.3,Dead,8600,13548,39176,1,Shot At State (Pri),235,1200,1250,70,1, 0, 0
46,Bradley_Infa_agent,Bradley_Infantry,0,15026.4,32256.5,Dead,8600,13548,39176,1,Shot At State (Pri),16529,1178,1250,70,1, 0, 0
47,Bradley_Infa_agent,Bradley_Infantry,0,14762.0,31800.4,Dead,8600,13548,39176,1,Shot At State (Pri),13552,1150,1250,70,0, 0, 0
48,Bradley_Infa_agent,Bradley_Infantry,0,14050.9,32650.4,Active,8600,13548,39176,0,Reach Dynamic Waypoint State,15562,1148,1250,70,1, 0, 0
49,Bradley_Infa_agent,Bradley_Infantry,0,13914.7,32328.6,Active,8600,13548,39176,0,Reach Dynamic Waypoint State,15398,1144,1250,70,1, 0, 0
50,Bradley_Infa_agent,Bradley_Infantry,0,13906.5,32102.6,Active,8600,13548,39176,0,Reach Dynamic Waypoint State,15250,1152,1250,70,1, 0, 0
51,Bradley_Infa_agent,Bradley_Infantry,0,14237.3,31694.7,Active,8600,13548,39176,0,Reach Dynamic Waypoint State,15510,1146,1250,70,0, 0, 0
52,Bradley_Infa_agent,Bradley_Infantry,0,14561.8,31413.9,Dead,8600,13548,39176,1,Shot At State (Pri),14943,1144,1250,70,1, 0, 0
53,Bradley_Infa_agent,Bradley_Infantry,0,14961.8,31821.8,Dead,8600,13548,39176,1,Shot At State (Pri),16036,1144,1250,70,0, 0, 0
54,Bradley_Infa_agent,Bradley_Infantry,0,12667.3,30589.0,Active,8600,13548,39176,0,Reach Dynamic Waypoint State,15758,1182,1250,70,1, 0, 0
55,Bradley_Infa_agent,Bradley_Infantry,0,14740.0,26052.9,Dead,8600,13548,39176,1,Shot At State (Pri),5068,1200,1250,70,1, 0, 0
56,Bradley_Infa_agent,Bradley_Infantry,0,14765.6,26027.8,Dead,8600,13548,39176,1,Shot At State (Pri),5068,1200,1250,70,1, 0, 0
57,Bradley_Infa_agent,Bradley_Infantry,0,13638.2,32042.9,Active,8600,13548,39176,0,Default State,16580,1182,1250,70,1, 0, 0
58,Bradley_Infa_agent,Bradley_Infantry,0,13630.8,32023.3,Active,8600,13548,39176,0,Default State,16614,1182,1250,70,1, 0, 0
59,Bradley_Infa_agent,Bradley_Infantry,0,13680.8,32045.9,Active,8600,13548,39176,0,Default State,16535,1182,1250,70,1, 0, 0
60,Bradley_Infa_agent,Bradley_Infantry,0,12667.3,30589.0,Active,8600,13548,39176,0,Reach Dynamic Waypoint State,16440,1180,1250,70,1, 0, 0
61,Bradley M2A3_agent,Bradley M2A3,0,12694.9,30619.0,Active,1000,15000,31569,0,Dembuss Child,16569,858,4376,6, 0, 0, 0
62,Bradley M2A3_agent,Bradley M2A3,0,12834.5,30800.6,Active,1000,15000,31569,0,Dembuss Child,16556,890,4396,7, 0, 0, 0
63,Bradley M2A3_agent,Bradley M2A3,0,12667.3,30589.0,Active,1000,15000,31569,0,Dembuss Child,16553,868,4396,5, 0, 0, 0
64,Red_Inf_Squa_agent,Red_Inf_Squad,1,14613.3,26272.0,Dead,8600,0,0,1,Shot At State (Pri),4538,2000,3500,20,1, 0, 0
65,Red_Inf_Squa_agent,Red_Inf_Squad,1,13663.3,26302.2,Dead,8600,0,0,1,Shot At State (Sec),4833,1981,3500,20,1, 0, 0
66,Red_Inf_Squa_agent,Red_Inf_Squad,1,14449.0,26170.0,Dead,8600,0,0,1,Shot At State (Pri),4206,2000,3500,20,1, 0, 0
67,Red_Inf_Squa_agent,Red_Inf_Squad,0,15666.4,26037.2,Dead,8600,0,0,1,Shot At State (Sec),9285,1951,3500,20,0, 0, 0
68,Red_Inf_Squa_agent,Red_Inf_Squad,1,14049.8,26196.0,Dead,8600,0,0,1,Shot At State (Pri),4852,2000,3500,20,1, 0, 0
69,Red_Inf_Squa_agent,Red_Inf_Squad,1,14093.8,26254.2,Dead,8600,0,0,1,Shot At State (Sec),4725,2000,3500,20,1, 0, 0
70,Red_Inf_Squa_agent,Red_Inf_Squad,1,14576.4,26146.5,Dead,8600,0,0,1,Shot At State (Pri),4670,2000,3500,20,1, 0, 0
71,Red_Inf_Squa_agent,Red_Inf_Squad,1,14342.7,26136.8,Dead,8600,0,0,1,Shot At State (Pri),4727,2000,3500,20,1, 0, 0
72,Red_Inf_Squa_agent,Red_Inf_Squad,1,13554.1,26269.9,Dead,8600,0,0,1,Shot At State (Sec),4931,2000,3500,20,0, 0, 0
73,Red_Inf_Squa_agent,Red_Inf_Squad,0,15626.2,25593.3,Dead,8600,0,0,1,Shot At State (Pri),4991,1973,3500,20,1, 0, 0
74,Red_Inf_Squa_agent,Red_Inf_Squad,0,15571.1,25780.8,Dead,8600,0,0,1,Shot At State (Pri),4882,1973,3500,20,1, 0, 0
75,Red_Inf_Squa_agent,Red_Inf_Squad,0,14520.6,31081.2,Dead,8600,0,0,1,Shot At State (Sec),11861,2000,3500,20,0, 0, 0
76,Red_Inf_Squa_agent,Red_Inf_Squad,1,13365.7,30771.0,Dead,8600,0,0,1,Shot At State (Pri),12575,1914,3500,20,1, 0, 0
77,Red_Inf_Squa_agent,Red_Inf_Squad,0,14575.0,31223.0,Dead,8600,0,0,1,Shot At State (Pri),9597,2000,3500,20,1, 0, 0
78,Red_Inf_Squa_agent,Red_Inf_Squad,1,13520.8,30771.7,Dead,8600,0,0,1,Shot At State (Pri),12785,1899,3500,20,1, 0, 0
79,Red_Inf_Squa_agent,Red_Inf_Squad,0,14535.0,31274.0,Dead,8600,0,0,1,Shot At State (Pri),9706,2000,3500,20,1, 0, 0
80,Red_Inf_Squa_agent,Red_Inf_Squad,1,14089.8,30829.8,Dead,8600,0,0,1,Shot At State (Pri),11942,1913,3500,20,1, 0, 0
81,Red_Inf_Squa_agent,Red_Inf_Squad,0,14588.0,31033.1,Dead,8600,0,0,1,Shot At State (Pri),11643,2000,3500,20,0, 0, 0
82,Red_Inf_Squa_agent,Red_Inf_Squad,1,13120.0,30998.0,Dead,8600,0,0,1,Shot At State (Pri),12762,2000,3500,20,1, 0, 0
83,Red_Inf_Squa_agent,Red_Inf_Squad,0,14598.5,31357.0,Dead,8600,0,0,1,Shot At State (Pri),9892,2000,3500,20,1, 0, 0
84,Red_Inf_Squa_agent,Red_Inf_Squad,1,14265.5,30882.7,Dead,8600,0,0,1,Shot At State (Pri),11904,1920,3500,20,0, 0, 0
85,Red_Inf_Squa_agent,Red_Inf_Squad,0,14545.6,31045.1,Dead,8600,0,0,1,Shot At State (Pri),11658,2000,3500,20,0, 0, 0
86,Red_Inf_Squa_agent,Red_Inf_Squad,1,13899.6,30798.4,Dead,8600,0,0,1,Shot At State (Sec),11965,1906,3500,20,1, 0, 0
87,Red_Inf_Squa_agent,Red_Inf_Squad,0,14636.5,31118.1,Dead,8600,0,0,1,Shot At State (Sec),11810,2000,3500,20,0, 0, 0
88,Red_Inf_Squa_agent,Red_Inf_Squad,1,13567.1,30852.9,Dead,8600,0,0,1,Shot At State (Pri),12737,1914,3500,20,1, 0, 0
89,Red_Inf_Squa_agent,Red_Inf_Squad,0,14566.0,31216.0,Dead,8600,0,0,1,Shot At State (Pri),9603,2000,3500,20,1, 0, 0
90,Red_Inf_Squa_agent,Red_Inf_Squad,1,13525.7,30885.0,Dead,8600,0,0,1,Shot At State (Sec),12907,1912,3500,20,1, 0, 0
91,Red_60mm_mor_agent,Red_60mm_mortar,0,13995.0,3097.0,Dead,8600,0,0,1,Shot At State (Pri),201,44,500, 0, 0, 0, 0
92,Red_60mm_mor_agent,Red_60mm_mortar,0,14341.0,3066.0,Dead,8600,0,0,1,Shot At State (Pri),87,49,500, 0, 0, 0, 0
93,Red_60mm_mor_agent,Red_60mm_mortar,0,14097.0,3132.0,Dead,8600,0,0,1,Shot At State (Pri),201,47,500, 0, 0, 0, 0
94,Red_M120mm_m_agent,Red_M120mm_mortar,0,11121.0,28688.0,Dead,8600,0,0,1,Taken Shot State (Pri),6858,9,18, 0, 0, 0, 0
95,Red_Milan_agent,Red_Milan,0,12535.0,17607.0,Dead,8600,0,0,1,Shot At State (Pri),3345,1,3500, 0, 0, 0, 0
96,Red_Milan_agent,Red_Milan,0,12475.0,17533.0,Dead,8600,0,0,1,Shot At State (Pri),3373,0,3497, 0, 0, 0, 0
97,Red_SA18_agent,Red_SA18,0,10197.0,28165.0,Dead,8600,0,0,1,Shot At State (Pri),11469,0,3500, 0, 0, 0, 0
98,Red_SA18_agent,Red_SA18,0,10039.0,28072.0,Dead,8600,0,0,1,Shot At State (Pri),10499,0,3500, 0, 0, 0, 0
99,T-90M_agent,T-90M,0,11325.7,29336.0,Dead,1000,0,0,1,Squad Taken Shot State (Pri),4369,43,4400,2,300, 0, 0
100,T-90M_agent,T-90M,0,11639.8,30197.1,Dead,1000,0,0,1,Squad Taken Shot State (Pri),4369,43,4400,4,300, 0, 0
101,T-90M_agent,T-90M,0,10950.1,31492.2,Dead,1000,0,0,1,Squad Taken Shot State (Pri),4369,43,4400,4,300, 0, 0
102,T-90M_agent,T-90M,0,11717.1,29702.7,Dead,1000,0,0,1,Squad Taken Shot State (Pri),4369,43,4400,4,300, 0, 0
103,RED_Company__agent,RED_Company_HQ,0,1694.0,38732.0,Active,999999,0,0,0,Default State,0, 0, 0, 0, 0, 0, 0
104,Red_AGS30_Sq_agent,Red_AGS30_Squad,0,15096.0,32023.0,Active,8600,89,101,0,Default State,0,22,745, 0, 0, 0, 0
105,Red_AGS30_Sq_agent,Red_AGS30_Squad,1,15101.0,31649.0,Dead,8600,89,101,1,Shot At State (Pri),9525,29,750, 0, 0, 0, 0
106,Red_AGS30_Sq_agent,Red_AGS30_Squad,0,15083.0,32016.0,Active,8600,89,101,0,Default State,0,19,747, 0, 0, 0, 0
107,Red_AGS30_Sq_agent,Red_AGS30_Squad,1,15160.0,31711.0,Dead,8600,89,101,1,Shot At State (Pri),9156,29,750, 0, 0, 0, 0
108,Red_Milan_agent,Red_Milan,0,14484.0,29815.0,Dead,8600,0,0,1,Shot At State (Pri),5090,2,250, 0, 0, 0, 0
109,Red_Milan_agent,Red_Milan,0,14383.0,29820.0,Dead,8600,0,0,1,Shot At State (Pri),6876,2,250, 0, 0, 0, 0
110,Red_Milan_agent,Red_Milan,1,16136.0,25347.0,Dead,8600,0,0,1,Shot At State (Pri),5215,0,250, 0, 0, 0, 0
111,Red_Milan_agent,Red_Milan,1,16132.0,25365.0,Dead,8600,0,0,1,Shot At State (Pri),4772,0,250, 0, 0, 0, 0
# Run End
