# MANA Casualty Location Results File
# Version: 5.01.04
# Machine Name: MAZZAS-PC
# Run Started at 4/8/2013, 8:09:26 PM
RandSeed= 1840021150
ID,x-casualty,y-casualty,time,Cas Squad,Cas Squad ID,Cas alleg,subsquad,state,shooter ID,Squad ID,Sqd name,weapon class,weapon ID,x-shooter,y-shooter,shooter alleg
89
6,15221,2952,39,IED,2,2,0,Default State,34,7,M1A2 Abrams Sep,Primary,1,15040,795,1
91,14317,3070,155,Red_60mm_mortar,19,2,0,Shot At State (Pri),9,4,Bradley M2A3,Primary,1,14651,2701,1
92,14066,3139,166,Red_60mm_mortar,19,2,0,Shot At State (Pri),9,4,Bradley M2A3,Primary,3,14612,2736,1
30,14878,3923,208,Red_Inf_Squad,6,2,6,Shot At State (Pri),12,5,Bradley_Infantry,Primary,1,14564,2772,1
12,14562,2781,212,Bradley_Infantry,5,1,0,Shot At State (Pri),32,6,Red_Inf_Squad,Primary,1,14159,3149,2
9,14532,3073,212,Bradley M2A3,4,1,0,Shot At State (Pri),38,9,M109A6 155mm,Primary,1,27904,485,1
21,15558,3537,215,Red_Inf_Squad,6,2,4,Shot At State (Pri),61,14,Bradley M2A3,Primary,1,15226,2759,1
47,15157,2856,238,Bradley_Infantry,12,1,0,Taken Shot State (Pri),26,6,Red_Inf_Squad,Primary,4,15540,3276,2
48,15157,2856,238,Bradley_Infantry,12,1,0,Taken Shot State (Pri),26,6,Red_Inf_Squad,Primary,4,15540,3276,2
49,15157,2856,238,Bradley_Infantry,12,1,0,Taken Shot State (Pri),26,6,Red_Inf_Squad,Primary,4,15540,3276,2
50,15157,2856,238,Bradley_Infantry,12,1,0,Taken Shot State (Pri),26,6,Red_Inf_Squad,Primary,4,15540,3276,2
51,15157,2856,238,Bradley_Infantry,12,1,0,Taken Shot State (Pri),26,6,Red_Inf_Squad,Primary,4,15540,3276,2
52,15157,2856,238,Bradley_Infantry,12,1,0,Taken Shot State (Pri),26,6,Red_Inf_Squad,Primary,4,15540,3276,2
53,15157,2856,238,Bradley_Infantry,12,1,0,Taken Shot State (Pri),26,6,Red_Inf_Squad,Primary,4,15540,3276,2
62,15165,2860,238,Bradley M2A3,15,1,0,Shot At State (Pri),26,6,Red_Inf_Squad,Primary,4,15540,3276,2
93,13996,3071,245,Red_60mm_mortar,19,2,0,Shot At State (Pri),38,9,M109A6 155mm,Primary,1,27904,485,1
26,15540,3276,245,Red_Inf_Squad,6,2,2,Shot At State (Pri),7,3,AH64D_AttHeli,Primary,2,18942,1895,1
19,15545,3277,245,Red_Inf_Squad,6,2,2,Shot At State (Pri),7,3,AH64D_AttHeli,Primary,2,18942,1895,1
20,15624,3010,257,Red_Inf_Squad,6,2,3,Shot At State (Sec),63,16,Bradley M2A3,Secondary,2,15651,2662,1
32,14159,3148,305,Red_Inf_Squad,6,2,1,Shot At State (Pri),15,5,Bradley_Infantry,Primary,1,14597,2984,1
27,16025,2988,305,Red_Inf_Squad,6,2,3,Shot At State (Pri),63,16,Bradley M2A3,Primary,1,15725,2786,1
24,14372,3165,311,Red_Inf_Squad,6,2,0,Shot At State (Sec),16,5,Bradley_Infantry,Secondary,3,14588,2943,1
11,14572,2920,312,Bradley_Infantry,5,1,0,Shot At State (Pri),31,6,Red_Inf_Squad,Primary,2,14252,3162,2
46,15382,2991,315,Bradley_Infantry,11,1,0,Shot At State (Pri),38,9,M109A6 155mm,Primary,1,27904,485,1
31,14253,3162,327,Red_Inf_Squad,6,2,0,Shot At State (Pri),10,5,Bradley_Infantry,Primary,1,14563,2971,1
28,15886,3473,357,Red_Inf_Squad,6,2,4,Shot At State (Pri),63,16,Bradley M2A3,Primary,1,15773,3000,1
18,14075,3082,362,Red_Inf_Squad,6,2,1,Shot At State (Pri),63,16,Bradley M2A3,Primary,3,15775,3005,1
29,14971,3238,394,Red_Inf_Squad,6,2,5,Shot At State (Pri),60,13,Bradley_Infantry,Primary,1,15644,2886,1
42,15278,3130,430,Bradley_Infantry,11,1,0,Shot At State (Pri),38,9,M109A6 155mm,Primary,1,27904,485,1
17,14092,3192,444,Red_Inf_Squad,6,2,0,Shot At State (Pri),13,5,Bradley_Infantry,Primary,1,14586,2990,1
13,14581,2992,480,Bradley_Infantry,5,1,0,Shot At State (Pri),25,6,Red_Inf_Squad,Primary,1,13779,3060,2
23,14868,3599,485,Red_Inf_Squad,6,2,6,Shot At State (Pri),41,11,Bradley_Infantry,Primary,4,15194,3159,1
22,14923,3397,506,Red_Inf_Squad,6,2,5,Shot At State (Pri),40,11,Bradley_Infantry,Primary,1,15151,3186,1
25,13783,3059,721,Red_Inf_Squad,6,2,1,Shot At State (Pri),7,3,AH64D_AttHeli,Primary,2,16099,2377,1
0,15201,25587,3228,Minefield,1,2,0,Default State,38,9,M109A6 155mm,Primary,2,27904,485,1
5,15156,25636,3237,Minefield,1,2,0,Default State,38,9,M109A6 155mm,Primary,2,27904,485,1
95,12457,17557,3353,Red_Milan,21,2,0,Shot At State (Pri),8,3,AH64D_AttHeli,Primary,1,12825,17385,1
34,13547,14898,3418,M1A2 Abrams Sep,7,1,0,Default State,96,21,Red_Milan,Primary,1,12215,17517,2
96,12215,17517,3432,Red_Milan,21,2,0,Shot At State (Pri),8,3,AH64D_AttHeli,Primary,2,12141,20910,1
4,15062,25533,3561,Minefield,1,2,0,Default State,7,3,AH64D_AttHeli,Primary,2,12696,18998,1
99,11055,32091,3563,T-90M,23,2,0,Default State,8,3,AH64D_AttHeli,Primary,2,12308,25360,1
73,13357,26265,3670,Red_Inf_Squad,17,2,1,Shot At State (Pri),7,3,AH64D_AttHeli,Primary,2,12609,19835,1
100,10884,31147,3707,T-90M,23,2,0,Squad Taken Shot State (Pri),8,3,AH64D_AttHeli,Primary,2,12213,26158,1
8,12379,25900,3713,AH64D_AttHeli,3,1,0,Injured State,101,23,T-90M,Primary,3,11206,30308,2
1,14981,25686,3717,Minefield,1,2,0,Default State,7,3,AH64D_AttHeli,Primary,3,12566,20195,1
102,11201,29501,4028,T-90M,23,2,0,Squad Taken Shot State (Pri),7,3,AH64D_AttHeli,Primary,2,12240,22572,1
65,13440,26299,4060,Red_Inf_Squad,17,2,1,Shot At State (Pri),38,9,M109A6 155mm,Primary,1,27904,485,1
94,11069,28868,4165,Red_M120mm_mortar,20,2,0,Taken Shot State (Pri),7,3,AH64D_AttHeli,Primary,3,12147,23622,1
110,16311,25399,4203,Red_Milan,26,2,1,Shot At State (Pri),38,9,M109A6 155mm,Primary,1,27904,485,1
111,16100,25384,4221,Red_Milan,26,2,1,Shot At State (Pri),38,9,M109A6 155mm,Primary,1,27904,485,1
72,13977,26220,5542,Red_Inf_Squad,17,2,1,Shot At State (Pri),61,14,Bradley M2A3,Primary,1,13183,25754,1
56,13330,24840,5580,Bradley_Infantry,13,1,0,Shot At State (Pri),101,23,T-90M,Primary,1,11972,28123,2
66,15022,26140,5738,Red_Inf_Squad,17,2,1,Shot At State (Pri),61,14,Bradley M2A3,Primary,3,13015,26221,1
101,12223,27702,5824,T-90M,23,2,0,Squad Taken Shot State (Pri),63,16,Bradley M2A3,Primary,3,12923,26271,1
68,15571,25636,5906,Red_Inf_Squad,17,2,0,Shot At State (Pri),35,7,M1A2 Abrams Sep,Primary,1,14122,25454,1
67,15551,25872,6030,Red_Inf_Squad,17,2,0,Shot At State (Pri),33,7,M1A2 Abrams Sep,Primary,1,14230,25380,1
69,14702,26163,6216,Red_Inf_Squad,17,2,1,Shot At State (Pri),38,9,M109A6 155mm,Primary,1,27904,485,1
70,14951,26181,6225,Red_Inf_Squad,17,2,1,Shot At State (Pri),38,9,M109A6 155mm,Primary,1,27904,485,1
64,14895,26264,6368,Red_Inf_Squad,17,2,1,Shot At State (Pri),38,9,M109A6 155mm,Primary,1,27904,485,1
71,14883,26173,6368,Red_Inf_Squad,17,2,1,Shot At State (Pri),38,9,M109A6 155mm,Primary,1,27904,485,1
36,14319,27331,6647,M1A2 Abrams Sep,7,1,0,Default State,108,26,Red_Milan,Primary,1,14412,29889,2
33,14836,25356,6777,M1A2 Abrams Sep,7,1,0,Default State,2,1,Minefield,Primary,1,14828,25453,2
74,15450,25751,7035,Red_Inf_Squad,17,2,0,Shot At State (Pri),57,13,Bradley_Infantry,Primary,1,15361,26228,1
105,15357,31706,7079,Red_AGS30_Squad,25,2,1,Shot At State (Pri),38,9,M109A6 155mm,Primary,1,27904,485,1
108,14412,29889,7319,Red_Milan,26,2,0,Shot At State (Pri),61,14,Bradley M2A3,Primary,3,15315,28684,1
35,15382,29094,7735,M1A2 Abrams Sep,7,1,0,Default State,109,26,Red_Milan,Primary,1,14225,29882,2
109,14225,29882,8315,Red_Milan,26,2,0,Shot At State (Pri),40,11,Bradley_Infantry,Primary,4,15253,29343,1
79,14532,31203,8414,Red_Inf_Squad,18,2,0,Shot At State (Pri),7,3,AH64D_AttHeli,Primary,2,13224,26881,1
76,14038,30765,8480,Red_Inf_Squad,18,2,1,Shot At State (Pri),7,3,AH64D_AttHeli,Primary,2,13338,26896,1
77,14536,31055,8536,Red_Inf_Squad,18,2,0,Shot At State (Pri),7,3,AH64D_AttHeli,Primary,2,13455,27100,1
75,14598,31073,8654,Red_Inf_Squad,18,2,0,Shot At State (Pri),7,3,AH64D_AttHeli,Primary,3,13918,27532,1
89,14639,31100,8659,Red_Inf_Squad,18,2,0,Shot At State (Pri),7,3,AH64D_AttHeli,Primary,2,13935,27566,1
83,14594,31312,8683,Red_Inf_Squad,18,2,0,Shot At State (Pri),7,3,AH64D_AttHeli,Primary,2,14009,27717,1
80,13865,30705,8695,Red_Inf_Squad,18,2,1,Shot At State (Pri),7,3,AH64D_AttHeli,Primary,3,13996,27759,1
85,14601,31188,8719,Red_Inf_Squad,18,2,0,Shot At State (Pri),43,11,Bradley_Infantry,Primary,4,14648,29895,1
84,13291,30697,8725,Red_Inf_Squad,18,2,1,Shot At State (Pri),7,3,AH64D_AttHeli,Primary,2,13975,27815,1
82,14155,30689,8892,Red_Inf_Squad,18,2,1,Shot At State (Pri),7,3,AH64D_AttHeli,Primary,3,14037,28148,1
78,14120,30751,9036,Red_Inf_Squad,18,2,1,Shot At State (Pri),43,11,Bradley_Infantry,Primary,1,14274,30301,1
7,13765,28121,9065,AH64D_AttHeli,3,1,0,Shot At State (Pri),98,22,Red_SA18,Primary,1,10295,28091,2
86,13552,30715,9139,Red_Inf_Squad,18,2,1,Shot At State (Pri),41,11,Bradley_Infantry,Primary,1,14231,30533,1
87,14617,31458,10306,Red_Inf_Squad,18,2,0,Shot At State (Pri),60,13,Bradley_Infantry,Primary,1,14837,30670,1
81,14515,31504,10353,Red_Inf_Squad,18,2,0,Shot At State (Pri),40,11,Bradley_Infantry,Primary,1,14737,30645,1
90,13285,30751,10439,Red_Inf_Squad,18,2,1,Shot At State (Pri),61,14,Bradley M2A3,Primary,3,13894,30087,1
88,13370,30553,10564,Red_Inf_Squad,18,2,1,Shot At State (Pri),61,14,Bradley M2A3,Primary,1,13569,30021,1
107,15317,31678,12470,Red_AGS30_Squad,25,2,1,Shot At State (Pri),38,9,M109A6 155mm,Primary,1,27904,485,1
60,14988,31886,14541,Bradley_Infantry,13,1,0,Shot At State (Pri),104,25,Red_AGS30_Squad,Primary,2,15110,32351,2
40,14514,31645,36558,Bradley_Infantry,11,1,0,Shot At State (Pri),104,25,Red_AGS30_Squad,Primary,1,15110,32351,2
43,14725,31535,41730,Bradley_Infantry,11,1,0,Shot At State (Pri),106,25,Red_AGS30_Squad,Primary,1,15103,32346,2
41,14733,31547,41798,Bradley_Infantry,11,1,0,Shot At State (Pri),104,25,Red_AGS30_Squad,Primary,1,15110,32351,2
# Run End
