# MANA Agent End State Results File
# Version: 5.01.04
# Machine Name: MAZZAS-PC
# Run Started at 4/8/2013, 6:47:34 PM
RandSeed= 591153063
ID,name,squad,subsquad,x,y,status,fuel,goalx,goaly,hits,state,trig_step,ammo1,ammo2,ammo3,ammo4,ammo5,ammo6
0,Minefield_agent,Minefield,0,14911.0,25571.0,Dead,1000,0,0,1,Default State,0,1, 0, 0, 0, 0, 0
1,Minefield_agent,Minefield,0,14864.0,25469.0,Active,1000,0,0,0,Taken Shot State (Pri),8080,0, 0, 0, 0, 0, 0
2,Minefield_agent,Minefield,0,14834.0,25779.0,Active,1000,0,0,0,Taken Shot State (Pri),8621,0, 0, 0, 0, 0, 0
3,Minefield_agent,Minefield,0,14869.0,25460.0,Active,1000,0,0,0,Taken Shot State (Pri),8110,0, 0, 0, 0, 0, 0
4,Minefield_agent,Minefield,0,15180.0,25482.0,Dead,1000,0,0,1,Default State,0,1, 0, 0, 0, 0, 0
5,Minefield_agent,Minefield,0,14974.0,25600.0,Dead,1000,0,0,1,Default State,0,1, 0, 0, 0, 0, 0
6,IED_agent,IED,0,15221.0,2952.0,Dead,1000,0,0,1,Default State,0,1, 0, 0, 0, 0, 0
7,AH64D_AttHel_agent,AH64D_AttHeli,0,11504.4,26475.5,Dead,45402,2419,2853,2,Injured State,4531,1194,1,23, 0, 0, 0
8,AH64D_AttHel_agent,AH64D_AttHeli,0,15546.8,30590.6,Dead,987,2419,2853,2,Shot At State (Pri),11357,1180,5,13, 0, 0, 0
9,Bradley M2A3_agent,Bradley M2A3,0,12919.1,30412.8,Active,1000,15000,31569,0,Dembuss Child,14571,892,4392,6, 0, 0, 0
10,Bradley_Infa_agent,Bradley_Infantry,0,12470.8,23040.2,Dead,8600,13629,39556,1,Shot At State (Pri),4934,1194,1250,70,1, 0, 0
11,Bradley_Infa_agent,Bradley_Infantry,0,15061.4,31062.8,Dead,8600,13629,39556,1,Shot At State (Pri),12573,1192,1250,70,1, 0, 0
12,Bradley_Infa_agent,Bradley_Infantry,0,14169.6,31559.1,Active,8600,13629,39556,0,Reach Dynamic Waypoint State,13437,1192,1250,70,1, 0, 0
13,Bradley_Infa_agent,Bradley_Infantry,0,14288.0,31498.4,Active,8600,13629,39556,0,Reach Dynamic Waypoint State,13387,1192,1250,70,1, 0, 0
14,Bradley_Infa_agent,Bradley_Infantry,0,14335.7,31371.1,Active,8600,13629,39556,0,Default State,14733,1194,1250,70,0, 0, 0
15,Bradley_Infa_agent,Bradley_Infantry,0,14418.5,30999.8,Active,8600,13629,39556,0,Default State,14199,1192,1250,70,0, 0, 0
16,Bradley_Infa_agent,Bradley_Infantry,0,15023.9,31646.4,Dead,8600,13629,39556,1,Shot At State (Pri),13894,1200,1250,70,1, 0, 0
17,Red_Inf_Squa_agent,Red_Inf_Squad,0,14303.0,3167.0,Dead,8600,0,0,1,Shot At State (Pri),263,2000,3500,20,1, 0, 0
18,Red_Inf_Squa_agent,Red_Inf_Squad,1,13888.2,3048.0,Dead,8600,0,0,1,Shot At State (Pri),570,1996,3500,20,1, 0, 0
19,Red_Inf_Squa_agent,Red_Inf_Squad,2,15545.6,3276.4,Dead,8600,0,0,1,Shot At State (Pri),740,1899,3500,20,1, 0, 0
20,Red_Inf_Squa_agent,Red_Inf_Squad,3,15739.0,3043.0,Dead,8600,0,0,1,Shot At State (Sec),498,1998,3500,20,1, 0, 0
21,Red_Inf_Squa_agent,Red_Inf_Squad,4,15745.7,3530.4,Dead,8600,0,0,1,Shot At State (Pri),645,1975,3500,20,1, 0, 0
22,Red_Inf_Squa_agent,Red_Inf_Squad,5,14973.0,3277.0,Dead,8600,0,0,1,Shot At State (Pri),318,2000,3500,20,1, 0, 0
23,Red_Inf_Squa_agent,Red_Inf_Squad,6,14943.8,3712.9,Dead,8600,0,0,1,Shot At State (Pri),789,1978,3500,20,1, 0, 0
24,Red_Inf_Squa_agent,Red_Inf_Squad,0,14827.1,3247.2,Dead,8600,0,0,1,Shot At State (Pri),568,1993,3500,20,1, 0, 0
25,Red_Inf_Squa_agent,Red_Inf_Squad,1,13492.6,3016.1,Dead,8600,0,0,1,Shot At State (Pri),2360,1946,3500,20,1, 0, 0
26,Red_Inf_Squa_agent,Red_Inf_Squad,2,15538.6,3269.7,Dead,8600,0,0,1,Shot At State (Pri),688,1834,3500,20,1, 0, 0
27,Red_Inf_Squa_agent,Red_Inf_Squad,3,15935.1,2996.3,Dead,8600,0,0,1,Shot At State (Pri),348,1958,3500,20,1, 0, 0
28,Red_Inf_Squa_agent,Red_Inf_Squad,4,15935.2,3521.6,Dead,8600,0,0,1,Shot At State (Sec),621,1996,3500,20,1, 0, 0
29,Red_Inf_Squa_agent,Red_Inf_Squad,5,14990.0,3209.0,Dead,8600,0,0,1,Shot At State (Sec),286,2000,3500,20,1, 0, 0
30,Red_Inf_Squa_agent,Red_Inf_Squad,6,14930.6,3824.0,Dead,8600,0,0,1,Shot At State (Pri),789,1971,3500,20,1, 0, 0
31,Red_Inf_Squa_agent,Red_Inf_Squad,0,14669.0,3170.7,Dead,8600,0,0,1,Shot At State (Pri),651,1963,3500,20,1, 0, 0
32,Red_Inf_Squa_agent,Red_Inf_Squad,1,14080.0,3019.0,Dead,8600,0,0,1,Shot At State (Pri),254,2000,3500,20,1, 0, 0
33,M1A2 Abrams _agent,M1A2 Abrams Sep,0,14779.4,25418.0,Dead,1000,15887,28273,1,Squad Taken Shot State (Pri),12512,40,888,4394, 0, 0, 0
34,M1A2 Abrams _agent,M1A2 Abrams Sep,0,13629.1,39759.5,Active,1000,13629,39937,0,Default State,13012,41,884,4394, 0, 0, 0
35,M1A2 Abrams _agent,M1A2 Abrams Sep,0,14348.9,33875.7,Active,1000,14113,36640,0,Default State,13012,39,882,4392, 0, 0, 0
36,M1A2 Abrams _agent,M1A2 Abrams Sep,0,14810.3,25379.4,Dead,1000,15887,28273,1,Squad Taken Shot State (Pri),12512,35,888,4398, 0, 0, 0
37,Company_HQ_agent,Company_HQ,0,28633.0,704.0,Active,999999,0,0,0,Default State,0, 0, 0, 0, 0, 0, 0
38,M109A6 155mm_agent,M109A6 155mm,0,28043.0,370.0,Active,1000,0,0,0,Default State,0,16,16, 0, 0, 0, 0
39,RQ11 Raven_agent,RQ11 Raven,0,14538.3,29911.4,Dead,19626,2137,30935,1,Fuel Out State,5400, 0, 0, 0, 0, 0, 0
40,Bradley_Infa_agent,Bradley_Infantry,0,14984.8,31655.9,Dead,8600,13548,39176,1,Shot At State (Pri),13399,1184,1250,70,1, 0, 0
41,Bradley_Infa_agent,Bradley_Infantry,0,14682.7,22769.6,Dead,8600,13548,39176,1,Shot At State (Pri),8654,1182,1250,70,1, 0, 0
42,Bradley_Infa_agent,Bradley_Infantry,0,14342.5,33976.8,Active,8600,13548,39176,0,Reach Dynamic Waypoint State,12999,1186,1250,70,1, 0, 0
43,Bradley_Infa_agent,Bradley_Infantry,0,14759.5,32173.1,Dead,8600,13548,39176,1,Shot At State (Pri),14419,1184,1250,70,0, 0, 0
44,Bradley_Infa_agent,Bradley_Infantry,0,14674.6,22767.1,Dead,8600,13548,39176,1,Shot At State (Pri),9435,1182,1250,70,1, 0, 0
45,Bradley_Infa_agent,Bradley_Infantry,0,14672.2,22752.4,Dead,8600,13548,39176,1,Shot At State (Pri),8990,1182,1250,70,1, 0, 0
46,Bradley_Infa_agent,Bradley_Infantry,0,15001.9,32619.3,Dead,8600,13548,39176,1,Shot At State (Pri),15032,1192,1250,70,1, 0, 0
47,Bradley_Infa_agent,Bradley_Infantry,0,14924.1,32029.1,Dead,8600,13548,39176,1,Shot At State (Pri),14313,1146,1250,70,1, 0, 0
48,Bradley_Infa_agent,Bradley_Infantry,0,14123.7,31732.4,Active,8600,13548,39176,0,Default State,14806,1148,1250,70,0, 0, 0
49,Bradley_Infa_agent,Bradley_Infantry,0,14368.3,31548.7,Active,8600,13548,39176,0,Reach Dynamic Waypoint State,13533,1150,1250,70,1, 0, 0
50,Bradley_Infa_agent,Bradley_Infantry,0,14410.6,31467.1,Active,8600,13548,39176,0,Reach Dynamic Waypoint State,13706,1148,1250,70,1, 0, 0
51,Bradley_Infa_agent,Bradley_Infantry,0,14605.3,31208.3,Active,8600,13548,39176,0,Reach Dynamic Waypoint State,13832,1150,1250,70,1, 0, 0
52,Bradley_Infa_agent,Bradley_Infantry,0,14742.4,30981.1,Active,8600,13548,39176,0,Reach Dynamic Waypoint State,13854,1148,1250,70,1, 0, 0
53,Bradley_Infa_agent,Bradley_Infantry,0,14681.4,31149.3,Active,8600,13548,39176,0,Reach Dynamic Waypoint State,13768,1148,1250,70,1, 0, 0
54,Bradley_Infa_agent,Bradley_Infantry,0,14386.3,23548.1,Dead,8600,13548,39176,1,Shot At State (Pri),5640,1200,1250,70,1, 0, 0
55,Bradley_Infa_agent,Bradley_Infantry,0,14349.3,23538.1,Dead,8600,13548,39176,1,Shot At State (Pri),5616,1200,1250,70,1, 0, 0
56,Bradley_Infa_agent,Bradley_Infantry,0,14321.0,23507.1,Dead,8600,13548,39176,1,Shot At State (Pri),5851,1200,1250,70,1, 0, 0
57,Bradley_Infa_agent,Bradley_Infantry,0,14690.8,32296.6,Dead,8600,13548,39176,1,Shot At State (Pri),14642,1200,1250,70,1, 0, 0
58,Bradley_Infa_agent,Bradley_Infantry,0,14504.7,31477.9,Active,8600,13548,39176,0,Reach Dynamic Waypoint State,13749,1200,1250,70,1, 0, 0
59,Bradley_Infa_agent,Bradley_Infantry,0,14434.2,23481.6,Dead,8600,13548,39176,1,Shot At State (Pri),5644,1200,1250,70,1, 0, 0
60,Bradley_Infa_agent,Bradley_Infantry,0,14671.7,22771.9,Dead,8600,13548,39176,1,Shot At State (Pri),8713,1200,1250,70,1, 0, 0
61,Bradley M2A3_agent,Bradley M2A3,0,14030.6,30729.5,Dead,1000,15000,31569,1,Dembuss Child,15213,886,4386,7, 0, 0, 0
62,Bradley M2A3_agent,Bradley M2A3,0,12503.6,30082.9,Active,1000,15000,31569,0,Dembuss Child,14635,898,4398,7, 0, 0, 0
63,Bradley M2A3_agent,Bradley M2A3,0,12563.2,30134.9,Active,1000,15000,31569,0,Dembuss Child,14599,896,4396,4, 0, 0, 0
64,Red_Inf_Squa_agent,Red_Inf_Squad,0,15608.8,25720.7,Dead,8600,0,0,1,Shot At State (Sec),11751,1908,3500,20,0, 0, 0
65,Red_Inf_Squa_agent,Red_Inf_Squad,1,13778.8,26216.7,Dead,8600,0,0,1,Shot At State (Pri),11230,1970,3500,20,1, 0, 0
66,Red_Inf_Squa_agent,Red_Inf_Squad,0,15543.9,26042.2,Dead,8600,0,0,1,Shot At State (Sec),9757,2000,3500,20,0, 0, 0
67,Red_Inf_Squa_agent,Red_Inf_Squad,0,15804.0,25808.0,Dead,8600,0,0,1,Shot At State (Pri),3801,2000,3500,20,1, 0, 0
68,Red_Inf_Squa_agent,Red_Inf_Squad,1,13249.0,26296.0,Active,8600,0,0,0,Default State,0,2000,3500,20,1, 0, 0
69,Red_Inf_Squa_agent,Red_Inf_Squad,0,15627.0,26202.0,Dead,8600,0,0,1,Shot At State (Pri),9873,2000,3500,20,1, 0, 0
70,Red_Inf_Squa_agent,Red_Inf_Squad,1,14081.8,26345.7,Dead,8600,0,0,1,Shot At State (Sec),11279,1917,3500,20,1, 0, 0
71,Red_Inf_Squa_agent,Red_Inf_Squad,1,13529.8,26295.1,Active,8600,0,0,0,Default State,11572,2000,3500,20,1, 0, 0
72,Red_Inf_Squa_agent,Red_Inf_Squad,0,15620.2,25555.7,Dead,8600,0,0,1,Shot At State (Sec),11335,1894,3500,20,1, 0, 0
73,Red_Inf_Squa_agent,Red_Inf_Squad,1,14828.2,26202.2,Dead,8600,0,0,1,Shot At State (Sec),8698,2000,3500,20,0, 0, 0
74,Red_Inf_Squa_agent,Red_Inf_Squad,1,13201.0,26197.0,Active,8600,0,0,0,Default State,0,2000,3500,20,1, 0, 0
75,Red_Inf_Squa_agent,Red_Inf_Squad,0,14660.3,31168.1,Dead,8600,0,0,1,Shot At State (Sec),12490,1982,3500,20,0, 0, 0
76,Red_Inf_Squa_agent,Red_Inf_Squad,1,13137.3,30693.7,Dead,8600,0,0,1,Shot At State (Sec),13129,1978,3500,20,0, 0, 0
77,Red_Inf_Squa_agent,Red_Inf_Squad,0,14643.5,31647.7,Dead,8600,0,0,1,Shot At State (Sec),12618,1994,3500,20,0, 0, 0
78,Red_Inf_Squa_agent,Red_Inf_Squad,1,13849.9,31003.6,Dead,8600,0,0,1,Shot At State (Sec),12686,1988,3500,20,1, 0, 0
79,Red_Inf_Squa_agent,Red_Inf_Squad,0,14605.3,31651.6,Dead,8600,0,0,1,Shot At State (Sec),12538,2000,3500,20,1, 0, 0
80,Red_Inf_Squa_agent,Red_Inf_Squad,1,14083.6,30860.5,Dead,8600,0,0,1,Shot At State (Sec),12626,1989,3500,20,1, 0, 0
81,Red_Inf_Squa_agent,Red_Inf_Squad,0,14501.0,31401.0,Dead,8600,0,0,1,Shot At State (Sec),12319,2000,3500,20,1, 0, 0
82,Red_Inf_Squa_agent,Red_Inf_Squad,1,13101.0,30881.1,Dead,8600,0,0,1,Shot At State (Pri),4562,1970,3500,20,1, 0, 0
83,Red_Inf_Squa_agent,Red_Inf_Squad,0,14662.1,31724.3,Dead,8600,0,0,1,Shot At State (Sec),12512,2000,3500,20,0, 0, 0
84,Red_Inf_Squa_agent,Red_Inf_Squad,1,13381.8,30786.7,Dead,8600,0,0,1,Shot At State (Sec),13101,1989,3500,20,0, 0, 0
85,Red_Inf_Squa_agent,Red_Inf_Squad,0,14507.9,31207.1,Dead,8600,0,0,1,Shot At State (Sec),12515,2000,3500,20,0, 0, 0
86,Red_Inf_Squa_agent,Red_Inf_Squad,1,13606.7,30837.5,Dead,8600,0,0,1,Shot At State (Sec),12858,1988,3500,20,0, 0, 0
87,Red_Inf_Squa_agent,Red_Inf_Squad,0,14559.2,31131.0,Dead,8600,0,0,1,Shot At State (Sec),12489,1985,3500,20,0, 0, 0
88,Red_Inf_Squa_agent,Red_Inf_Squad,1,13298.4,30944.0,Dead,8600,0,0,1,Shot At State (Pri),5139,2000,3500,20,1, 0, 0
89,Red_Inf_Squa_agent,Red_Inf_Squad,0,14588.4,30979.1,Dead,8600,0,0,1,Shot At State (Sec),12476,1979,3500,20,0, 0, 0
90,Red_Inf_Squa_agent,Red_Inf_Squad,1,14151.6,30982.4,Dead,8600,0,0,1,Shot At State (Pri),12592,1986,3500,20,1, 0, 0
91,Red_60mm_mor_agent,Red_60mm_mortar,0,14245.0,3162.0,Dead,8600,0,0,1,Shot At State (Sec),331,45,500, 0, 0, 0, 0
92,Red_60mm_mor_agent,Red_60mm_mortar,0,14355.0,3167.0,Dead,8600,0,0,1,Shot At State (Pri),447,43,500, 0, 0, 0, 0
93,Red_60mm_mor_agent,Red_60mm_mortar,0,14077.0,3081.0,Dead,8600,0,0,1,Shot At State (Pri),503,46,500, 0, 0, 0, 0
94,Red_M120mm_m_agent,Red_M120mm_mortar,0,11174.0,28607.0,Dead,8600,0,0,1,Taken Shot State (Pri),9985,10,18, 0, 0, 0, 0
95,Red_Milan_agent,Red_Milan,0,12215.0,17575.0,Dead,8600,0,0,1,Shot At State (Sec),3893,0,3500, 0, 0, 0, 0
96,Red_Milan_agent,Red_Milan,0,12457.0,17620.0,Dead,8600,0,0,1,Shot At State (Sec),3847,1,3500, 0, 0, 0, 0
97,Red_SA18_agent,Red_SA18,0,9986.0,27775.0,Active,8600,0,0,0,Default State,0,2,3500, 0, 0, 0, 0
98,Red_SA18_agent,Red_SA18,0,10003.0,28357.0,Active,8600,0,0,0,Default State,0,2,3500, 0, 0, 0, 0
99,T-90M_agent,T-90M,0,11485.8,29753.8,Dead,1000,0,0,1,Squad Taken Shot State (Pri),4892,43,4400,3,300, 0, 0
100,T-90M_agent,T-90M,0,11233.4,29654.7,Dead,1000,0,0,1,Squad Taken Shot State (Pri),4892,43,4400,1,300, 0, 0
101,T-90M_agent,T-90M,0,10869.0,33121.9,Dead,1000,0,0,1,Squad Taken Shot State (Pri),4892,43,4400,4,300, 0, 0
102,T-90M_agent,T-90M,0,11132.2,31699.5,Dead,1000,0,0,1,Squad Taken Shot State (Pri),4892,43,4400,4,300, 0, 0
103,RED_Company__agent,RED_Company_HQ,0,1694.0,38732.0,Active,999999,0,0,0,Default State,0, 0, 0, 0, 0, 0, 0
104,Red_AGS30_Sq_agent,Red_AGS30_Squad,0,15109.0,32035.0,Active,8600,89,101,0,Default State,0,13,738, 0, 0, 0, 0
105,Red_AGS30_Sq_agent,Red_AGS30_Squad,1,15241.0,31731.0,Dead,8600,89,101,1,Shot At State (Pri),4675,29,750, 0, 0, 0, 0
106,Red_AGS30_Sq_agent,Red_AGS30_Squad,0,15091.0,32466.0,Active,8600,89,101,0,Default State,0,10,744, 0, 0, 0, 0
107,Red_AGS30_Sq_agent,Red_AGS30_Squad,1,15521.0,31641.0,Dead,8600,89,101,1,Shot At State (Pri),4675,29,750, 0, 0, 0, 0
108,Red_Milan_agent,Red_Milan,0,14194.0,29874.0,Dead,8600,0,0,1,Shot At State (Pri),10931,2,249, 0, 0, 0, 0
109,Red_Milan_agent,Red_Milan,0,14456.0,29918.0,Dead,8600,0,0,1,Shot At State (Pri),4694,2,250, 0, 0, 0, 0
110,Red_Milan_agent,Red_Milan,1,16063.0,25380.0,Dead,8600,0,0,1,Shot At State (Pri),3852,2,250, 0, 0, 0, 0
111,Red_Milan_agent,Red_Milan,1,16008.0,25381.0,Dead,8600,0,0,1,Shot At State (Pri),4247,2,250, 0, 0, 0, 0
# Run End
