# MANA Casualty Location Results File
# Version: 5.01.04
# Machine Name: MAZZAS-PC
# Run Started at 4/8/2013, 5:15:53 PM
RandSeed= 73479612
ID,x-casualty,y-casualty,time,Cas Squad,Cas Squad ID,Cas alleg,subsquad,state,shooter ID,Squad ID,Sqd name,weapon class,weapon ID,x-shooter,y-shooter,shooter alleg
74
6,15221,2952,88,IED,2,2,0,Default State,34,7,M1A2 Abrams Sep,Primary,1,15315,990,1
91,14102,3162,146,Red_60mm_mortar,19,2,0,Shot At State (Pri),9,4,Bradley M2A3,Primary,1,15078,2756,1
29,14925,3390,158,Red_Inf_Squad,6,2,5,Shot At State (Sec),9,4,Bradley M2A3,Secondary,2,15084,2856,1
26,15544,3279,162,Red_Inf_Squad,6,2,2,Shot At State (Sec),9,4,Bradley M2A3,Secondary,2,15093,2853,1
23,14888,3657,165,Red_Inf_Squad,6,2,6,Shot At State (Sec),9,4,Bradley M2A3,Secondary,2,15118,2848,1
21,15567,3522,180,Red_Inf_Squad,6,2,4,Shot At State (Sec),62,15,Bradley M2A3,Secondary,2,15286,2798,1
24,14671,3190,180,Red_Inf_Squad,6,2,0,Shot At State (Sec),62,15,Bradley M2A3,Secondary,2,15286,2798,1
17,14703,3195,186,Red_Inf_Squad,6,2,0,Shot At State (Sec),62,15,Bradley M2A3,Secondary,2,15230,2935,1
19,15542,3279,189,Red_Inf_Squad,6,2,2,Shot At State (Sec),62,15,Bradley M2A3,Secondary,2,15173,2970,1
31,14205,3204,205,Red_Inf_Squad,6,2,0,Shot At State (Pri),9,4,Bradley M2A3,Primary,1,15125,2908,1
18,14012,3036,211,Red_Inf_Squad,6,2,1,Shot At State (Pri),10,5,Bradley_Infantry,Primary,1,15054,2935,1
14,15050,2950,213,Bradley_Infantry,5,1,0,Shot At State (Pri),92,19,Red_60mm_mortar,Primary,1,14122,3159,2
20,15795,3017,215,Red_Inf_Squad,6,2,3,Shot At State (Sec),62,15,Bradley M2A3,Secondary,2,15196,2951,1
27,16038,3034,221,Red_Inf_Squad,6,2,3,Shot At State (Pri),61,14,Bradley M2A3,Primary,3,15027,2197,1
30,14898,3954,222,Red_Inf_Squad,6,2,6,Shot At State (Pri),53,12,Bradley_Infantry,Primary,1,15153,3029,1
22,14972,3336,236,Red_Inf_Squad,6,2,5,Shot At State (Sec),62,15,Bradley M2A3,Secondary,2,15172,2973,1
53,14984,3196,316,Bradley_Infantry,12,1,0,Shot At State (Pri),38,9,M109A6 155mm,Primary,1,27838,405,1
28,15666,3460,331,Red_Inf_Squad,6,2,4,Shot At State (Pri),9,4,Bradley M2A3,Primary,1,15016,3049,1
51,14969,3167,361,Bradley_Infantry,12,1,0,Shot At State (Pri),92,19,Red_60mm_mortar,Primary,1,14122,3159,2
92,14122,3159,363,Red_60mm_mortar,19,2,0,Shot At State (Pri),7,3,AH64D_AttHeli,Primary,1,14394,3207,1
93,13994,3152,367,Red_60mm_mortar,19,2,0,Shot At State (Pri),8,3,AH64D_AttHeli,Primary,3,21404,1459,1
25,13781,3105,447,Red_Inf_Squad,6,2,1,Shot At State (Pri),7,3,AH64D_AttHeli,Primary,2,18380,2366,1
32,13585,3074,799,Red_Inf_Squad,6,2,1,Shot At State (Pri),36,7,M1A2 Abrams Sep,Primary,1,15077,3009,1
1,14936,25505,3074,Minefield,1,2,0,Default State,38,9,M109A6 155mm,Primary,2,27838,405,1
3,14970,25511,3074,Minefield,1,2,0,Default State,38,9,M109A6 155mm,Primary,2,27838,405,1
2,15027,25611,3091,Minefield,1,2,0,Default State,38,9,M109A6 155mm,Primary,2,27838,405,1
0,15118,25606,3099,Minefield,1,2,0,Default State,38,9,M109A6 155mm,Primary,2,27838,405,1
95,12239,17577,3328,Red_Milan,21,2,0,Shot At State (Pri),7,3,AH64D_AttHeli,Primary,1,12698,17557,1
96,12358,17525,3333,Red_Milan,21,2,0,Shot At State (Pri),61,14,Bradley M2A3,Primary,3,13309,16031,1
8,11934,26993,4091,AH64D_AttHeli,3,1,0,Injured State,101,23,T-90M,Primary,3,11395,31879,2
101,11439,31668,4163,T-90M,23,2,0,Squad Taken Shot State (Pri),7,3,AH64D_AttHeli,Primary,2,12225,24571,1
76,14189,30926,4205,Red_Inf_Squad,18,2,1,Shot At State (Pri),7,3,AH64D_AttHeli,Primary,2,12174,24878,1
97,10022,28498,4215,Red_SA18,22,2,0,Shot At State (Pri),7,3,AH64D_AttHeli,Primary,2,12147,24960,1
100,10723,32189,4240,T-90M,23,2,0,Squad Taken Shot State (Pri),7,3,AH64D_AttHeli,Primary,2,12170,25150,1
102,11444,31553,4311,T-90M,23,2,0,Squad Taken Shot State (Pri),7,3,AH64D_AttHeli,Primary,2,12103,25693,1
78,14210,30850,4409,Red_Inf_Squad,18,2,1,Shot At State (Pri),7,3,AH64D_AttHeli,Primary,3,12205,26365,1
4,15006,25729,4417,Minefield,1,2,0,Default State,7,3,AH64D_AttHeli,Primary,3,12247,26402,1
108,14354,29829,4444,Red_Milan,26,2,0,Shot At State (Pri),38,9,M109A6 155mm,Primary,1,27838,405,1
7,12181,26929,4486,AH64D_AttHeli,3,1,0,Shot At State (Pri),99,23,T-90M,Primary,3,10992,31720,2
82,14002,30873,4521,Red_Inf_Squad,18,2,1,Shot At State (Pri),38,9,M109A6 155mm,Primary,1,27838,405,1
9,12296,24993,5135,Bradley M2A3,4,1,0,Shot At State (Pri),99,23,T-90M,Primary,3,11219,29399,2
47,14403,24527,5351,Bradley_Infantry,12,1,0,Reach Dynamic Waypoint State,111,26,Red_Milan,Primary,1,16200,25351,2
48,14403,24528,5351,Bradley_Infantry,12,1,0,Reach Dynamic Waypoint State,111,26,Red_Milan,Primary,1,16200,25351,2
49,14403,24527,5351,Bradley_Infantry,12,1,0,Reach Dynamic Waypoint State,111,26,Red_Milan,Primary,1,16200,25351,2
50,14403,24527,5351,Bradley_Infantry,12,1,0,Reach Dynamic Waypoint State,111,26,Red_Milan,Primary,1,16200,25351,2
52,14403,24528,5351,Bradley_Infantry,12,1,0,Default State,111,26,Red_Milan,Primary,1,16200,25351,2
62,14401,24549,5351,Bradley M2A3,15,1,0,Shot At State (Pri),111,26,Red_Milan,Primary,1,16200,25351,2
54,14703,25502,5456,Bradley_Infantry,13,1,0,Default State,110,26,Red_Milan,Primary,1,16119,25382,2
55,14703,25502,5456,Bradley_Infantry,13,1,0,Default State,110,26,Red_Milan,Primary,1,16119,25382,2
56,14703,25502,5456,Bradley_Infantry,13,1,0,Default State,110,26,Red_Milan,Primary,1,16119,25382,2
57,14703,25502,5456,Bradley_Infantry,13,1,0,Default State,110,26,Red_Milan,Primary,1,16119,25382,2
58,14703,25502,5456,Bradley_Infantry,13,1,0,Default State,110,26,Red_Milan,Primary,1,16119,25382,2
59,14703,25502,5456,Bradley_Infantry,13,1,0,Default State,110,26,Red_Milan,Primary,1,16119,25382,2
60,14703,25502,5456,Bradley_Infantry,13,1,0,Default State,110,26,Red_Milan,Primary,1,16119,25382,2
63,14709,25512,5456,Bradley M2A3,16,1,0,Shot At State (Pri),110,26,Red_Milan,Primary,1,16119,25382,2
33,13914,24224,5471,M1A2 Abrams Sep,7,1,0,Squad Taken Shot State (Pri),111,26,Red_Milan,Primary,1,16200,25351,2
99,11287,29211,5499,T-90M,23,2,0,Squad Taken Shot State (Pri),35,7,M1A2 Abrams Sep,Primary,1,13805,24215,1
111,16200,25351,6392,Red_Milan,26,2,1,Shot At State (Pri),38,9,M109A6 155mm,Primary,1,27838,405,1
110,16119,25382,6449,Red_Milan,26,2,1,Shot At State (Pri),38,9,M109A6 155mm,Primary,1,27838,405,1
67,14587,26178,6602,Red_Inf_Squad,17,2,1,Shot At State (Sec),34,7,M1A2 Abrams Sep,Secondary,2,14757,25809,1
65,14341,26337,6619,Red_Inf_Squad,17,2,1,Shot At State (Sec),34,7,M1A2 Abrams Sep,Secondary,3,14758,25834,1
64,15688,25450,6731,Red_Inf_Squad,17,2,0,Shot At State (Pri),34,7,M1A2 Abrams Sep,Primary,1,14837,25976,1
69,14160,26233,7342,Red_Inf_Squad,17,2,1,Shot At State (Sec),34,7,M1A2 Abrams Sep,Secondary,3,14824,26312,1
109,14337,29817,7896,Red_Milan,26,2,0,Shot At State (Pri),35,7,M1A2 Abrams Sep,Primary,1,15458,28944,1
11,13213,25640,8030,Bradley_Infantry,5,1,0,Shot At State (Pri),73,17,Red_Inf_Squad,Primary,1,13677,26280,2
13,13289,25703,8150,Bradley_Infantry,5,1,0,Shot At State (Pri),66,17,Red_Inf_Squad,Primary,1,13653,26171,2
12,13242,25678,8153,Bradley_Infantry,5,1,0,Shot At State (Pri),73,17,Red_Inf_Squad,Primary,1,13693,26289,2
73,13714,26314,8307,Red_Inf_Squad,17,2,1,Shot At State (Pri),16,5,Bradley_Infantry,Primary,1,13247,25649,1
66,13672,26208,8366,Red_Inf_Squad,17,2,1,Shot At State (Pri),38,9,M109A6 155mm,Primary,1,27838,405,1
85,14491,30936,8630,Red_Inf_Squad,18,2,0,Shot At State (Pri),38,9,M109A6 155mm,Primary,1,27838,405,1
81,14596,31564,8670,Red_Inf_Squad,18,2,0,Shot At State (Sec),35,7,M1A2 Abrams Sep,Secondary,3,14849,31130,1
87,14536,31297,8679,Red_Inf_Squad,18,2,0,Shot At State (Sec),35,7,M1A2 Abrams Sep,Secondary,3,14848,31135,1
34,14734,31267,8685,M1A2 Abrams Sep,7,1,0,Default State,79,18,Red_Inf_Squad,Primary,4,14635,31244,2
75,14553,31541,8723,Red_Inf_Squad,18,2,0,Shot At State (Pri),38,9,M109A6 155mm,Primary,1,27838,405,1
# Run End
