# MANA Casualty Location Results File
# Version: 5.01.04
# Machine Name: MAZZAS-PC
# Run Started at 4/8/2013, 9:09:34 PM
RandSeed= -1053064595
ID,x-casualty,y-casualty,time,Cas Squad,Cas Squad ID,Cas alleg,subsquad,state,shooter ID,Squad ID,Sqd name,weapon class,weapon ID,x-shooter,y-shooter,shooter alleg
77
6,15221,2952,115,IED,2,2,0,Default State,38,9,M109A6 155mm,Primary,2,27848,1090,1
91,14160,3119,145,Red_60mm_mortar,19,2,0,Shot At State (Pri),62,15,Bradley M2A3,Primary,3,15192,1791,1
41,15247,1760,159,Bradley_Infantry,11,1,0,Shot At State (Pri),92,19,Red_60mm_mortar,Primary,1,14035,3138,2
92,14035,3138,231,Red_60mm_mortar,19,2,0,Shot At State (Pri),38,9,M109A6 155mm,Primary,1,27848,1090,1
26,15544,3278,233,Red_Inf_Squad,6,2,2,Shot At State (Pri),36,7,M1A2 Abrams Sep,Primary,1,15150,1751,1
19,15542,3277,233,Red_Inf_Squad,6,2,2,Shot At State (Pri),36,7,M1A2 Abrams Sep,Primary,1,15150,1751,1
32,13995,3117,257,Red_Inf_Squad,6,2,1,Shot At State (Pri),38,9,M109A6 155mm,Primary,1,27848,1090,1
29,14957,3176,265,Red_Inf_Squad,6,2,5,Shot At State (Pri),7,3,AH64D_AttHeli,Primary,2,19891,1807,1
31,14441,3242,270,Red_Inf_Squad,6,2,0,Shot At State (Pri),8,3,AH64D_AttHeli,Primary,2,19688,1848,1
25,13788,3092,320,Red_Inf_Squad,6,2,1,Shot At State (Pri),38,9,M109A6 155mm,Primary,1,27848,1090,1
17,14841,3183,346,Red_Inf_Squad,6,2,0,Shot At State (Pri),10,5,Bradley_Infantry,Primary,1,14912,2275,1
30,14971,3594,414,Red_Inf_Squad,6,2,6,Shot At State (Pri),62,15,Bradley M2A3,Primary,3,15018,2090,1
28,15609,3567,417,Red_Inf_Squad,6,2,4,Shot At State (Pri),42,11,Bradley_Infantry,Primary,4,15042,2354,1
23,14896,3573,418,Red_Inf_Squad,6,2,6,Shot At State (Pri),8,3,AH64D_AttHeli,Primary,3,18664,2010,1
22,14922,3302,452,Red_Inf_Squad,6,2,5,Shot At State (Pri),50,12,Bradley_Infantry,Primary,1,15023,2330,1
18,14035,3120,473,Red_Inf_Squad,6,2,1,Shot At State (Pri),51,12,Bradley_Infantry,Primary,4,15053,2408,1
20,15997,3032,534,Red_Inf_Squad,6,2,3,Shot At State (Pri),8,3,AH64D_AttHeli,Primary,2,17778,2087,1
24,14108,3198,578,Red_Inf_Squad,6,2,0,Shot At State (Pri),14,5,Bradley_Infantry,Primary,4,14884,2781,1
27,16110,2972,635,Red_Inf_Squad,6,2,3,Shot At State (Pri),44,11,Bradley_Infantry,Primary,1,15094,2682,1
93,13997,3144,687,Red_60mm_mortar,19,2,0,Shot At State (Pri),8,3,AH64D_AttHeli,Primary,2,16740,2275,1
21,15884,3493,719,Red_Inf_Squad,6,2,4,Shot At State (Pri),16,5,Bradley_Infantry,Primary,4,15225,2965,1
4,14941,25550,2964,Minefield,1,2,0,Default State,38,9,M109A6 155mm,Primary,2,27848,1090,1
3,15040,25727,3079,Minefield,1,2,0,Default State,38,9,M109A6 155mm,Primary,2,27848,1090,1
1,14931,25584,3210,Minefield,1,2,0,Default State,38,9,M109A6 155mm,Primary,2,27848,1090,1
33,13730,17177,3469,M1A2 Abrams Sep,7,1,0,Default State,96,21,Red_Milan,Primary,1,12460,17487,2
96,12460,17487,3523,Red_Milan,21,2,0,Shot At State (Pri),7,3,AH64D_AttHeli,Primary,2,15479,15668,1
10,13870,15523,3606,Bradley_Infantry,5,1,0,Shot At State (Pri),95,21,Red_Milan,Primary,1,12385,17489,2
11,13870,15523,3606,Bradley_Infantry,5,1,0,Shot At State (Pri),95,21,Red_Milan,Primary,1,12385,17489,2
12,13870,15523,3606,Bradley_Infantry,5,1,0,Shot At State (Pri),95,21,Red_Milan,Primary,1,12385,17489,2
13,13870,15523,3606,Bradley_Infantry,5,1,0,Shot At State (Pri),95,21,Red_Milan,Primary,1,12385,17489,2
14,13870,15523,3606,Bradley_Infantry,5,1,0,Shot At State (Pri),95,21,Red_Milan,Primary,1,12385,17489,2
15,13870,15523,3606,Bradley_Infantry,5,1,0,Shot At State (Pri),95,21,Red_Milan,Primary,1,12385,17489,2
16,13870,15523,3606,Bradley_Infantry,5,1,0,Shot At State (Pri),95,21,Red_Milan,Primary,1,12385,17489,2
9,13870,15523,3606,Bradley M2A3,4,1,0,Shot At State (Pri),95,21,Red_Milan,Primary,1,12385,17489,2
95,12385,17489,3629,Red_Milan,21,2,0,Shot At State (Pri),38,9,M109A6 155mm,Primary,1,27848,1090,1
2,15095,25631,3716,Minefield,1,2,0,Default State,8,3,AH64D_AttHeli,Primary,3,13137,21689,1
84,14089,30910,4115,Red_Inf_Squad,18,2,1,Shot At State (Pri),8,3,AH64D_AttHeli,Primary,2,13010,23768,1
86,13913,30932,4235,Red_Inf_Squad,18,2,1,Shot At State (Pri),38,9,M109A6 155mm,Primary,1,27848,1090,1
88,14247,30894,4235,Red_Inf_Squad,18,2,1,Shot At State (Pri),38,9,M109A6 155mm,Primary,1,27848,1090,1
101,11074,30201,4293,T-90M,23,2,0,Default State,8,3,AH64D_AttHeli,Primary,2,13104,22766,1
74,14740,26310,4335,Red_Inf_Squad,17,2,1,Shot At State (Pri),8,3,AH64D_AttHeli,Primary,2,13098,22810,1
71,14696,26347,4411,Red_Inf_Squad,17,2,1,Shot At State (Pri),8,3,AH64D_AttHeli,Primary,2,12953,23377,1
110,16189,25367,4427,Red_Milan,26,2,1,Shot At State (Pri),38,9,M109A6 155mm,Primary,1,27848,1090,1
100,11636,29526,4440,T-90M,23,2,0,Default State,7,3,AH64D_AttHeli,Primary,2,12939,22513,1
0,15187,25776,4462,Minefield,1,2,0,Default State,7,3,AH64D_AttHeli,Primary,3,12914,22680,1
111,16279,25394,4647,Red_Milan,26,2,1,Shot At State (Pri),38,9,M109A6 155mm,Primary,1,27848,1090,1
102,11563,29123,5153,T-90M,23,2,0,Squad Taken Shot State (Pri),38,9,M109A6 155mm,Primary,2,27848,1090,1
66,14335,26341,6015,Red_Inf_Squad,17,2,1,Shot At State (Pri),61,14,Bradley M2A3,Primary,3,14730,25826,1
70,15702,25469,6164,Red_Inf_Squad,17,2,0,Shot At State (Pri),62,15,Bradley M2A3,Primary,3,14801,26063,1
99,12462,27490,6169,T-90M,23,2,0,Squad Taken Shot State (Pri),62,15,Bradley M2A3,Primary,3,14792,26068,1
68,14220,26269,6245,Red_Inf_Squad,17,2,1,Shot At State (Sec),62,15,Bradley M2A3,Secondary,2,14401,26046,1
61,14476,26220,6255,Bradley M2A3,14,1,0,Shot At State (Pri),73,17,Red_Inf_Squad,Primary,4,14105,26336,2
51,14817,26142,6278,Bradley_Infantry,12,1,0,Shot At State (Pri),94,20,Red_M120mm_mortar,Primary,1,11214,28589,2
69,14116,26211,6328,Red_Inf_Squad,17,2,1,Shot At State (Sec),62,15,Bradley M2A3,Secondary,2,14024,26110,1
73,14113,26321,6337,Red_Inf_Squad,17,2,1,Shot At State (Sec),62,15,Bradley M2A3,Secondary,2,14028,26110,1
72,13690,26208,6371,Red_Inf_Squad,17,2,1,Shot At State (Sec),62,15,Bradley M2A3,Secondary,2,13974,26114,1
65,15704,26019,6383,Red_Inf_Squad,17,2,0,Shot At State (Pri),38,9,M109A6 155mm,Primary,1,27848,1090,1
67,13244,26176,6594,Red_Inf_Squad,17,2,1,Shot At State (Sec),62,15,Bradley M2A3,Secondary,2,13576,26169,1
64,13174,26338,6841,Red_Inf_Squad,17,2,1,Shot At State (Sec),62,15,Bradley M2A3,Secondary,2,13236,26211,1
35,15734,27974,8068,M1A2 Abrams Sep,7,1,0,Default State,109,26,Red_Milan,Primary,1,14109,29917,2
109,14109,29917,8398,Red_Milan,26,2,0,Shot At State (Pri),38,9,M109A6 155mm,Primary,1,27848,1090,1
94,11214,28589,8602,Red_M120mm_mortar,20,2,0,Taken Shot State (Pri),38,9,M109A6 155mm,Primary,1,27848,1090,1
79,14549,31311,8979,Red_Inf_Squad,18,2,0,Shot At State (Pri),34,7,M1A2 Abrams Sep,Primary,1,14859,31000,1
75,14585,31039,9045,Red_Inf_Squad,18,2,0,Shot At State (Sec),36,7,M1A2 Abrams Sep,Secondary,3,14920,30918,1
89,14540,31423,9315,Red_Inf_Squad,18,2,0,Shot At State (Pri),36,7,M1A2 Abrams Sep,Primary,1,14891,30907,1
54,14841,25682,9875,Bradley_Infantry,13,1,0,Shot At State (Pri),5,1,Minefield,Primary,1,14912,25732,2
55,14841,25682,9875,Bradley_Infantry,13,1,0,Shot At State (Pri),5,1,Minefield,Primary,1,14912,25732,2
56,14841,25682,9875,Bradley_Infantry,13,1,0,Shot At State (Pri),5,1,Minefield,Primary,1,14912,25732,2
57,14841,25682,9875,Bradley_Infantry,13,1,0,Shot At State (Pri),5,1,Minefield,Primary,1,14912,25732,2
58,14841,25682,9875,Bradley_Infantry,13,1,0,Shot At State (Pri),5,1,Minefield,Primary,1,14912,25732,2
59,14841,25682,9875,Bradley_Infantry,13,1,0,Shot At State (Pri),5,1,Minefield,Primary,1,14912,25732,2
60,14841,25682,9875,Bradley_Infantry,13,1,0,Shot At State (Pri),5,1,Minefield,Primary,1,14912,25732,2
63,14841,25682,9875,Bradley M2A3,16,1,0,Shot At State (Pri),5,1,Minefield,Primary,1,14912,25732,2
81,14537,31583,10047,Red_Inf_Squad,18,2,0,Shot At State (Sec),36,7,M1A2 Abrams Sep,Secondary,3,14705,31249,1
83,14628,31630,10126,Red_Inf_Squad,18,2,0,Shot At State (Sec),36,7,M1A2 Abrams Sep,Secondary,3,14701,31256,1
108,14339,29822,10489,Red_Milan,26,2,0,Shot At State (Pri),46,11,Bradley_Infantry,Primary,4,14619,28403,1
40,14561,30583,12016,Bradley_Infantry,11,1,0,Shot At State (Pri),80,18,Red_Inf_Squad,Primary,1,14360,30866,2
# Run End
