# MANA Agent End State Results File
# Version: 5.01.04
# Machine Name: MAZZAS-PC
# Run Started at 4/8/2013, 9:16:05 PM
RandSeed= -687809800
ID,name,squad,subsquad,x,y,status,fuel,goalx,goaly,hits,state,trig_step,ammo1,ammo2,ammo3,ammo4,ammo5,ammo6
0,Minefield_agent,Minefield,0,14913.0,25778.0,Active,1000,0,0,0,Taken Shot State (Pri),8417,0, 0, 0, 0, 0, 0
1,Minefield_agent,Minefield,0,15127.0,25414.0,Dead,1000,0,0,1,Default State,0,1, 0, 0, 0, 0, 0
2,Minefield_agent,Minefield,0,14888.0,25602.0,Dead,1000,0,0,1,Default State,0,1, 0, 0, 0, 0, 0
3,Minefield_agent,Minefield,0,14885.0,25684.0,Active,1000,0,0,0,Taken Shot State (Pri),7752,0, 0, 0, 0, 0, 0
4,Minefield_agent,Minefield,0,15044.0,25480.0,Dead,1000,0,0,1,Default State,0,1, 0, 0, 0, 0, 0
5,Minefield_agent,Minefield,0,15004.0,25493.0,Dead,1000,0,0,1,Default State,0,1, 0, 0, 0, 0, 0
6,IED_agent,IED,0,15221.0,2952.0,Dead,1000,0,0,1,Default State,0,1, 0, 0, 0, 0, 0
7,AH64D_AttHel_agent,AH64D_AttHeli,0,9087.3,30548.4,Injured,2180,1694,23328,1,Default State,44985,1188,8,16, 0, 0, 0
8,AH64D_AttHel_agent,AH64D_AttHeli,0,14312.8,24697.8,Dead,135200,23669,951,2,Fuel Out State,16200,1188,5,35, 0, 0, 0
9,Bradley M2A3_agent,Bradley M2A3,0,11817.7,29412.3,Active,1000,15000,31569,0,Shot At State (Pri),49338,896,4394,0, 0, 0, 0
10,Bradley_Infa_agent,Bradley_Infantry,0,13737.0,30961.4,Active,8600,13629,39556,0,Reach Dynamic Waypoint State,46487,1200,1250,70,1, 0, 0
11,Bradley_Infa_agent,Bradley_Infantry,0,13749.7,30970.8,Active,8600,13629,39556,0,Reach Dynamic Waypoint State,46198,1200,1250,70,1, 0, 0
12,Bradley_Infa_agent,Bradley_Infantry,0,12663.3,24946.6,Dead,8600,13629,39556,1,Shot At State (Pri),5551,1200,1250,70,1, 0, 0
13,Bradley_Infa_agent,Bradley_Infantry,0,13741.7,30973.0,Active,8600,13629,39556,0,Reach Dynamic Waypoint State,46229,1200,1250,70,1, 0, 0
14,Bradley_Infa_agent,Bradley_Infantry,0,14892.1,31623.6,Dead,8600,13629,39556,1,Shot At State (Pri),14350,1200,1250,70,0, 0, 0
15,Bradley_Infa_agent,Bradley_Infantry,0,13749.8,30962.1,Active,8600,13629,39556,0,Reach Dynamic Waypoint State,46635,1200,1250,70,0, 0, 0
16,Bradley_Infa_agent,Bradley_Infantry,0,13733.5,30969.3,Active,8600,13629,39556,0,Reach Dynamic Waypoint State,46738,1200,1250,70,1, 0, 0
17,Red_Inf_Squa_agent,Red_Inf_Squad,0,14086.1,3205.2,Dead,8600,0,0,1,Shot At State (Sec),490,1971,3500,20,1, 0, 0
18,Red_Inf_Squa_agent,Red_Inf_Squad,1,13893.4,3014.9,Dead,8600,0,0,1,Shot At State (Sec),378,2000,3500,20,1, 0, 0
19,Red_Inf_Squa_agent,Red_Inf_Squad,2,15544.0,3279.0,Dead,8600,0,0,1,Shot At State (Sec),168,2000,3500,20,1, 0, 0
20,Red_Inf_Squa_agent,Red_Inf_Squad,3,16002.4,2998.5,Dead,8600,0,0,1,Shot At State (Sec),204,1990,3500,20,1, 0, 0
21,Red_Inf_Squa_agent,Red_Inf_Squad,4,15565.0,3522.0,Dead,8600,0,0,1,Shot At State (Pri),145,2000,3500,20,1, 0, 0
22,Red_Inf_Squa_agent,Red_Inf_Squad,5,14939.3,3376.2,Dead,8600,0,0,1,Shot At State (Sec),173,1995,3500,20,1, 0, 0
23,Red_Inf_Squa_agent,Red_Inf_Squad,6,14921.3,3887.8,Dead,8600,0,0,1,Shot At State (Sec),334,2000,3499,20,0, 0, 0
24,Red_Inf_Squa_agent,Red_Inf_Squad,0,14409.0,3245.0,Dead,8600,0,0,1,Shot At State (Sec),221,2000,3500,20,1, 0, 0
25,Red_Inf_Squa_agent,Red_Inf_Squad,1,13850.1,3133.0,Dead,8600,0,0,1,Shot At State (Sec),519,1975,3500,20,1, 0, 0
26,Red_Inf_Squa_agent,Red_Inf_Squad,2,15542.0,3278.0,Dead,8600,0,0,1,Shot At State (Sec),169,2000,3500,20,1, 0, 0
27,Red_Inf_Squa_agent,Red_Inf_Squad,3,16080.7,2987.7,Dead,8600,0,0,1,Shot At State (Sec),179,1989,3500,20,1, 0, 0
28,Red_Inf_Squa_agent,Red_Inf_Squad,4,15956.0,3498.0,Dead,8600,0,0,1,Shot At State (Sec),177,2000,3500,20,1, 0, 0
29,Red_Inf_Squa_agent,Red_Inf_Squad,5,14922.6,3312.6,Dead,8600,0,0,1,Shot At State (Sec),199,1974,3500,20,1, 0, 0
30,Red_Inf_Squa_agent,Red_Inf_Squad,6,14894.8,3463.6,Dead,8600,0,0,1,Shot At State (Sec),207,1988,3500,20,1, 0, 0
31,Red_Inf_Squa_agent,Red_Inf_Squad,0,14634.7,3174.2,Dead,8600,0,0,1,Shot At State (Pri),243,1987,3500,20,1, 0, 0
32,Red_Inf_Squa_agent,Red_Inf_Squad,1,13856.2,3121.0,Dead,8600,0,0,1,Shot At State (Sec),473,1985,3500,20,1, 0, 0
33,M1A2 Abrams _agent,M1A2 Abrams Sep,0,14899.5,25592.2,Dead,1000,15887,28273,1,Default State,6639,40,896,4400, 0, 0, 0
34,M1A2 Abrams _agent,M1A2 Abrams Sep,0,15000.6,25730.5,Dead,1000,15887,28273,1,Default State,6639,27,894,4400, 0, 0, 0
35,M1A2 Abrams _agent,M1A2 Abrams Sep,0,13963.2,15001.9,Dead,1000,13669,15531,1,Squad Taken Shot State (Pri),6139,42,896,4400, 0, 0, 0
36,M1A2 Abrams _agent,M1A2 Abrams Sep,0,13796.5,16269.4,Dead,1000,13427,19905,1,Squad Taken Shot State (Pri),6139,41,890,4394, 0, 0, 0
37,Company_HQ_agent,Company_HQ,0,28633.0,704.0,Active,999999,0,0,0,Default State,0, 0, 0, 0, 0, 0, 0
38,M109A6 155mm_agent,M109A6 155mm,0,27841.0,550.0,Active,1000,0,0,0,Default State,0,16,16, 0, 0, 0, 0
39,RQ11 Raven_agent,RQ11 Raven,0,1696.1,39117.7,Injured,3982,24395,39366,1,Default State,48585, 0, 0, 0, 0, 0, 0
40,Bradley_Infa_agent,Bradley_Infantry,0,14292.3,24708.2,Dead,8600,13548,39176,1,Shot At State (Pri),5066,1200,1250,70,1, 0, 0
41,Bradley_Infa_agent,Bradley_Infantry,0,14471.2,30812.0,Dead,8600,13548,39176,1,Shot At State (Pri),10280,1160,1250,70,1, 0, 0
42,Bradley_Infa_agent,Bradley_Infantry,0,13599.4,31889.1,Active,8600,13548,39176,0,Reach Dynamic Waypoint State,48072,1128,1250,70,1, 0, 0
43,Bradley_Infa_agent,Bradley_Infantry,0,14071.1,25431.8,Dead,8600,13548,39176,1,Shot At State (Pri),5784,1200,1250,70,1, 0, 0
44,Bradley_Infa_agent,Bradley_Infantry,0,13611.1,31462.5,Active,8600,13548,39176,0,Reach Dynamic Waypoint State,47927,1106,1250,70,1, 0, 0
45,Bradley_Infa_agent,Bradley_Infantry,0,13840.5,31522.5,Active,8600,13548,39176,0,Reach Dynamic Waypoint State,47946,1144,1250,70,0, 0, 0
46,Bradley_Infa_agent,Bradley_Infantry,0,13891.2,31811.8,Active,8600,13548,39176,0,Reach Dynamic Waypoint State,47986,1106,1250,70,1, 0, 0
47,Bradley_Infa_agent,Bradley_Infantry,0,12503.4,30434.9,Active,8600,13548,39176,0,Reach Dynamic Waypoint State,48224,1094,1250,70,1, 0, 0
48,Bradley_Infa_agent,Bradley_Infantry,0,13799.8,31353.4,Active,8600,13548,39176,0,Reach Dynamic Waypoint State,48183,1196,1250,70,0, 0, 0
49,Bradley_Infa_agent,Bradley_Infantry,0,14023.8,31610.6,Active,8600,13548,39176,0,Reach Dynamic Waypoint State,48116,1194,1250,70,1, 0, 0
50,Bradley_Infa_agent,Bradley_Infantry,0,14077.5,31102.5,Dead,8600,13548,39176,1,Shot At State (Pri),21134,1160,1250,70,0, 0, 0
51,Bradley_Infa_agent,Bradley_Infantry,0,13766.5,32135.5,Active,8600,13548,39176,0,Reach Dynamic Waypoint State,48080,1122,1250,70,1, 0, 0
52,Bradley_Infa_agent,Bradley_Infantry,0,13662.8,32011.9,Active,8600,13548,39176,0,Reach Dynamic Waypoint State,48115,1102,1250,70,1, 0, 0
53,Bradley_Infa_agent,Bradley_Infantry,0,13547.3,32042.8,Active,8600,13548,39176,0,Reach Dynamic Waypoint State,47836,1120,1250,70,1, 0, 0
54,Bradley_Infa_agent,Bradley_Infantry,0,14366.1,25420.1,Dead,8600,13548,39176,1,Shot At State (Pri),5356,1184,1250,70,1, 0, 0
55,Bradley_Infa_agent,Bradley_Infantry,0,13385.6,31759.9,Active,8600,13548,39176,0,Reach Dynamic Waypoint State,48007,1130,1250,70,0, 0, 0
56,Bradley_Infa_agent,Bradley_Infantry,0,15243.6,2278.4,Dead,8600,13548,39176,1,Shot At State (Pri),176,1200,1250,70,1, 0, 0
57,Bradley_Infa_agent,Bradley_Infantry,0,12504.0,30440.5,Active,8600,13548,39176,0,Reach Dynamic Waypoint State,48059,1128,1250,70,1, 0, 0
58,Bradley_Infa_agent,Bradley_Infantry,0,14104.2,25910.8,Dead,8600,13548,39176,1,Shot At State (Pri),6082,1184,1250,70,1, 0, 0
59,Bradley_Infa_agent,Bradley_Infantry,0,14289.7,25453.5,Dead,8600,13548,39176,1,Shot At State (Pri),5550,1184,1250,70,1, 0, 0
60,Bradley_Infa_agent,Bradley_Infantry,0,12504.0,30440.5,Active,8600,13548,39176,0,Reach Dynamic Waypoint State,47859,1132,1250,70,1, 0, 0
61,Bradley M2A3_agent,Bradley M2A3,0,12488.9,30418.7,Active,1000,15000,31569,0,Dembuss Child,49439,727,4208,0, 0, 0, 0
62,Bradley M2A3_agent,Bradley M2A3,0,12503.4,30434.9,Active,1000,15000,31569,0,Dembuss Child,49435,892,4388,4, 0, 0, 0
63,Bradley M2A3_agent,Bradley M2A3,0,12504.0,30440.5,Active,1000,15000,31569,0,Dembuss Child,49403,758,4272,0, 0, 0, 0
64,Red_Inf_Squa_agent,Red_Inf_Squad,1,14844.4,26324.0,Dead,8600,0,0,1,Shot At State (Sec),5726,1932,3500,20,1, 0, 0
65,Red_Inf_Squa_agent,Red_Inf_Squad,1,13154.4,26163.4,Dead,8600,0,0,1,Shot At State (Sec),5300,1926,3500,20,0, 0, 0
66,Red_Inf_Squa_agent,Red_Inf_Squad,0,15487.2,25534.9,Dead,8600,0,0,1,Shot At State (Pri),8331,1946,3500,20,0, 0, 0
67,Red_Inf_Squa_agent,Red_Inf_Squad,0,15463.8,25740.0,Dead,8600,0,0,1,Shot At State (Sec),7898,1947,3499,20,0, 0, 0
68,Red_Inf_Squa_agent,Red_Inf_Squad,1,13952.5,26190.9,Dead,8600,0,0,1,Shot At State (Sec),5013,2000,3500,20,1, 0, 0
69,Red_Inf_Squa_agent,Red_Inf_Squad,0,15646.0,25425.2,Dead,8600,0,0,1,Shot At State (Pri),3629,1997,3500,20,1, 0, 0
70,Red_Inf_Squa_agent,Red_Inf_Squad,1,13905.8,26207.6,Dead,8600,0,0,1,Shot At State (Sec),5121,1984,3500,20,1, 0, 0
71,Red_Inf_Squa_agent,Red_Inf_Squad,0,15770.8,25794.9,Dead,8600,0,0,1,Shot At State (Pri),4485,2000,3500,20,1, 0, 0
72,Red_Inf_Squa_agent,Red_Inf_Squad,0,15646.2,25789.5,Dead,8600,0,0,1,Shot At State (Sec),5729,1948,3500,20,1, 0, 0
73,Red_Inf_Squa_agent,Red_Inf_Squad,1,14508.6,26227.5,Dead,8600,0,0,1,Shot At State (Sec),5182,1989,3500,20,1, 0, 0
74,Red_Inf_Squa_agent,Red_Inf_Squad,1,14207.1,26252.6,Dead,8600,0,0,1,Shot At State (Sec),5167,1989,3500,20,1, 0, 0
75,Red_Inf_Squa_agent,Red_Inf_Squad,0,14517.7,31212.9,Dead,8600,0,0,1,Shot At State (Pri),10032,1965,3500,20,1, 0, 0
76,Red_Inf_Squa_agent,Red_Inf_Squad,1,14103.6,30965.4,Dead,8600,0,0,1,Shot At State (Pri),10105,1919,3500,20,1, 0, 0
77,Red_Inf_Squa_agent,Red_Inf_Squad,0,14502.7,31075.3,Dead,8600,0,0,1,Shot At State (Sec),9539,2000,3500,20,1, 0, 0
78,Red_Inf_Squa_agent,Red_Inf_Squad,1,13156.0,30789.7,Dead,8600,0,0,1,Shot At State (Pri),11886,1974,3500,20,1, 0, 0
79,Red_Inf_Squa_agent,Red_Inf_Squad,0,14551.1,31583.1,Dead,8600,0,0,1,Shot At State (Pri),10357,1945,3500,20,1, 0, 0
80,Red_Inf_Squa_agent,Red_Inf_Squad,1,14316.3,30846.2,Dead,8600,0,0,1,Shot At State (Sec),9613,1995,3500,20,1, 0, 0
81,Red_Inf_Squa_agent,Red_Inf_Squad,0,14559.6,31262.7,Dead,8600,0,0,1,Shot At State (Sec),9613,2000,3500,20,1, 0, 0
82,Red_Inf_Squa_agent,Red_Inf_Squad,1,14113.0,30905.0,Dead,8600,0,0,1,Shot At State (Sec),9461,2000,3500,20,1, 0, 0
83,Red_Inf_Squa_agent,Red_Inf_Squad,0,14625.2,31552.0,Dead,8600,0,0,1,Shot At State (Pri),9590,2000,3500,20,1, 0, 0
84,Red_Inf_Squa_agent,Red_Inf_Squad,1,13606.6,30900.7,Dead,8600,0,0,1,Shot At State (Pri),10075,1987,3500,20,1, 0, 0
85,Red_Inf_Squa_agent,Red_Inf_Squad,0,14615.0,31012.1,Dead,8600,0,0,1,Shot At State (Pri),9600,2000,3500,20,1, 0, 0
86,Red_Inf_Squa_agent,Red_Inf_Squad,1,13201.0,30830.0,Dead,8600,0,0,1,Shot At State (Pri),6074,2000,3500,20,1, 0, 0
87,Red_Inf_Squa_agent,Red_Inf_Squad,0,14590.8,31159.7,Dead,8600,0,0,1,Shot At State (Pri),9877,1977,3500,20,1, 0, 0
88,Red_Inf_Squa_agent,Red_Inf_Squad,1,13868.8,30888.5,Dead,8600,0,0,1,Shot At State (Pri),10068,1950,3500,20,1, 0, 0
89,Red_Inf_Squa_agent,Red_Inf_Squad,0,14603.1,31414.0,Dead,8600,0,0,1,Shot At State (Pri),10148,1970,3500,20,1, 0, 0
90,Red_Inf_Squa_agent,Red_Inf_Squad,1,14309.8,30917.1,Dead,8600,0,0,1,Shot At State (Sec),9623,1988,3500,20,1, 0, 0
91,Red_60mm_mor_agent,Red_60mm_mortar,0,14313.0,3146.0,Dead,8600,0,0,1,Shot At State (Pri),167,49,500, 0, 0, 0, 0
92,Red_60mm_mor_agent,Red_60mm_mortar,0,14205.0,3148.0,Dead,8600,0,0,1,Shot At State (Pri),217,46,500, 0, 0, 0, 0
93,Red_60mm_mor_agent,Red_60mm_mortar,0,14228.0,3148.0,Dead,8600,0,0,1,Shot At State (Pri),204,41,500, 0, 0, 0, 0
94,Red_M120mm_m_agent,Red_M120mm_mortar,0,11247.0,28753.0,Dead,8600,0,0,1,Taken Shot State (Pri),5916,4,18, 0, 0, 0, 0
95,Red_Milan_agent,Red_Milan,0,12314.0,17556.0,Dead,8600,0,0,1,Shot At State (Pri),3658,1,3500, 0, 0, 0, 0
96,Red_Milan_agent,Red_Milan,0,12370.0,17526.0,Dead,8600,0,0,1,Shot At State (Sec),4154,0,3500, 0, 0, 0, 0
97,Red_SA18_agent,Red_SA18,0,10311.0,28101.0,Dead,8600,0,0,1,Shot At State (Pri),6443,1,3500, 0, 0, 0, 0
98,Red_SA18_agent,Red_SA18,0,10358.0,28026.0,Dead,8600,0,0,1,Shot At State (Pri),4614,2,3500, 0, 0, 0, 0
99,T-90M_agent,T-90M,0,12303.2,27991.0,Dead,1000,0,0,1,Squad Taken Shot State (Pri),6109,38,4400,0,300, 0, 0
100,T-90M_agent,T-90M,0,11431.2,30121.2,Dead,1000,0,0,1,Squad Taken Shot State (Pri),6109,43,4400,4,300, 0, 0
101,T-90M_agent,T-90M,0,11867.2,30711.3,Dead,1000,0,0,1,Squad Taken Shot State (Pri),6109,43,4400,4,300, 0, 0
102,T-90M_agent,T-90M,0,12432.8,27782.8,Dead,1000,0,0,1,Squad Taken Shot State (Pri),6109,42,4392,0,290, 0, 0
103,RED_Company__agent,RED_Company_HQ,0,1694.0,38732.0,Active,999999,0,0,0,Default State,0, 0, 0, 0, 0, 0, 0
104,Red_AGS30_Sq_agent,Red_AGS30_Squad,0,15087.0,32167.0,Dead,8600,89,101,1,Shot At State (Pri),9291,29,750, 0, 0, 0, 0
105,Red_AGS30_Sq_agent,Red_AGS30_Squad,1,15291.0,31768.0,Active,8600,89,101,0,Default State,0,22,749, 0, 0, 0, 0
106,Red_AGS30_Sq_agent,Red_AGS30_Squad,0,15106.0,32094.0,Dead,8600,89,101,1,Shot At State (Pri),11039,29,750, 0, 0, 0, 0
107,Red_AGS30_Sq_agent,Red_AGS30_Squad,1,15655.0,31650.0,Active,8600,89,101,0,Default State,0,15,750, 0, 0, 0, 0
108,Red_Milan_agent,Red_Milan,0,14444.0,29832.0,Dead,8600,0,0,1,Shot At State (Pri),8310,2,250, 0, 0, 0, 0
109,Red_Milan_agent,Red_Milan,0,14264.0,29917.0,Dead,8600,0,0,1,Shot At State (Pri),6199,1,250, 0, 0, 0, 0
110,Red_Milan_agent,Red_Milan,1,16326.0,25385.0,Dead,8600,0,0,1,Shot At State (Pri),5066,0,250, 0, 0, 0, 0
111,Red_Milan_agent,Red_Milan,1,15968.0,25356.0,Dead,8600,0,0,1,Shot At State (Pri),3318,2,250, 0, 0, 0, 0
# Run End
