# MANA Casualty Location Results File
# Version: 5.01.04
# Machine Name: MAZZAS-PC
# Run Started at 4/8/2013, 11:18:23 PM
RandSeed= -1650933379
ID,x-casualty,y-casualty,time,Cas Squad,Cas Squad ID,Cas alleg,subsquad,state,shooter ID,Squad ID,Sqd name,weapon class,weapon ID,x-shooter,y-shooter,shooter alleg
79
93,14263,3066,90,Red_60mm_mortar,19,2,0,Shot At State (Pri),63,16,Bradley M2A3,Primary,3,15033,882,1
6,15221,2952,119,IED,2,2,0,Default State,38,9,M109A6 155mm,Primary,2,28525,429,1
31,14865,3170,207,Red_Inf_Squad,6,2,0,Shot At State (Pri),42,11,Bradley_Infantry,Primary,4,15077,1955,1
27,15554,2978,215,Red_Inf_Squad,6,2,3,Shot At State (Pri),45,11,Bradley_Infantry,Primary,1,15073,2000,1
92,14039,3155,220,Red_60mm_mortar,19,2,0,Shot At State (Pri),8,3,AH64D_AttHeli,Primary,2,19555,1632,1
26,15544,3277,260,Red_Inf_Squad,6,2,2,Shot At State (Sec),35,7,M1A2 Abrams Sep,Secondary,3,15334,2968,1
19,15543,3278,281,Red_Inf_Squad,6,2,2,Shot At State (Sec),35,7,M1A2 Abrams Sep,Secondary,3,15279,3207,1
23,14942,3601,309,Red_Inf_Squad,6,2,6,Shot At State (Pri),49,12,Bradley_Infantry,Primary,4,15057,2237,1
20,15992,3009,322,Red_Inf_Squad,6,2,3,Shot At State (Pri),59,13,Bradley_Infantry,Primary,1,16077,2822,1
32,13676,3143,336,Red_Inf_Squad,6,2,1,Shot At State (Pri),38,9,M109A6 155mm,Primary,1,28525,429,1
30,14938,3566,348,Red_Inf_Squad,6,2,6,Shot At State (Pri),7,3,AH64D_AttHeli,Primary,2,18232,1475,1
21,15744,3498,354,Red_Inf_Squad,6,2,4,Shot At State (Sec),63,16,Bradley M2A3,Secondary,2,16061,2772,1
17,14071,3165,371,Red_Inf_Squad,6,2,0,Shot At State (Pri),38,9,M109A6 155mm,Primary,1,28525,429,1
29,14967,3309,371,Red_Inf_Squad,6,2,5,Shot At State (Pri),48,12,Bradley_Infantry,Primary,1,15090,2337,1
22,14935,3290,403,Red_Inf_Squad,6,2,5,Shot At State (Pri),7,3,AH64D_AttHeli,Primary,2,17903,1737,1
28,15781,3549,436,Red_Inf_Squad,6,2,4,Shot At State (Sec),63,16,Bradley M2A3,Secondary,2,15990,2894,1
24,14297,3202,496,Red_Inf_Squad,6,2,0,Shot At State (Pri),47,12,Bradley_Infantry,Primary,4,14978,2669,1
91,14147,3095,576,Red_60mm_mortar,19,2,0,Shot At State (Pri),14,5,Bradley_Infantry,Primary,1,14872,2565,1
25,13659,3067,722,Red_Inf_Squad,6,2,1,Shot At State (Pri),53,12,Bradley_Infantry,Primary,1,14431,2944,1
18,13870,3111,859,Red_Inf_Squad,6,2,1,Shot At State (Pri),12,5,Bradley_Infantry,Primary,1,14346,2833,1
0,15130,25432,2962,Minefield,1,2,0,Default State,38,9,M109A6 155mm,Primary,2,28525,429,1
4,15000,25395,2997,Minefield,1,2,0,Default State,38,9,M109A6 155mm,Primary,2,28525,429,1
3,14907,25373,3004,Minefield,1,2,0,Default State,38,9,M109A6 155mm,Primary,2,28525,429,1
2,14958,25527,3062,Minefield,1,2,0,Default State,38,9,M109A6 155mm,Primary,2,28525,429,1
95,12227,17505,3123,Red_Milan,21,2,0,Shot At State (Pri),9,4,Bradley M2A3,Primary,3,13522,14525,1
5,14913,25507,3411,Minefield,1,2,0,Default State,8,3,AH64D_AttHeli,Primary,3,13742,20477,1
96,12423,17616,3637,Red_Milan,21,2,0,Shot At State (Pri),8,3,AH64D_AttHeli,Primary,2,13196,18868,1
110,16163,25346,3708,Red_Milan,26,2,1,Shot At State (Pri),7,3,AH64D_AttHeli,Primary,2,13677,19805,1
111,16089,25348,4050,Red_Milan,26,2,1,Shot At State (Pri),7,3,AH64D_AttHeli,Primary,2,13567,18591,1
100,11074,32795,4297,T-90M,23,2,0,Default State,7,3,AH64D_AttHeli,Primary,2,11938,26100,1
101,11550,30548,4388,T-90M,23,2,0,Squad Taken Shot State (Pri),7,3,AH64D_AttHeli,Primary,2,11880,26674,1
7,11913,26900,4436,AH64D_AttHeli,3,1,0,Injured State,99,23,T-90M,Primary,3,11624,31488,2
109,14343,29883,4493,Red_Milan,26,2,0,Shot At State (Pri),38,9,M109A6 155mm,Primary,1,28525,429,1
97,10206,28114,4633,Red_SA18,22,2,0,Shot At State (Pri),8,3,AH64D_AttHeli,Primary,2,12843,22478,1
87,14491,31386,4731,Red_Inf_Squad,18,2,0,Shot At State (Pri),38,9,M109A6 155mm,Primary,1,28525,429,1
39,14149,29676,4845,RQ11 Raven,10,1,0,Default State,108,26,Red_Milan,Secondary,2,14246,29828,2
102,11306,28974,5831,T-90M,23,2,0,Squad Taken Shot State (Pri),35,7,M1A2 Abrams Sep,Primary,1,13830,21972,1
99,11537,28062,6079,T-90M,23,2,0,Squad Taken Shot State (Pri),36,7,M1A2 Abrams Sep,Primary,1,13475,23230,1
94,10959,28612,6493,Red_M120mm_mortar,20,2,0,Taken Shot State (Pri),38,9,M109A6 155mm,Primary,1,28525,429,1
65,14291,26184,7422,Red_Inf_Squad,17,2,1,Shot At State (Pri),38,9,M109A6 155mm,Primary,1,28525,429,1
67,14063,26126,7496,Red_Inf_Squad,17,2,1,Shot At State (Pri),38,9,M109A6 155mm,Primary,1,28525,429,1
74,14013,26188,7604,Red_Inf_Squad,17,2,1,Shot At State (Pri),38,9,M109A6 155mm,Primary,1,28525,429,1
70,14882,26091,7662,Red_Inf_Squad,17,2,1,Shot At State (Pri),52,12,Bradley_Infantry,Primary,1,14385,25337,1
68,14924,26150,7696,Red_Inf_Squad,17,2,1,Shot At State (Pri),49,12,Bradley_Infantry,Primary,1,14421,25404,1
69,15564,25736,7902,Red_Inf_Squad,17,2,0,Shot At State (Sec),34,7,M1A2 Abrams Sep,Secondary,2,14665,25229,1
66,13847,26258,7924,Red_Inf_Squad,17,2,1,Shot At State (Pri),56,13,Bradley_Infantry,Primary,1,14347,25515,1
72,15694,25395,8037,Red_Inf_Squad,17,2,0,Shot At State (Pri),8,3,AH64D_AttHeli,Primary,2,16518,25286,1
73,15616,25823,8093,Red_Inf_Squad,17,2,0,Shot At State (Pri),63,16,Bradley M2A3,Primary,3,13775,24725,1
71,15797,26185,8116,Red_Inf_Squad,17,2,0,Shot At State (Pri),8,3,AH64D_AttHeli,Primary,2,16469,25201,1
108,14246,29828,9267,Red_Milan,26,2,0,Shot At State (Pri),34,7,M1A2 Abrams Sep,Primary,1,15241,29436,1
107,15369,31685,9536,Red_AGS30_Squad,25,2,1,Shot At State (Pri),36,7,M1A2 Abrams Sep,Primary,1,15591,28325,1
75,14627,31725,10537,Red_Inf_Squad,18,2,0,Shot At State (Pri),38,9,M109A6 155mm,Primary,1,28525,429,1
64,13490,26299,10567,Red_Inf_Squad,17,2,1,Shot At State (Pri),38,9,M109A6 155mm,Primary,1,28525,429,1
85,14613,31731,10588,Red_Inf_Squad,18,2,0,Shot At State (Pri),38,9,M109A6 155mm,Primary,1,28525,429,1
79,14500,31074,10843,Red_Inf_Squad,18,2,0,Shot At State (Sec),34,7,M1A2 Abrams Sep,Secondary,3,15046,30687,1
77,14619,31438,10867,Red_Inf_Squad,18,2,0,Shot At State (Sec),33,7,M1A2 Abrams Sep,Secondary,3,14952,30852,1
82,14360,30808,10914,Red_Inf_Squad,18,2,1,Shot At State (Sec),35,7,M1A2 Abrams Sep,Secondary,3,14909,30837,1
89,14535,31498,10917,Red_Inf_Squad,18,2,0,Shot At State (Sec),34,7,M1A2 Abrams Sep,Secondary,3,14836,30979,1
83,14535,31613,11012,Red_Inf_Squad,18,2,0,Shot At State (Sec),33,7,M1A2 Abrams Sep,Secondary,3,14664,31267,1
81,14606,31065,11016,Red_Inf_Squad,18,2,0,Shot At State (Sec),34,7,M1A2 Abrams Sep,Secondary,3,14713,31148,1
84,14418,30954,11078,Red_Inf_Squad,18,2,1,Shot At State (Sec),36,7,M1A2 Abrams Sep,Secondary,3,14820,30711,1
88,14187,30822,11126,Red_Inf_Squad,18,2,1,Shot At State (Sec),33,7,M1A2 Abrams Sep,Secondary,3,14671,31327,1
90,14133,30725,11237,Red_Inf_Squad,18,2,1,Shot At State (Sec),36,7,M1A2 Abrams Sep,Secondary,3,14697,30934,1
76,14040,30721,11256,Red_Inf_Squad,18,2,1,Shot At State (Pri),40,11,Bradley_Infantry,Primary,1,14782,30257,1
98,10056,27968,11692,Red_SA18,22,2,0,Shot At State (Pri),8,3,AH64D_AttHeli,Primary,2,15463,25211,1
86,13681,30917,12364,Red_Inf_Squad,18,2,1,Shot At State (Pri),38,9,M109A6 155mm,Primary,1,28525,429,1
80,13233,30953,12657,Red_Inf_Squad,18,2,1,Shot At State (Pri),8,3,AH64D_AttHeli,Primary,2,14367,28470,1
78,13796,30901,12861,Red_Inf_Squad,18,2,1,Shot At State (Pri),54,13,Bradley_Infantry,Primary,1,14761,31485,1
60,14899,31715,12897,Bradley_Infantry,13,1,0,Shot At State (Pri),105,25,Red_AGS30_Squad,Primary,2,15137,31726,2
12,14916,31148,12947,Bradley_Infantry,5,1,0,Shot At State (Pri),105,25,Red_AGS30_Squad,Primary,1,15137,31726,2
14,14867,31137,13050,Bradley_Infantry,5,1,0,Shot At State (Pri),105,25,Red_AGS30_Squad,Primary,1,15137,31726,2
10,14876,31143,13052,Bradley_Infantry,5,1,0,Shot At State (Pri),105,25,Red_AGS30_Squad,Primary,1,15137,31726,2
51,14911,31641,13135,Bradley_Infantry,12,1,0,Shot At State (Pri),105,25,Red_AGS30_Squad,Primary,2,15137,31726,2
59,14876,31790,13153,Bradley_Infantry,13,1,0,Shot At State (Pri),105,25,Red_AGS30_Squad,Primary,2,15137,31726,2
50,14846,31787,13314,Bradley_Infantry,12,1,0,Shot At State (Pri),105,25,Red_AGS30_Squad,Primary,2,15137,31726,2
13,14977,31416,13444,Bradley_Infantry,5,1,0,Shot At State (Pri),105,25,Red_AGS30_Squad,Primary,2,15137,31726,2
15,14726,32011,13761,Bradley_Infantry,5,1,0,Shot At State (Pri),104,25,Red_AGS30_Squad,Primary,2,15110,32199,2
11,14742,31934,13987,Bradley_Infantry,5,1,0,Shot At State (Pri),106,25,Red_AGS30_Squad,Primary,2,15082,32066,2
58,14372,31970,14986,Bradley_Infantry,13,1,0,Shot At State (Pri),104,25,Red_AGS30_Squad,Primary,1,15110,32199,2
# Run End
