# MANA Agent End State Results File
# Version: 5.01.04
# Machine Name: MAZZAS-PC
# Run Started at 4/8/2013, 9:09:34 PM
RandSeed= -1053064595
ID,name,squad,subsquad,x,y,status,fuel,goalx,goaly,hits,state,trig_step,ammo1,ammo2,ammo3,ammo4,ammo5,ammo6
0,Minefield_agent,Minefield,0,15187.0,25776.0,Dead,1000,0,0,1,Default State,0,1, 0, 0, 0, 0, 0
1,Minefield_agent,Minefield,0,14931.0,25584.0,Dead,1000,0,0,1,Default State,0,1, 0, 0, 0, 0, 0
2,Minefield_agent,Minefield,0,15095.0,25631.0,Dead,1000,0,0,1,Default State,0,1, 0, 0, 0, 0, 0
3,Minefield_agent,Minefield,0,15040.0,25727.0,Dead,1000,0,0,1,Default State,0,1, 0, 0, 0, 0, 0
4,Minefield_agent,Minefield,0,14941.0,25550.0,Dead,1000,0,0,1,Default State,0,1, 0, 0, 0, 0, 0
5,Minefield_agent,Minefield,0,14912.0,25732.0,Active,1000,0,0,0,Taken Shot State (Pri),9875,0, 0, 0, 0, 0, 0
6,IED_agent,IED,0,15221.0,2952.0,Dead,1000,0,0,1,Default State,0,1, 0, 0, 0, 0, 0
7,AH64D_AttHel_agent,AH64D_AttHeli,0,20098.9,13399.4,Injured,4170,23669,951,1,Default State,6547,1200,8,4, 0, 0, 0
8,AH64D_AttHel_agent,AH64D_AttHeli,0,19932.1,13939.6,Injured,4170,23669,951,1,Default State,6423,1200,8,2, 0, 0, 0
9,Bradley M2A3_agent,Bradley M2A3,0,13869.6,15522.9,Dead,1000,13548,17686,1,Embussed Children,12030,900,4400,7, 0, 0, 0
10,Bradley_Infa_agent,Bradley_Infantry,0,13869.6,15522.9,Dead,8600,13629,39556,1,Shot At State (Pri),3606,1170,1250,70,0, 0, 0
11,Bradley_Infa_agent,Bradley_Infantry,0,13869.6,15522.9,Dead,8600,13629,39556,1,Shot At State (Pri),3606,1194,1250,70,1, 0, 0
12,Bradley_Infa_agent,Bradley_Infantry,0,13869.6,15522.9,Dead,8600,13629,39556,1,Shot At State (Pri),3606,1178,1250,70,1, 0, 0
13,Bradley_Infa_agent,Bradley_Infantry,0,13869.6,15522.9,Dead,8600,13629,39556,1,Shot At State (Pri),3606,1174,1250,70,0, 0, 0
14,Bradley_Infa_agent,Bradley_Infantry,0,13869.6,15522.9,Dead,8600,13629,39556,1,Shot At State (Pri),3606,1172,1250,70,0, 0, 0
15,Bradley_Infa_agent,Bradley_Infantry,0,13869.6,15522.9,Dead,8600,13629,39556,1,Shot At State (Pri),3606,1172,1250,70,0, 0, 0
16,Bradley_Infa_agent,Bradley_Infantry,0,13869.6,15522.9,Dead,8600,13629,39556,1,Shot At State (Pri),3606,1152,1250,70,0, 0, 0
17,Red_Inf_Squa_agent,Red_Inf_Squad,0,14840.9,3183.0,Dead,8600,0,0,1,Shot At State (Pri),346,1901,3500,20,0, 0, 0
18,Red_Inf_Squa_agent,Red_Inf_Squad,1,14034.8,3119.5,Dead,8600,0,0,1,Shot At State (Pri),473,1992,3500,20,1, 0, 0
19,Red_Inf_Squa_agent,Red_Inf_Squad,2,15541.6,3276.6,Dead,8600,0,0,1,Shot At State (Pri),233,2000,3500,20,0, 0, 0
20,Red_Inf_Squa_agent,Red_Inf_Squad,3,15997.4,3031.7,Dead,8600,0,0,1,Shot At State (Pri),534,1934,3500,20,1, 0, 0
21,Red_Inf_Squa_agent,Red_Inf_Squad,4,15884.4,3493.3,Dead,8600,0,0,1,Shot At State (Pri),719,1948,3500,20,1, 0, 0
22,Red_Inf_Squa_agent,Red_Inf_Squad,5,14921.6,3301.9,Dead,8600,0,0,1,Shot At State (Pri),452,1944,3500,20,0, 0, 0
23,Red_Inf_Squa_agent,Red_Inf_Squad,6,14896.1,3572.8,Dead,8600,0,0,1,Shot At State (Pri),418,1989,3500,20,1, 0, 0
24,Red_Inf_Squa_agent,Red_Inf_Squad,0,14107.7,3197.6,Dead,8600,0,0,1,Shot At State (Pri),578,1976,3500,20,1, 0, 0
25,Red_Inf_Squa_agent,Red_Inf_Squad,1,13788.0,3092.0,Dead,8600,0,0,1,Shot At State (Pri),320,2000,3500,20,1, 0, 0
26,Red_Inf_Squa_agent,Red_Inf_Squad,2,15544.4,3277.9,Dead,8600,0,0,1,Shot At State (Sec),233,2000,3498,20,0, 0, 0
27,Red_Inf_Squa_agent,Red_Inf_Squad,3,16109.6,2971.7,Dead,8600,0,0,1,Shot At State (Pri),635,1943,3500,20,1, 0, 0
28,Red_Inf_Squa_agent,Red_Inf_Squad,4,15609.0,3567.0,Dead,8600,0,0,1,Shot At State (Pri),417,2000,3500,20,1, 0, 0
29,Red_Inf_Squa_agent,Red_Inf_Squad,5,14957.2,3176.0,Dead,8600,0,0,1,Shot At State (Pri),265,1940,3498,20,0, 0, 0
30,Red_Inf_Squa_agent,Red_Inf_Squad,6,14971.4,3594.0,Dead,8600,0,0,1,Shot At State (Pri),414,1987,3500,20,1, 0, 0
31,Red_Inf_Squa_agent,Red_Inf_Squad,0,14441.0,3242.0,Dead,8600,0,0,1,Shot At State (Pri),270,2000,3500,20,1, 0, 0
32,Red_Inf_Squa_agent,Red_Inf_Squad,1,13995.0,3117.0,Dead,8600,0,0,1,Shot At State (Pri),257,2000,3500,20,1, 0, 0
33,M1A2 Abrams _agent,M1A2 Abrams Sep,0,13729.7,17177.2,Dead,1000,13427,19905,1,Squad Taken Shot State (Pri),9315,42,892,4400, 0, 0, 0
34,M1A2 Abrams _agent,M1A2 Abrams Sep,0,13648.9,39740.9,Active,1000,13629,39937,0,Default State,9815,41,864,4400, 0, 0, 0
35,M1A2 Abrams _agent,M1A2 Abrams Sep,0,15733.9,27973.9,Dead,1000,15887,28273,1,Squad Taken Shot State (Pri),9315,42,888,4400, 0, 0, 0
36,M1A2 Abrams _agent,M1A2 Abrams Sep,0,14471.8,33383.4,Active,1000,14113,36640,0,Default State,9815,40,844,4394, 0, 0, 0
37,Company_HQ_agent,Company_HQ,0,28633.0,704.0,Active,999999,0,0,0,Default State,0, 0, 0, 0, 0, 0, 0
38,M109A6 155mm_agent,M109A6 155mm,0,27848.0,1090.0,Active,1000,0,0,0,Default State,0,9,16, 0, 0, 0, 0
39,RQ11 Raven_agent,RQ11 Raven,0,9128.1,37275.9,Active,1467,22782,37655,0,Default State,8100, 0, 0, 0, 0, 0, 0
40,Bradley_Infa_agent,Bradley_Infantry,0,14561.2,30583.0,Dead,8600,13548,39176,1,Shot At State (Pri),12016,1158,1250,70,1, 0, 0
41,Bradley_Infa_agent,Bradley_Infantry,0,15246.9,1759.9,Dead,8600,13548,39176,1,Shot At State (Pri),159,1200,1250,70,1, 0, 0
42,Bradley_Infa_agent,Bradley_Infantry,0,14944.1,28066.5,Active,8600,13548,39176,0,Reach Dynamic Waypoint State,9683,1131,1250,70,0, 0, 0
43,Bradley_Infa_agent,Bradley_Infantry,0,14706.9,28331.1,Active,8600,13548,39176,0,Reach Dynamic Waypoint State,9418,1133,1250,70,1, 0, 0
44,Bradley_Infa_agent,Bradley_Infantry,0,14531.7,28100.5,Active,8600,13548,39176,0,Reach Dynamic Waypoint State,9717,1136,1250,70,1, 0, 0
45,Bradley_Infa_agent,Bradley_Infantry,0,14515.2,27927.5,Active,8600,13548,39176,0,Default State,10637,1148,1250,70,1, 0, 0
46,Bradley_Infa_agent,Bradley_Infantry,0,14724.9,27332.2,Active,8600,13548,39176,0,Default State,10609,1162,1250,70,0, 0, 0
47,Bradley_Infa_agent,Bradley_Infantry,0,15215.8,30617.0,Active,8600,13548,39176,0,Reach Dynamic Waypoint State,11670,1182,1250,70,1, 0, 0
48,Bradley_Infa_agent,Bradley_Infantry,0,15074.8,30182.8,Active,8600,13548,39176,0,Shot At State (Pri),11982,1160,1250,70,1, 0, 0
49,Bradley_Infa_agent,Bradley_Infantry,0,15060.8,30013.5,Active,8600,13548,39176,0,Reach Dynamic Waypoint State,11720,1178,1250,70,1, 0, 0
50,Bradley_Infa_agent,Bradley_Infantry,0,15315.1,29528.2,Active,8600,13548,39176,0,Reach Dynamic Waypoint State,11906,1148,1250,70,1, 0, 0
51,Bradley_Infa_agent,Bradley_Infantry,0,14816.7,26142.4,Dead,8600,13548,39176,1,Shot At State (Pri),6278,1178,1250,70,0, 0, 0
52,Bradley_Infa_agent,Bradley_Infantry,0,15662.8,29890.2,Active,8600,13548,39176,0,Reach Dynamic Waypoint State,11911,1184,1250,70,0, 0, 0
53,Bradley_Infa_agent,Bradley_Infantry,0,15499.8,30347.4,Active,8600,13548,39176,0,Reach Dynamic Waypoint State,11775,1162,1250,70,0, 0, 0
54,Bradley_Infa_agent,Bradley_Infantry,0,14840.9,25682.4,Dead,8600,13548,39176,1,Shot At State (Pri),9875,1200,1250,70,1, 0, 0
55,Bradley_Infa_agent,Bradley_Infantry,0,14841.0,25682.4,Dead,8600,13548,39176,1,Shot At State (Pri),9875,1200,1250,70,1, 0, 0
56,Bradley_Infa_agent,Bradley_Infantry,0,14840.9,25682.4,Dead,8600,13548,39176,1,Shot At State (Pri),9875,1200,1250,70,1, 0, 0
57,Bradley_Infa_agent,Bradley_Infantry,0,14840.9,25682.4,Dead,8600,13548,39176,1,Shot At State (Pri),9875,1200,1250,70,1, 0, 0
58,Bradley_Infa_agent,Bradley_Infantry,0,14840.9,25682.4,Dead,8600,13548,39176,1,Shot At State (Pri),9875,1200,1250,70,1, 0, 0
59,Bradley_Infa_agent,Bradley_Infantry,0,14840.9,25682.4,Dead,8600,13548,39176,1,Shot At State (Pri),9875,1200,1250,70,1, 0, 0
60,Bradley_Infa_agent,Bradley_Infantry,0,14840.9,25682.4,Dead,8600,13548,39176,1,Shot At State (Pri),9875,1200,1250,70,1, 0, 0
61,Bradley M2A3_agent,Bradley M2A3,0,14475.5,26220.3,Dead,1000,15323,26434,1,Dembuss Child,12030,894,4400,4, 0, 0, 0
62,Bradley M2A3_agent,Bradley M2A3,0,11665.9,29315.9,Active,1000,15000,31569,0,Shot At State (Pri),11093,862,4388,1, 0, 0, 0
63,Bradley M2A3_agent,Bradley M2A3,0,14840.9,25682.4,Dead,1000,15323,26434,1,Embussed Children,12030,900,4400,7, 0, 0, 0
64,Red_Inf_Squa_agent,Red_Inf_Squad,1,13173.8,26337.6,Dead,8600,0,0,1,Shot At State (Sec),6841,2000,3500,20,0, 0, 0
65,Red_Inf_Squa_agent,Red_Inf_Squad,0,15704.1,26019.1,Dead,8600,0,0,1,Shot At State (Pri),6383,1962,3500,20,1, 0, 0
66,Red_Inf_Squa_agent,Red_Inf_Squad,1,14335.0,26341.0,Dead,8600,0,0,1,Shot At State (Pri),6015,2000,3500,20,1, 0, 0
67,Red_Inf_Squa_agent,Red_Inf_Squad,1,13244.0,26176.2,Dead,8600,0,0,1,Shot At State (Sec),6594,2000,3500,20,0, 0, 0
68,Red_Inf_Squa_agent,Red_Inf_Squad,1,14220.0,26269.4,Dead,8600,0,0,1,Shot At State (Pri),6245,1986,3500,20,0, 0, 0
69,Red_Inf_Squa_agent,Red_Inf_Squad,1,14115.9,26210.8,Dead,8600,0,0,1,Shot At State (Sec),6328,1977,3500,20,0, 0, 0
70,Red_Inf_Squa_agent,Red_Inf_Squad,0,15702.0,25468.7,Dead,8600,0,0,1,Shot At State (Pri),6164,1989,3500,20,1, 0, 0
71,Red_Inf_Squa_agent,Red_Inf_Squad,1,14696.3,26347.2,Dead,8600,0,0,1,Shot At State (Pri),4411,2000,3500,20,1, 0, 0
72,Red_Inf_Squa_agent,Red_Inf_Squad,1,13689.7,26208.2,Dead,8600,0,0,1,Shot At State (Sec),6371,1985,3500,20,0, 0, 0
73,Red_Inf_Squa_agent,Red_Inf_Squad,1,14113.1,26320.9,Dead,8600,0,0,1,Shot At State (Sec),6337,1983,3500,20,0, 0, 0
74,Red_Inf_Squa_agent,Red_Inf_Squad,1,14740.0,26310.0,Dead,8600,0,0,1,Shot At State (Pri),4335,2000,3500,20,1, 0, 0
75,Red_Inf_Squa_agent,Red_Inf_Squad,0,14584.6,31039.3,Dead,8600,0,0,1,Shot At State (Sec),9045,2000,3500,20,0, 0, 0
76,Red_Inf_Squa_agent,Red_Inf_Squad,1,13656.0,30945.0,Active,8600,0,0,0,Default State,0,2000,3500,20,1, 0, 0
77,Red_Inf_Squa_agent,Red_Inf_Squad,0,14636.2,31433.7,Active,8600,0,0,0,Default State,9619,2000,3500,20,0, 0, 0
78,Red_Inf_Squa_agent,Red_Inf_Squad,1,13352.0,30849.0,Active,8600,0,0,0,Default State,0,2000,3500,20,1, 0, 0
79,Red_Inf_Squa_agent,Red_Inf_Squad,0,14549.4,31310.5,Dead,8600,0,0,1,Shot At State (Sec),8979,2000,3500,20,0, 0, 0
80,Red_Inf_Squa_agent,Red_Inf_Squad,1,14360.2,30868.9,Active,8600,0,0,0,Taken Shot State (Pri),12016,1974,3500,20,0, 0, 0
81,Red_Inf_Squa_agent,Red_Inf_Squad,0,14537.0,31583.0,Dead,8600,0,0,1,Shot At State (Sec),10047,2000,3500,20,0, 0, 0
82,Red_Inf_Squa_agent,Red_Inf_Squad,1,14344.5,30894.0,Active,8600,0,0,0,Shot At State (Pri),12016,1976,3500,20,0, 0, 0
83,Red_Inf_Squa_agent,Red_Inf_Squad,0,14628.1,31630.5,Dead,8600,0,0,1,Shot At State (Sec),10126,2000,3500,20,0, 0, 0
84,Red_Inf_Squa_agent,Red_Inf_Squad,1,14089.0,30910.0,Dead,8600,0,0,1,Shot At State (Pri),4115,2000,3500,20,1, 0, 0
85,Red_Inf_Squa_agent,Red_Inf_Squad,0,14592.6,31278.6,Active,8600,0,0,0,Taken Shot State (Pri),11982,1975,3500,20,0, 0, 0
86,Red_Inf_Squa_agent,Red_Inf_Squad,1,13913.0,30932.0,Dead,8600,0,0,1,Shot At State (Pri),4235,2000,3500,20,1, 0, 0
87,Red_Inf_Squa_agent,Red_Inf_Squad,0,14519.5,31250.1,Active,8600,0,0,0,Default State,9194,2000,3500,20,0, 0, 0
88,Red_Inf_Squa_agent,Red_Inf_Squad,1,14247.0,30894.0,Dead,8600,0,0,1,Shot At State (Pri),4235,2000,3500,20,1, 0, 0
89,Red_Inf_Squa_agent,Red_Inf_Squad,0,14540.0,31423.3,Dead,8600,0,0,1,Shot At State (Sec),9315,2000,3500,20,0, 0, 0
90,Red_Inf_Squa_agent,Red_Inf_Squad,1,13741.0,30869.0,Active,8600,0,0,0,Default State,0,2000,3500,20,1, 0, 0
91,Red_60mm_mor_agent,Red_60mm_mortar,0,14160.0,3119.0,Dead,8600,0,0,1,Shot At State (Pri),145,48,500, 0, 0, 0, 0
92,Red_60mm_mor_agent,Red_60mm_mortar,0,14035.0,3138.0,Dead,8600,0,0,1,Shot At State (Pri),231,44,500, 0, 0, 0, 0
93,Red_60mm_mor_agent,Red_60mm_mortar,0,13997.0,3144.0,Dead,8600,0,0,1,Shot At State (Pri),687,37,500, 0, 0, 0, 0
94,Red_M120mm_m_agent,Red_M120mm_mortar,0,11214.0,28589.0,Dead,8600,0,0,1,Taken Shot State (Pri),8589,9,18, 0, 0, 0, 0
95,Red_Milan_agent,Red_Milan,0,12385.0,17489.0,Dead,8600,0,0,1,Shot At State (Pri),3629,1,3500, 0, 0, 0, 0
96,Red_Milan_agent,Red_Milan,0,12460.0,17487.0,Dead,8600,0,0,1,Shot At State (Pri),3523,1,3500, 0, 0, 0, 0
97,Red_SA18_agent,Red_SA18,0,10328.0,28285.0,Active,8600,0,0,0,Default State,0,2,3500, 0, 0, 0, 0
98,Red_SA18_agent,Red_SA18,0,10200.0,28037.0,Active,8600,0,0,0,Default State,0,2,3500, 0, 0, 0, 0
99,T-90M_agent,T-90M,0,12462.1,27489.7,Dead,1000,0,0,1,Squad Taken Shot State (Pri),5600,43,4400,0,300, 0, 0
100,T-90M_agent,T-90M,0,11636.0,29526.2,Dead,1000,0,0,1,Squad Taken Shot State (Pri),5600,43,4400,4,300, 0, 0
101,T-90M_agent,T-90M,0,11074.2,30201.1,Dead,1000,0,0,1,Squad Taken Shot State (Pri),5600,43,4400,4,300, 0, 0
102,T-90M_agent,T-90M,0,11562.8,29122.7,Dead,1000,0,0,1,Squad Taken Shot State (Pri),5600,43,4400,0,300, 0, 0
103,RED_Company__agent,RED_Company_HQ,0,1694.0,38732.0,Active,999999,0,0,0,Default State,0, 0, 0, 0, 0, 0, 0
104,Red_AGS30_Sq_agent,Red_AGS30_Squad,0,15081.0,32217.0,Active,8600,89,101,0,Default State,0,29,750, 0, 0, 0, 0
105,Red_AGS30_Sq_agent,Red_AGS30_Squad,1,15315.0,31656.0,Active,8600,89,101,0,Default State,0,28,750, 0, 0, 0, 0
106,Red_AGS30_Sq_agent,Red_AGS30_Squad,0,15110.0,32311.0,Active,8600,89,101,0,Default State,0,29,750, 0, 0, 0, 0
107,Red_AGS30_Sq_agent,Red_AGS30_Squad,1,15540.0,31737.0,Active,8600,89,101,0,Default State,0,27,750, 0, 0, 0, 0
108,Red_Milan_agent,Red_Milan,0,14339.0,29822.0,Dead,8600,0,0,1,Shot At State (Pri),10489,0,248, 0, 0, 0, 0
109,Red_Milan_agent,Red_Milan,0,14109.0,29917.0,Dead,8600,0,0,1,Shot At State (Pri),8398,0,250, 0, 0, 0, 0
110,Red_Milan_agent,Red_Milan,1,16189.0,25367.0,Dead,8600,0,0,1,Shot At State (Pri),4427,2,250, 0, 0, 0, 0
111,Red_Milan_agent,Red_Milan,1,16279.0,25394.0,Dead,8600,0,0,1,Shot At State (Pri),4647,2,250, 0, 0, 0, 0
# Run End
