# MANA Agent End State Results File
# Version: 5.01.04
# Machine Name: MAZZAS-PC
# Run Started at 4/8/2013, 5:04:39 PM
RandSeed= -1490273032
ID,name,squad,subsquad,x,y,status,fuel,goalx,goaly,hits,state,trig_step,ammo1,ammo2,ammo3,ammo4,ammo5,ammo6
0,Minefield_agent,Minefield,0,15105.0,25677.0,Dead,1000,0,0,1,Default State,0,1, 0, 0, 0, 0, 0
1,Minefield_agent,Minefield,0,15089.0,25792.0,Dead,1000,0,0,1,Default State,0,1, 0, 0, 0, 0, 0
2,Minefield_agent,Minefield,0,15136.0,25638.0,Dead,1000,0,0,1,Default State,0,1, 0, 0, 0, 0, 0
3,Minefield_agent,Minefield,0,15058.0,25498.0,Dead,1000,0,0,1,Default State,0,1, 0, 0, 0, 0, 0
4,Minefield_agent,Minefield,0,15120.0,25755.0,Dead,1000,0,0,1,Default State,0,1, 0, 0, 0, 0, 0
5,Minefield_agent,Minefield,0,14980.0,25457.0,Dead,1000,0,0,1,Default State,0,1, 0, 0, 0, 0, 0
6,IED_agent,IED,0,15221.0,2952.0,Dead,1000,0,0,1,Default State,0,1, 0, 0, 0, 0, 0
7,AH64D_AttHel_agent,AH64D_AttHeli,0,12931.6,27861.4,Dead,1378,23669,951,2,Shot At State (Pri),11154,1174,1,23, 0, 0, 0
8,AH64D_AttHel_agent,AH64D_AttHeli,0,13326.7,29022.1,Injured,1378,23669,951,1,Default State,14809,1176,6,3, 0, 0, 0
9,Bradley M2A3_agent,Bradley M2A3,0,13267.9,26436.6,Dead,1000,14476,23835,1,Dembuss Child,14822,854,4396,7, 0, 0, 0
10,Bradley_Infa_agent,Bradley_Infantry,0,13496.9,34607.0,Active,8600,13629,39556,0,Reach Dynamic Waypoint State,5228,1146,1250,70,1, 0, 0
11,Bradley_Infa_agent,Bradley_Infantry,0,13450.5,34103.8,Active,8600,13629,39556,0,Reach Dynamic Waypoint State,5394,1144,1250,70,0, 0, 0
12,Bradley_Infa_agent,Bradley_Infantry,0,13377.2,32557.2,Active,8600,13629,39556,0,Reach Dynamic Waypoint State,5930,1146,1250,70,0, 0, 0
13,Bradley_Infa_agent,Bradley_Infantry,0,13427.0,32002.9,Active,8600,13629,39556,0,Reach Dynamic Waypoint State,6430,1130,1250,70,0, 0, 0
14,Bradley_Infa_agent,Bradley_Infantry,0,13555.5,35079.6,Active,8600,13629,39556,0,Reach Dynamic Waypoint State,5398,1130,1250,70,1, 0, 0
15,Bradley_Infa_agent,Bradley_Infantry,0,13544.0,34442.2,Active,8600,13629,39556,0,Reach Dynamic Waypoint State,6055,1081,1250,70,0, 0, 0
16,Bradley_Infa_agent,Bradley_Infantry,0,13491.9,34595.1,Active,8600,13629,39556,0,Reach Dynamic Waypoint State,5710,1090,1250,70,0, 0, 0
17,Red_Inf_Squa_agent,Red_Inf_Squad,0,14686.7,3236.1,Dead,8600,0,0,1,Shot At State (Pri),221,1989,3500,20,1, 0, 0
18,Red_Inf_Squa_agent,Red_Inf_Squad,1,13878.1,3115.6,Dead,8600,0,0,1,Shot At State (Pri),583,1983,3500,20,1, 0, 0
19,Red_Inf_Squa_agent,Red_Inf_Squad,2,15543.7,3278.5,Dead,8600,0,0,1,Shot At State (Pri),222,1986,3499,20,1, 0, 0
20,Red_Inf_Squa_agent,Red_Inf_Squad,3,15900.0,2987.6,Dead,8600,0,0,1,Shot At State (Sec),191,1987,3498,19,1, 0, 0
21,Red_Inf_Squa_agent,Red_Inf_Squad,4,15661.6,3476.4,Dead,8600,0,0,1,Shot At State (Sec),389,1948,3495,20,0, 0, 0
22,Red_Inf_Squa_agent,Red_Inf_Squad,5,14981.1,3297.1,Dead,8600,0,0,1,Shot At State (Pri),327,1957,3500,20,0, 0, 0
23,Red_Inf_Squa_agent,Red_Inf_Squad,6,14974.7,3723.8,Dead,8600,0,0,1,Shot At State (Pri),322,1969,3500,20,1, 0, 0
24,Red_Inf_Squa_agent,Red_Inf_Squad,0,14619.0,3226.0,Dead,8600,0,0,1,Shot At State (Pri),176,1999,3500,20,1, 0, 0
25,Red_Inf_Squa_agent,Red_Inf_Squad,1,13522.2,3062.7,Dead,8600,0,0,1,Shot At State (Pri),412,2000,3500,20,1, 0, 0
26,Red_Inf_Squa_agent,Red_Inf_Squad,2,15543.4,3275.8,Dead,8600,0,0,1,Shot At State (Sec),328,1976,3497,18,1, 0, 0
27,Red_Inf_Squa_agent,Red_Inf_Squad,3,16053.0,3004.0,Dead,8600,0,0,1,Shot At State (Pri),179,1997,3500,20,1, 0, 0
28,Red_Inf_Squa_agent,Red_Inf_Squad,4,15922.2,3515.9,Dead,8600,0,0,1,Shot At State (Pri),411,1972,3500,20,1, 0, 0
29,Red_Inf_Squa_agent,Red_Inf_Squad,5,14906.3,3413.8,Dead,8600,0,0,1,Shot At State (Pri),280,1992,3500,20,1, 0, 0
30,Red_Inf_Squa_agent,Red_Inf_Squad,6,14983.4,3745.0,Dead,8600,0,0,1,Shot At State (Pri),380,1947,3500,20,1, 0, 0
31,Red_Inf_Squa_agent,Red_Inf_Squad,0,14320.1,3256.8,Dead,8600,0,0,1,Shot At State (Pri),170,1994,3500,20,1, 0, 0
32,Red_Inf_Squa_agent,Red_Inf_Squad,1,13657.0,3124.0,Dead,8600,0,0,1,Shot At State (Pri),258,2000,3500,20,1, 0, 0
33,M1A2 Abrams _agent,M1A2 Abrams Sep,0,13672.3,16282.1,Dead,1000,13427,19905,1,Squad Taken Shot State (Pri),6649,42,896,4400, 0, 0, 0
34,M1A2 Abrams _agent,M1A2 Abrams Sep,0,13604.4,39510.8,Active,1000,13629,39937,0,Default State,7149,38,890,4400, 0, 0, 0
35,M1A2 Abrams _agent,M1A2 Abrams Sep,0,13836.8,16577.7,Dead,1000,13427,19905,1,Squad Taken Shot State (Pri),6649,42,894,4400, 0, 0, 0
36,M1A2 Abrams _agent,M1A2 Abrams Sep,0,13613.2,39760.1,Active,1000,13629,39937,0,Default State,7149,40,882,4400, 0, 0, 0
37,Company_HQ_agent,Company_HQ,0,28633.0,704.0,Active,999999,0,0,0,Default State,0, 0, 0, 0, 0, 0, 0
38,M109A6 155mm_agent,M109A6 155mm,0,27717.0,149.0,Active,1000,0,0,0,Default State,0,12,16, 0, 0, 0, 0
39,RQ11 Raven_agent,RQ11 Raven,0,28751.3,1013.9,Active,2650,20887,3613,0,Fuel Out State,13497, 0, 0, 0, 0, 0, 0
40,Bradley_Infa_agent,Bradley_Infantry,0,13035.7,31847.5,Active,8600,13548,39176,0,Reach Dynamic Waypoint State,11537,1169,1250,70,0, 0, 0
41,Bradley_Infa_agent,Bradley_Infantry,0,14641.1,32059.9,Dead,8600,13548,39176,1,Shot At State (Pri),10800,1151,1250,70,1, 0, 0
42,Bradley_Infa_agent,Bradley_Infantry,0,12748.9,31733.7,Active,8600,13548,39176,0,Reach Dynamic Waypoint State,14390,1180,1250,70,1, 0, 0
43,Bradley_Infa_agent,Bradley_Infantry,0,12855.3,31356.8,Active,8600,13548,39176,0,Reach Dynamic Waypoint State,14343,1170,1250,70,1, 0, 0
44,Bradley_Infa_agent,Bradley_Infantry,0,14639.2,32049.6,Dead,8600,13548,39176,1,Shot At State (Pri),10739,1161,1250,70,0, 0, 0
45,Bradley_Infa_agent,Bradley_Infantry,0,14606.7,32206.4,Dead,8600,13548,39176,1,Shot At State (Pri),11131,1165,1250,70,1, 0, 0
46,Bradley_Infa_agent,Bradley_Infantry,0,14741.1,32630.7,Dead,8600,13548,39176,1,Shot At State (Pri),11860,1173,1250,70,1, 0, 0
47,Bradley_Infa_agent,Bradley_Infantry,0,14123.1,25098.6,Dead,8600,13548,39176,1,Shot At State (Pri),4672,1200,1250,70,1, 0, 0
48,Bradley_Infa_agent,Bradley_Infantry,0,14123.1,25098.6,Dead,8600,13548,39176,1,Shot At State (Pri),4672,1200,1250,70,1, 0, 0
49,Bradley_Infa_agent,Bradley_Infantry,0,14123.1,25098.6,Dead,8600,13548,39176,1,Shot At State (Pri),4672,1200,1250,70,1, 0, 0
50,Bradley_Infa_agent,Bradley_Infantry,0,14123.1,25098.6,Dead,8600,13548,39176,1,Shot At State (Pri),4672,1200,1250,70,1, 0, 0
51,Bradley_Infa_agent,Bradley_Infantry,0,14123.1,25098.6,Dead,8600,13548,39176,1,Shot At State (Pri),4672,1200,1250,70,1, 0, 0
52,Bradley_Infa_agent,Bradley_Infantry,0,14123.1,25098.6,Dead,8600,13548,39176,1,Shot At State (Pri),4672,1200,1250,70,1, 0, 0
53,Bradley_Infa_agent,Bradley_Infantry,0,14123.1,25098.6,Dead,8600,13548,39176,1,Shot At State (Pri),4672,1200,1250,70,1, 0, 0
54,Bradley_Infa_agent,Bradley_Infantry,0,12927.5,31747.2,Active,8600,13548,39176,0,Reach Dynamic Waypoint State,13127,1013,1250,70,1, 0, 0
55,Bradley_Infa_agent,Bradley_Infantry,0,14967.1,32078.7,Dead,8600,13548,39176,1,Shot At State (Pri),11015,1060,1250,70,1, 0, 0
56,Bradley_Infa_agent,Bradley_Infantry,0,13099.0,31110.7,Active,8600,13548,39176,0,Reach Dynamic Waypoint State,13334,1069,1250,70,1, 0, 0
57,Bradley_Infa_agent,Bradley_Infantry,0,13330.6,31159.1,Active,8600,13548,39176,0,Reach Dynamic Waypoint State,13384,1045,1250,70,1, 0, 0
58,Bradley_Infa_agent,Bradley_Infantry,0,14729.8,31343.0,Dead,8600,13548,39176,1,Shot At State (Pri),10819,1047,1250,70,1, 0, 0
59,Bradley_Infa_agent,Bradley_Infantry,0,14903.1,30167.0,Dead,8600,13548,39176,1,Shot At State (Pri),6395,1200,1250,70,1, 0, 0
60,Bradley_Infa_agent,Bradley_Infantry,0,13051.3,31842.2,Active,8600,13548,39176,0,Reach Dynamic Waypoint State,13032,1014,1250,70,1, 0, 0
61,Bradley M2A3_agent,Bradley M2A3,0,12047.6,29620.5,Active,1000,14234,34295,0,Shot At State (Pri),13750,754,4392,0, 0, 0, 0
62,Bradley M2A3_agent,Bradley M2A3,0,14123.1,25098.6,Dead,1000,15323,26434,1,Embussed Children,14822,900,4400,6, 0, 0, 0
63,Bradley M2A3_agent,Bradley M2A3,0,11712.9,29484.9,Active,1000,15000,31569,0,Dembuss Child,14464,798,4394,0, 0, 0, 0
64,Red_Inf_Squa_agent,Red_Inf_Squad,0,15625.8,25797.9,Dead,8600,0,0,1,Shot At State (Sec),7886,2000,3500,20,0, 0, 0
65,Red_Inf_Squa_agent,Red_Inf_Squad,0,15592.0,25830.6,Dead,8600,0,0,1,Shot At State (Sec),7848,2000,3500,20,0, 0, 0
66,Red_Inf_Squa_agent,Red_Inf_Squad,1,13239.8,26307.8,Dead,8600,0,0,1,Shot At State (Sec),4650,1921,3500,20,0, 0, 0
67,Red_Inf_Squa_agent,Red_Inf_Squad,1,14492.9,26215.0,Dead,8600,0,0,1,Shot At State (Pri),5258,2000,3500,20,0, 0, 0
68,Red_Inf_Squa_agent,Red_Inf_Squad,1,13282.4,26167.6,Dead,8600,0,0,1,Shot At State (Pri),4208,1981,3500,20,1, 0, 0
69,Red_Inf_Squa_agent,Red_Inf_Squad,1,13518.7,26255.7,Dead,8600,0,0,1,Shot At State (Pri),4725,1925,3500,19,0, 0, 0
70,Red_Inf_Squa_agent,Red_Inf_Squad,0,15728.8,25897.2,Dead,8600,0,0,1,Shot At State (Pri),7760,2000,3500,20,0, 0, 0
71,Red_Inf_Squa_agent,Red_Inf_Squad,1,13645.0,26186.8,Dead,8600,0,0,1,Shot At State (Pri),4239,1977,3500,20,1, 0, 0
72,Red_Inf_Squa_agent,Red_Inf_Squad,1,14043.1,26159.9,Dead,8600,0,0,1,Shot At State (Sec),4771,1998,3500,20,1, 0, 0
73,Red_Inf_Squa_agent,Red_Inf_Squad,1,14374.2,26286.5,Dead,8600,0,0,1,Shot At State (Pri),4991,1977,3500,20,1, 0, 0
74,Red_Inf_Squa_agent,Red_Inf_Squad,1,14064.6,26179.2,Dead,8600,0,0,1,Shot At State (Pri),5317,1965,3500,20,0, 0, 0
75,Red_Inf_Squa_agent,Red_Inf_Squad,0,14557.8,31343.3,Dead,8600,0,0,1,Shot At State (Pri),6570,1981,3500,20,1, 0, 0
76,Red_Inf_Squa_agent,Red_Inf_Squad,1,13703.7,30681.7,Dead,8600,0,0,1,Shot At State (Pri),6976,1845,3500,20,0, 0, 0
77,Red_Inf_Squa_agent,Red_Inf_Squad,0,14548.0,31314.0,Dead,8600,0,0,1,Shot At State (Pri),6242,2000,3500,20,1, 0, 0
78,Red_Inf_Squa_agent,Red_Inf_Squad,1,14199.2,30970.0,Dead,8600,0,0,1,Shot At State (Pri),6436,1986,3500,20,1, 0, 0
79,Red_Inf_Squa_agent,Red_Inf_Squad,0,14595.9,31467.1,Dead,8600,0,0,1,Shot At State (Pri),6958,1919,3500,20,1, 0, 0
80,Red_Inf_Squa_agent,Red_Inf_Squad,1,14269.1,30798.7,Dead,8600,0,0,1,Shot At State (Pri),6574,1919,3500,20,1, 0, 0
81,Red_Inf_Squa_agent,Red_Inf_Squad,0,14640.0,31036.8,Dead,8600,0,0,1,Shot At State (Pri),6453,1998,3500,20,1, 0, 0
82,Red_Inf_Squa_agent,Red_Inf_Squad,1,13409.7,30749.5,Dead,8600,0,0,1,Shot At State (Pri),7037,1866,3500,20,1, 0, 0
83,Red_Inf_Squa_agent,Red_Inf_Squad,0,14510.7,31477.7,Dead,8600,0,0,1,Shot At State (Pri),6745,1901,3500,20,1, 0, 0
84,Red_Inf_Squa_agent,Red_Inf_Squad,1,13497.1,30825.3,Dead,8600,0,0,1,Shot At State (Pri),6275,1921,3500,20,1, 0, 0
85,Red_Inf_Squa_agent,Red_Inf_Squad,0,14568.0,31435.2,Dead,8600,0,0,1,Shot At State (Pri),6706,1926,3500,20,1, 0, 0
86,Red_Inf_Squa_agent,Red_Inf_Squad,1,13565.9,30747.4,Dead,8600,0,0,1,Shot At State (Pri),7031,1872,3500,20,0, 0, 0
87,Red_Inf_Squa_agent,Red_Inf_Squad,0,14573.2,31129.7,Dead,8600,0,0,1,Shot At State (Pri),6643,1947,3500,20,1, 0, 0
88,Red_Inf_Squa_agent,Red_Inf_Squad,1,13552.8,30742.3,Dead,8600,0,0,1,Shot At State (Pri),6241,1915,3500,20,1, 0, 0
89,Red_Inf_Squa_agent,Red_Inf_Squad,0,14514.6,31504.1,Dead,8600,0,0,1,Shot At State (Pri),7147,1842,3500,20,1, 0, 0
90,Red_Inf_Squa_agent,Red_Inf_Squad,1,13706.7,30775.1,Dead,8600,0,0,1,Shot At State (Pri),6739,1887,3500,20,1, 0, 0
91,Red_60mm_mor_agent,Red_60mm_mortar,0,14195.0,3087.0,Dead,8600,0,0,1,Shot At State (Pri),170,48,500, 0, 0, 0, 0
92,Red_60mm_mor_agent,Red_60mm_mortar,0,14059.0,3165.0,Dead,8600,0,0,1,Shot At State (Pri),317,46,500, 0, 0, 0, 0
93,Red_60mm_mor_agent,Red_60mm_mortar,0,14155.0,3093.0,Dead,8600,0,0,1,Shot At State (Pri),239,47,500, 0, 0, 0, 0
94,Red_M120mm_m_agent,Red_M120mm_mortar,0,11044.0,28666.0,Dead,8600,0,0,1,Taken Shot State (Pri),4198,17,18, 0, 0, 0, 0
95,Red_Milan_agent,Red_Milan,0,12346.0,17509.0,Dead,8600,0,0,1,Shot At State (Pri),4384,2,3500, 0, 0, 0, 0
96,Red_Milan_agent,Red_Milan,0,12289.0,17592.0,Dead,8600,0,0,1,Shot At State (Pri),3856,0,3500, 0, 0, 0, 0
97,Red_SA18_agent,Red_SA18,0,10007.0,27984.0,Dead,8600,0,0,1,Shot At State (Pri),11225,1,3500, 0, 0, 0, 0
98,Red_SA18_agent,Red_SA18,0,10332.0,28283.0,Dead,8600,0,0,1,Shot At State (Pri),9387,1,3500, 0, 0, 0, 0
99,T-90M_agent,T-90M,0,11567.4,30480.1,Dead,1000,0,0,1,Squad Taken Shot State (Pri),4937,43,4400,3,300, 0, 0
100,T-90M_agent,T-90M,0,11603.4,31931.1,Dead,1000,0,0,1,Squad Taken Shot State (Pri),4937,43,4400,4,300, 0, 0
101,T-90M_agent,T-90M,0,12394.2,28546.0,Dead,1000,0,0,1,Squad Taken Shot State (Pri),4937,43,4400,0,300, 0, 0
102,T-90M_agent,T-90M,0,11591.8,31930.7,Dead,1000,0,0,1,Squad Taken Shot State (Pri),4937,43,4400,4,300, 0, 0
103,RED_Company__agent,RED_Company_HQ,0,1694.0,38732.0,Active,999999,0,0,0,Default State,0, 0, 0, 0, 0, 0, 0
104,Red_AGS30_Sq_agent,Red_AGS30_Squad,0,15096.0,32030.0,Active,8600,89,101,0,Default State,0,17,745, 0, 0, 0, 0
105,Red_AGS30_Sq_agent,Red_AGS30_Squad,1,15646.0,31651.0,Dead,8600,89,101,1,Shot At State (Pri),9153,29,750, 0, 0, 0, 0
106,Red_AGS30_Sq_agent,Red_AGS30_Squad,0,15081.0,32296.0,Active,8600,89,101,0,Default State,0,28,748, 0, 0, 0, 0
107,Red_AGS30_Sq_agent,Red_AGS30_Squad,1,15617.0,31646.0,Dead,8600,89,101,1,Shot At State (Pri),8581,29,750, 0, 0, 0, 0
108,Red_Milan_agent,Red_Milan,0,14345.0,29891.0,Dead,8600,0,0,1,Shot At State (Pri),6291,2,247, 0, 0, 0, 0
109,Red_Milan_agent,Red_Milan,0,14256.0,29918.0,Dead,8600,0,0,1,Shot At State (Pri),4180,2,250, 0, 0, 0, 0
110,Red_Milan_agent,Red_Milan,1,16048.0,25393.0,Dead,8600,0,0,1,Shot At State (Pri),4320,2,250, 0, 0, 0, 0
111,Red_Milan_agent,Red_Milan,1,16056.0,25395.0,Dead,8600,0,0,1,Shot At State (Pri),6649,0,250, 0, 0, 0, 0
# Run End
