# MANA Agent End State Results File
# Version: 5.01.04
# Machine Name: MAZZAS-PC
# Run Started at 4/8/2013, 8:21:08 PM
RandSeed= -199212843
ID,name,squad,subsquad,x,y,status,fuel,goalx,goaly,hits,state,trig_step,ammo1,ammo2,ammo3,ammo4,ammo5,ammo6
0,Minefield_agent,Minefield,0,14854.0,25758.0,Active,1000,0,0,0,Taken Shot State (Pri),8184,0, 0, 0, 0, 0, 0
1,Minefield_agent,Minefield,0,15201.0,25656.0,Dead,1000,0,0,1,Default State,0,1, 0, 0, 0, 0, 0
2,Minefield_agent,Minefield,0,15050.0,25700.0,Dead,1000,0,0,1,Default State,0,1, 0, 0, 0, 0, 0
3,Minefield_agent,Minefield,0,15154.0,25401.0,Dead,1000,0,0,1,Default State,0,1, 0, 0, 0, 0, 0
4,Minefield_agent,Minefield,0,15086.0,25534.0,Dead,1000,0,0,1,Default State,0,1, 0, 0, 0, 0, 0
5,Minefield_agent,Minefield,0,14854.0,25391.0,Dead,1000,0,0,1,Default State,0,1, 0, 0, 0, 0, 0
6,IED_agent,IED,0,15221.0,2952.0,Dead,1000,0,0,1,Default State,0,1, 0, 0, 0, 0, 0
7,AH64D_AttHel_agent,AH64D_AttHeli,0,2931.0,4164.6,Injured,4951,2419,2853,1,Default State,18000,1156,2,14, 0, 0, 0
8,AH64D_AttHel_agent,AH64D_AttHeli,0,10072.6,24458.6,Dead,16176,2419,2853,2,Fuel Out State,16200,1188,0,20, 0, 0, 0
9,Bradley M2A3_agent,Bradley M2A3,0,13793.0,24772.9,Dead,1000,15323,26434,1,Dembuss Child,20244,900,4400,7, 0, 0, 0
10,Bradley_Infa_agent,Bradley_Infantry,0,14698.7,25428.7,Dead,8600,13629,39556,1,Shot At State (Pri),9499,1170,1250,70,1, 0, 0
11,Bradley_Infa_agent,Bradley_Infantry,0,14544.8,25136.9,Dead,8600,13629,39556,1,Shot At State (Pri),9801,1152,1250,70,1, 0, 0
12,Bradley_Infa_agent,Bradley_Infantry,0,13953.6,32692.6,Active,8600,13629,39556,0,Reach Dynamic Waypoint State,10793,1132,1250,70,0, 0, 0
13,Bradley_Infa_agent,Bradley_Infantry,0,15017.2,1465.8,Dead,8600,13629,39556,1,Shot At State (Pri),109,1200,1250,70,1, 0, 0
14,Bradley_Infa_agent,Bradley_Infantry,0,13972.2,34671.4,Active,8600,13629,39556,0,Reach Dynamic Waypoint State,9161,1148,1250,70,1, 0, 0
15,Bradley_Infa_agent,Bradley_Infantry,0,14159.3,33117.6,Active,8600,13629,39556,0,Reach Dynamic Waypoint State,10953,1150,1250,70,1, 0, 0
16,Bradley_Infa_agent,Bradley_Infantry,0,14835.7,25421.5,Dead,8600,13629,39556,1,Shot At State (Pri),9607,1150,1250,70,1, 0, 0
17,Red_Inf_Squa_agent,Red_Inf_Squad,0,14098.5,3176.5,Dead,8600,0,0,1,Shot At State (Pri),846,1905,3500,20,1, 0, 0
18,Red_Inf_Squa_agent,Red_Inf_Squad,1,14026.6,2995.3,Dead,8600,0,0,1,Shot At State (Pri),677,1982,3500,20,1, 0, 0
19,Red_Inf_Squa_agent,Red_Inf_Squad,2,15542.4,3270.5,Dead,8600,0,0,1,Shot At State (Pri),740,1859,3499,20,1, 0, 0
20,Red_Inf_Squa_agent,Red_Inf_Squad,3,15751.5,2997.0,Dead,8600,0,0,1,Shot At State (Pri),831,1838,3500,20,1, 0, 0
21,Red_Inf_Squa_agent,Red_Inf_Squad,4,15825.5,3500.5,Dead,8600,0,0,1,Shot At State (Pri),1114,1872,3500,19,0, 0, 0
22,Red_Inf_Squa_agent,Red_Inf_Squad,5,14957.8,3398.2,Dead,8600,0,0,1,Shot At State (Pri),635,1968,3500,20,1, 0, 0
23,Red_Inf_Squa_agent,Red_Inf_Squad,6,14903.3,3568.8,Dead,8600,0,0,1,Shot At State (Pri),621,1994,3500,20,1, 0, 0
24,Red_Inf_Squa_agent,Red_Inf_Squad,0,14626.3,3148.5,Dead,8600,0,0,1,Shot At State (Sec),504,1873,3500,20,1, 0, 0
25,Red_Inf_Squa_agent,Red_Inf_Squad,1,13534.1,3118.4,Dead,8600,0,0,1,Shot At State (Pri),2408,1933,3500,20,1, 0, 0
26,Red_Inf_Squa_agent,Red_Inf_Squad,2,15539.4,3278.0,Dead,8600,0,0,1,Shot At State (Pri),480,1967,3500,20,1, 0, 0
27,Red_Inf_Squa_agent,Red_Inf_Squad,3,15655.8,2970.1,Dead,8600,0,0,1,Shot At State (Pri),311,1990,3500,20,1, 0, 0
28,Red_Inf_Squa_agent,Red_Inf_Squad,4,15950.0,3490.0,Dead,8600,0,0,1,Shot At State (Pri),286,2000,3500,20,1, 0, 0
29,Red_Inf_Squa_agent,Red_Inf_Squad,5,14906.2,3354.1,Dead,8600,0,0,1,Shot At State (Pri),759,1822,3500,20,1, 0, 0
30,Red_Inf_Squa_agent,Red_Inf_Squad,6,14886.4,3696.7,Dead,8600,0,0,1,Shot At State (Pri),927,1964,3500,20,1, 0, 0
31,Red_Inf_Squa_agent,Red_Inf_Squad,0,14275.0,3225.0,Dead,8600,0,0,1,Shot At State (Pri),357,2000,3500,20,1, 0, 0
32,Red_Inf_Squa_agent,Red_Inf_Squad,1,14170.0,3017.0,Dead,8600,0,0,1,Shot At State (Pri),264,2000,3500,20,1, 0, 0
33,M1A2 Abrams _agent,M1A2 Abrams Sep,0,13598.0,39569.4,Active,1000,13629,39937,0,Default State,13091,33,866,4400, 0, 0, 0
34,M1A2 Abrams _agent,M1A2 Abrams Sep,0,13693.9,39605.4,Active,1000,13629,39937,0,Default State,13091,38,874,4400, 0, 0, 0
35,M1A2 Abrams _agent,M1A2 Abrams Sep,0,13706.9,39758.7,Active,1000,13629,39937,0,Default State,13091,40,862,4396, 0, 0, 0
36,M1A2 Abrams _agent,M1A2 Abrams Sep,0,13529.1,39690.0,Active,1000,13629,39937,0,Default State,13091,41,876,4400, 0, 0, 0
37,Company_HQ_agent,Company_HQ,0,28633.0,704.0,Active,999999,0,0,0,Default State,0, 0, 0, 0, 0, 0, 0
38,M109A6 155mm_agent,M109A6 155mm,0,28523.0,464.0,Active,1000,0,0,0,Default State,0,16,16, 0, 0, 0, 0
39,RQ11 Raven_agent,RQ11 Raven,0,12495.1,29046.2,Dead,29688,24476,29097,2,Fuel Out State,5400, 0, 0, 0, 0, 0, 0
40,Bradley_Infa_agent,Bradley_Infantry,0,14745.7,31912.8,Dead,8600,13548,39176,1,Shot At State (Pri),17674,988,1249,70,0, 0, 0
41,Bradley_Infa_agent,Bradley_Infantry,0,14738.4,31913.1,Dead,8600,13548,39176,1,Shot At State (Pri),16462,1022,1250,70,1, 0, 0
42,Bradley_Infa_agent,Bradley_Infantry,0,14925.4,31021.3,Dead,8600,13548,39176,1,Shot At State (Pri),13110,1130,1250,70,0, 0, 0
43,Bradley_Infa_agent,Bradley_Infantry,0,14730.1,31918.0,Dead,8600,13548,39176,1,Shot At State (Pri),16504,1122,1250,70,0, 0, 0
44,Bradley_Infa_agent,Bradley_Infantry,0,14735.4,31914.9,Dead,8600,13548,39176,1,Shot At State (Pri),16463,1146,1250,70,1, 0, 0
45,Bradley_Infa_agent,Bradley_Infantry,0,14737.2,31903.5,Dead,8600,13548,39176,1,Shot At State (Pri),16593,1144,1250,70,0, 0, 0
46,Bradley_Infa_agent,Bradley_Infantry,0,14737.8,31913.9,Dead,8600,13548,39176,1,Shot At State (Pri),16462,1012,1250,70,1, 0, 0
47,Bradley_Infa_agent,Bradley_Infantry,0,13677.8,24774.7,Dead,8600,13548,39176,1,Shot At State (Pri),10221,1162,1250,70,1, 0, 0
48,Bradley_Infa_agent,Bradley_Infantry,0,13629.0,39682.8,Active,8600,13548,39176,0,Reach Dynamic Waypoint State,16965,1132,1250,70,0, 0, 0
49,Bradley_Infa_agent,Bradley_Infantry,0,14964.7,2408.6,Dead,8600,13548,39176,1,Shot At State (Pri),527,1184,1250,70,1, 0, 0
50,Bradley_Infa_agent,Bradley_Infantry,0,13629.0,39682.8,Active,8600,13548,39176,0,Reach Dynamic Waypoint State,16653,1122,1250,70,0, 0, 0
51,Bradley_Infa_agent,Bradley_Infantry,0,15015.1,2293.4,Dead,8600,13548,39176,1,Shot At State (Pri),492,1162,1250,70,1, 0, 0
52,Bradley_Infa_agent,Bradley_Infantry,0,14977.0,2791.3,Dead,8600,13548,39176,1,Shot At State (Pri),749,1184,1250,70,1, 0, 0
53,Bradley_Infa_agent,Bradley_Infantry,0,14168.1,23426.3,Dead,8600,13548,39176,1,Shot At State (Pri),6529,1138,1250,70,1, 0, 0
54,Bradley_Infa_agent,Bradley_Infantry,0,13173.9,32463.3,Active,8600,13548,39176,0,Reach Dynamic Waypoint State,17993,1162,1250,70,1, 0, 0
55,Bradley_Infa_agent,Bradley_Infantry,0,13181.9,32462.3,Active,8600,13548,39176,0,Reach Dynamic Waypoint State,17559,1200,1250,70,1, 0, 0
56,Bradley_Infa_agent,Bradley_Infantry,0,13189.1,32457.8,Active,8600,13548,39176,0,Reach Dynamic Waypoint State,17784,1114,1249,70,1, 0, 0
57,Bradley_Infa_agent,Bradley_Infantry,0,13180.2,32453.4,Active,8600,13548,39176,0,Reach Dynamic Waypoint State,17990,1176,1250,70,1, 0, 0
58,Bradley_Infa_agent,Bradley_Infantry,0,13165.8,32460.4,Active,8600,13548,39176,0,Reach Dynamic Waypoint State,18125,1126,1250,70,1, 0, 0
59,Bradley_Infa_agent,Bradley_Infantry,0,15270.8,30401.5,Dead,8600,13548,39176,1,Shot At State (Pri),11765,1200,1250,70,1, 0, 0
60,Bradley_Infa_agent,Bradley_Infantry,0,13172.0,32454.5,Active,8600,13548,39176,0,Reach Dynamic Waypoint State,18109,1126,1250,70,1, 0, 0
61,Bradley M2A3_agent,Bradley M2A3,0,11731.0,29367.7,Active,1000,14234,34295,0,Shot At State (Pri),18803,898,4400,7, 0, 0, 0
62,Bradley M2A3_agent,Bradley M2A3,0,13629.0,39682.8,Active,1000,13629,39683,0,Default State,18939,898,4400,6, 0, 0, 0
63,Bradley M2A3_agent,Bradley M2A3,0,11983.4,29568.4,Active,1000,15000,31569,0,Shot At State (Pri),19647,900,4400,5, 0, 0, 0
64,Red_Inf_Squa_agent,Red_Inf_Squad,1,13516.2,26267.3,Dead,8600,0,0,1,Shot At State (Sec),9969,1989,3500,20,1, 0, 0
65,Red_Inf_Squa_agent,Red_Inf_Squad,1,14151.8,26199.7,Dead,8600,0,0,1,Shot At State (Pri),9995,1934,3500,20,1, 0, 0
66,Red_Inf_Squa_agent,Red_Inf_Squad,0,15598.8,25809.1,Dead,8600,0,0,1,Shot At State (Sec),8572,2000,3500,20,0, 0, 0
67,Red_Inf_Squa_agent,Red_Inf_Squad,1,13675.7,26263.7,Dead,8600,0,0,1,Shot At State (Pri),9935,1987,3500,20,1, 0, 0
68,Red_Inf_Squa_agent,Red_Inf_Squad,0,15558.6,25310.0,Dead,8600,0,0,1,Shot At State (Pri),8727,1951,3500,20,1, 0, 0
69,Red_Inf_Squa_agent,Red_Inf_Squad,1,14272.6,26243.1,Dead,8600,0,0,1,Shot At State (Pri),9988,1881,3500,20,1, 0, 0
70,Red_Inf_Squa_agent,Red_Inf_Squad,0,15679.3,25699.4,Dead,8600,0,0,1,Shot At State (Pri),6334,2000,3500,20,1, 0, 0
71,Red_Inf_Squa_agent,Red_Inf_Squad,0,15745.3,25730.5,Dead,8600,0,0,1,Shot At State (Pri),6341,2000,3500,20,1, 0, 0
72,Red_Inf_Squa_agent,Red_Inf_Squad,1,14327.2,26301.1,Dead,8600,0,0,1,Shot At State (Pri),9599,1956,3500,20,1, 0, 0
73,Red_Inf_Squa_agent,Red_Inf_Squad,1,14327.5,26200.8,Dead,8600,0,0,1,Shot At State (Pri),9638,1920,3500,20,0, 0, 0
74,Red_Inf_Squa_agent,Red_Inf_Squad,0,15544.4,25767.2,Dead,8600,0,0,1,Shot At State (Sec),8680,2000,3500,20,0, 0, 0
75,Red_Inf_Squa_agent,Red_Inf_Squad,0,14633.2,31592.6,Dead,8600,0,0,1,Shot At State (Pri),12235,1864,3500,20,1, 0, 0
76,Red_Inf_Squa_agent,Red_Inf_Squad,1,13130.9,30951.6,Dead,8600,0,0,1,Shot At State (Pri),11148,2000,3500,20,1, 0, 0
77,Red_Inf_Squa_agent,Red_Inf_Squad,0,14605.2,31155.4,Dead,8600,0,0,1,Shot At State (Pri),11887,1954,3500,20,1, 0, 0
78,Red_Inf_Squa_agent,Red_Inf_Squad,1,13754.0,30920.3,Dead,8600,0,0,1,Shot At State (Pri),11121,2000,3500,20,1, 0, 0
79,Red_Inf_Squa_agent,Red_Inf_Squad,0,14651.7,31581.3,Dead,8600,0,0,1,Shot At State (Pri),12503,1901,3500,20,1, 0, 0
80,Red_Inf_Squa_agent,Red_Inf_Squad,1,13123.8,30966.0,Dead,8600,0,0,1,Shot At State (Pri),11148,2000,3500,20,1, 0, 0
81,Red_Inf_Squa_agent,Red_Inf_Squad,0,14526.4,31415.4,Dead,8600,0,0,1,Shot At State (Pri),12263,1819,3500,20,0, 0, 0
82,Red_Inf_Squa_agent,Red_Inf_Squad,1,13901.6,30954.7,Dead,8600,0,0,1,Shot At State (Pri),12328,1886,3500,20,1, 0, 0
83,Red_Inf_Squa_agent,Red_Inf_Squad,0,14567.1,31121.8,Dead,8600,0,0,1,Shot At State (Pri),11906,1939,3500,20,1, 0, 0
84,Red_Inf_Squa_agent,Red_Inf_Squad,1,13704.2,30873.0,Dead,8600,0,0,1,Shot At State (Pri),12599,1858,3500,20,1, 0, 0
85,Red_Inf_Squa_agent,Red_Inf_Squad,0,14659.4,31588.4,Dead,8600,0,0,1,Shot At State (Pri),12303,1859,3500,20,1, 0, 0
86,Red_Inf_Squa_agent,Red_Inf_Squad,1,14089.2,30955.7,Dead,8600,0,0,1,Shot At State (Pri),12114,1942,3500,20,1, 0, 0
87,Red_Inf_Squa_agent,Red_Inf_Squad,0,14573.2,31613.9,Dead,8600,0,0,1,Shot At State (Pri),12329,1902,3500,20,1, 0, 0
88,Red_Inf_Squa_agent,Red_Inf_Squad,1,13551.7,30894.5,Dead,8600,0,0,1,Shot At State (Pri),12827,1852,3500,20,1, 0, 0
89,Red_Inf_Squa_agent,Red_Inf_Squad,0,14525.0,31203.2,Dead,8600,0,0,1,Shot At State (Sec),12035,1950,3500,20,1, 0, 0
90,Red_Inf_Squa_agent,Red_Inf_Squad,1,13186.0,30914.0,Dead,8600,0,0,1,Shot At State (Pri),11048,2000,3500,20,1, 0, 0
91,Red_60mm_mor_agent,Red_60mm_mortar,0,14080.0,3162.0,Dead,8600,0,0,1,Shot At State (Pri),357,47,500, 0, 0, 0, 0
92,Red_60mm_mor_agent,Red_60mm_mortar,0,14280.0,3136.0,Dead,8600,0,0,1,Shot At State (Pri),152,44,500, 0, 0, 0, 0
93,Red_60mm_mor_agent,Red_60mm_mortar,0,14169.0,3126.0,Dead,8600,0,0,1,Shot At State (Sec),599,47,500, 0, 0, 0, 0
94,Red_M120mm_m_agent,Red_M120mm_mortar,0,10956.0,28535.0,Dead,8600,0,0,1,Taken Shot State (Pri),10221,7,18, 0, 0, 0, 0
95,Red_Milan_agent,Red_Milan,0,12271.0,17594.0,Dead,8600,0,0,1,Shot At State (Pri),4226,2,3500, 0, 0, 0, 0
96,Red_Milan_agent,Red_Milan,0,12513.0,17607.0,Dead,8600,0,0,1,Shot At State (Pri),3744,1,3500, 0, 0, 0, 0
97,Red_SA18_agent,Red_SA18,0,10282.0,27802.0,Active,8600,0,0,0,Default State,8329,0,3500, 0, 0, 0, 0
98,Red_SA18_agent,Red_SA18,0,10085.0,27784.0,Dead,8600,0,0,1,Shot At State (Pri),6279,0,3500, 0, 0, 0, 0
99,T-90M_agent,T-90M,0,11545.5,29078.8,Dead,1000,0,0,1,Squad Taken Shot State (Pri),6108,43,4400,2,300, 0, 0
100,T-90M_agent,T-90M,0,11338.8,30559.7,Dead,1000,0,0,1,Squad Taken Shot State (Pri),6108,43,4400,4,300, 0, 0
101,T-90M_agent,T-90M,0,11838.1,29578.4,Dead,1000,0,0,1,Squad Taken Shot State (Pri),6108,43,4400,4,300, 0, 0
102,T-90M_agent,T-90M,0,11560.0,29315.0,Dead,1000,0,0,1,Squad Taken Shot State (Pri),6108,43,4400,4,300, 0, 0
103,RED_Company__agent,RED_Company_HQ,0,1694.0,38732.0,Active,999999,0,0,0,Default State,0, 0, 0, 0, 0, 0, 0
104,Red_AGS30_Sq_agent,Red_AGS30_Squad,0,15109.0,32406.0,Dead,8600,89,101,1,Shot At State (Pri),10696,29,750, 0, 0, 0, 0
105,Red_AGS30_Sq_agent,Red_AGS30_Squad,1,15091.0,31738.0,Active,8600,89,101,0,Default State,0,24,746, 0, 0, 0, 0
106,Red_AGS30_Sq_agent,Red_AGS30_Squad,0,15101.0,32166.0,Dead,8600,89,101,1,Shot At State (Pri),10947,29,750, 0, 0, 0, 0
107,Red_AGS30_Sq_agent,Red_AGS30_Squad,1,15161.0,31708.0,Active,8600,89,101,0,Default State,0,15,749, 0, 0, 0, 0
108,Red_Milan_agent,Red_Milan,0,14119.0,29830.0,Dead,8600,0,0,1,Shot At State (Pri),8698,2,250, 0, 0, 0, 0
109,Red_Milan_agent,Red_Milan,0,14225.0,29871.0,Dead,8600,0,0,1,Shot At State (Pri),9926,0,250, 0, 0, 0, 0
110,Red_Milan_agent,Red_Milan,1,16203.0,25376.0,Dead,8600,0,0,1,Shot At State (Pri),5969,1,250, 0, 0, 0, 0
111,Red_Milan_agent,Red_Milan,1,16046.0,25368.0,Dead,8600,0,0,1,Shot At State (Pri),6263,1,250, 0, 0, 0, 0
# Run End
