# MANA Casualty Location Results File
# Version: 5.01.04
# Machine Name: MAZZAS-PC
# Run Started at 4/8/2013, 5:33:36 PM
RandSeed= -1549613191
ID,x-casualty,y-casualty,time,Cas Squad,Cas Squad ID,Cas alleg,subsquad,state,shooter ID,Squad ID,Sqd name,weapon class,weapon ID,x-shooter,y-shooter,shooter alleg
89
6,15221,2952,119,IED,2,2,0,Default State,9,4,Bradley M2A3,Primary,1,15013,2530,1
22,14901,3172,129,Red_Inf_Squad,6,2,5,Shot At State (Sec),9,4,Bradley M2A3,Secondary,2,15040,2740,1
27,16104,2982,140,Red_Inf_Squad,6,2,3,Shot At State (Pri),62,15,Bradley M2A3,Primary,3,15218,1244,1
17,14776,3166,144,Red_Inf_Squad,6,2,0,Shot At State (Pri),8,3,AH64D_AttHeli,Primary,2,21991,1316,1
21,15658,3549,145,Red_Inf_Squad,6,2,4,Shot At State (Pri),33,7,M1A2 Abrams Sep,Primary,1,15371,2451,1
24,14689,3251,146,Red_Inf_Squad,6,2,0,Shot At State (Sec),9,4,Bradley M2A3,Secondary,2,15061,2849,1
30,14907,3498,147,Red_Inf_Squad,6,2,6,Shot At State (Sec),9,4,Bradley M2A3,Secondary,2,15057,2857,1
31,14695,3245,166,Red_Inf_Squad,6,2,0,Shot At State (Sec),9,4,Bradley M2A3,Secondary,2,15011,2987,1
9,15014,2999,171,Bradley M2A3,4,1,0,Shot At State (Pri),19,6,Red_Inf_Squad,Primary,4,15544,3275,2
28,15974,3477,171,Red_Inf_Squad,6,2,4,Shot At State (Pri),7,3,AH64D_AttHeli,Primary,2,21281,1435,1
91,14345,3111,177,Red_60mm_mortar,19,2,0,Shot At State (Pri),33,7,M1A2 Abrams Sep,Primary,1,15414,2638,1
12,15020,2815,182,Bradley_Infantry,5,1,0,Shot At State (Pri),19,6,Red_Inf_Squad,Primary,1,15544,3275,2
26,15542,3278,186,Red_Inf_Squad,6,2,2,Shot At State (Sec),61,14,Bradley M2A3,Secondary,2,15764,2774,1
19,15544,3273,236,Red_Inf_Squad,6,2,2,Shot At State (Sec),63,16,Bradley M2A3,Secondary,2,15752,2992,1
20,16107,2984,270,Red_Inf_Squad,6,2,3,Shot At State (Pri),40,11,Bradley_Infantry,Primary,2,15711,2945,1
29,14934,3322,305,Red_Inf_Squad,6,2,5,Shot At State (Pri),16,5,Bradley_Infantry,Primary,1,15010,3005,1
23,14945,3790,317,Red_Inf_Squad,6,2,6,Shot At State (Pri),38,9,M109A6 155mm,Primary,1,28436,862,1
25,14052,3107,347,Red_Inf_Squad,6,2,1,Shot At State (Pri),38,9,M109A6 155mm,Primary,1,28436,862,1
60,15291,3120,399,Bradley_Infantry,13,1,0,Shot At State (Pri),93,19,Red_60mm_mortar,Primary,1,13971,3159,2
56,14880,3126,569,Bradley_Infantry,13,1,0,Shot At State (Pri),92,19,Red_60mm_mortar,Primary,1,14205,3085,2
58,14871,3129,569,Bradley_Infantry,13,1,0,Shot At State (Pri),92,19,Red_60mm_mortar,Primary,1,14205,3085,2
92,14205,3085,647,Red_60mm_mortar,19,2,0,Shot At State (Pri),16,5,Bradley_Infantry,Primary,4,14920,3019,1
32,13515,3019,873,Red_Inf_Squad,6,2,1,Shot At State (Pri),35,7,M1A2 Abrams Sep,Primary,1,15148,3189,1
93,13971,3159,977,Red_60mm_mortar,19,2,0,Shot At State (Pri),8,3,AH64D_AttHeli,Primary,2,15134,3088,1
18,13764,3122,1006,Red_Inf_Squad,6,2,1,Shot At State (Pri),42,11,Bradley_Infantry,Primary,1,14412,3063,1
5,15095,25465,3324,Minefield,1,2,0,Default State,38,9,M109A6 155mm,Primary,2,28436,862,1
1,15194,25479,3418,Minefield,1,2,0,Default State,38,9,M109A6 155mm,Primary,2,28436,862,1
4,14868,25516,3439,Minefield,1,2,0,Default State,38,9,M109A6 155mm,Primary,2,28436,862,1
3,15084,25605,3818,Minefield,1,2,0,Default State,38,9,M109A6 155mm,Primary,2,28436,862,1
0,14878,25523,3880,Minefield,1,2,0,Default State,38,9,M109A6 155mm,Primary,2,28436,862,1
54,13561,15527,3946,Bradley_Infantry,13,1,0,Default State,96,21,Red_Milan,Primary,1,12188,17605,2
55,13561,15527,3946,Bradley_Infantry,13,1,0,Default State,96,21,Red_Milan,Primary,1,12188,17605,2
57,13561,15527,3946,Bradley_Infantry,13,1,0,Default State,96,21,Red_Milan,Primary,1,12188,17605,2
59,13561,15527,3946,Bradley_Infantry,13,1,0,Default State,96,21,Red_Milan,Primary,1,12188,17605,2
63,13562,15547,3946,Bradley M2A3,16,1,0,Shot At State (Pri),96,21,Red_Milan,Primary,1,12188,17605,2
34,13571,16025,4030,M1A2 Abrams Sep,7,1,0,Default State,95,21,Red_Milan,Primary,1,12296,17609,2
95,12296,17609,4101,Red_Milan,21,2,0,Shot At State (Pri),36,7,M1A2 Abrams Sep,Primary,1,13536,16964,1
110,16001,25371,4172,Red_Milan,26,2,1,Shot At State (Pri),7,3,AH64D_AttHeli,Primary,2,13023,20269,1
33,13491,17360,4175,M1A2 Abrams Sep,7,1,0,Squad Taken Shot State (Pri),96,21,Red_Milan,Primary,1,12188,17605,2
111,15968,25380,4183,Red_Milan,26,2,1,Shot At State (Pri),8,3,AH64D_AttHeli,Primary,2,13077,20420,1
7,11766,17595,4285,AH64D_AttHeli,3,1,0,Injured State,96,21,Red_Milan,Primary,2,12188,17605,2
96,12188,17605,4685,Red_Milan,21,2,0,Shot At State (Pri),8,3,AH64D_AttHeli,Primary,2,12630,21330,1
100,10902,32158,5073,T-90M,23,2,0,Default State,8,3,AH64D_AttHeli,Primary,2,12429,24312,1
74,13356,26249,5142,Red_Inf_Squad,17,2,1,Shot At State (Pri),8,3,AH64D_AttHeli,Primary,2,12391,24843,1
8,12943,24415,5324,AH64D_AttHeli,3,1,0,Injured State,98,22,Red_SA18,Primary,1,10168,27774,2
102,12029,30122,5413,T-90M,23,2,0,Squad Taken Shot State (Pri),36,7,M1A2 Abrams Sep,Primary,1,13986,22988,1
64,14641,26217,5641,Red_Inf_Squad,17,2,1,Shot At State (Pri),62,15,Bradley M2A3,Primary,3,13812,24829,1
61,13645,25164,5694,Bradley M2A3,14,1,0,Shot At State (Pri),101,23,T-90M,Primary,3,12045,29425,2
62,13802,24979,5781,Bradley M2A3,15,1,0,Shot At State (Pri),101,23,T-90M,Primary,3,12029,29388,2
101,11894,29323,6163,T-90M,23,2,0,Squad Taken Shot State (Pri),35,7,M1A2 Abrams Sep,Primary,1,13889,23151,1
99,11766,29320,6221,T-90M,23,2,0,Squad Taken Shot State (Pri),36,7,M1A2 Abrams Sep,Primary,1,14014,23094,1
49,13826,23272,6250,Bradley_Infantry,12,1,0,Shot At State (Pri),94,20,Red_M120mm_mortar,Primary,1,11199,28612,2
41,13833,23132,6589,Bradley_Infantry,11,1,0,Shot At State (Pri),94,20,Red_M120mm_mortar,Primary,1,11199,28612,2
40,14033,23122,6694,Bradley_Infantry,11,1,0,Shot At State (Pri),94,20,Red_M120mm_mortar,Primary,1,11199,28612,2
44,13971,22985,6987,Bradley_Infantry,11,1,0,Shot At State (Pri),94,20,Red_M120mm_mortar,Primary,1,11199,28612,2
71,15443,25260,7295,Red_Inf_Squad,17,2,0,Shot At State (Sec),35,7,M1A2 Abrams Sep,Secondary,3,14856,25083,1
65,15477,25624,7323,Red_Inf_Squad,17,2,0,Shot At State (Sec),35,7,M1A2 Abrams Sep,Secondary,3,14934,25481,1
72,14368,26177,7365,Red_Inf_Squad,17,2,1,Shot At State (Sec),36,7,M1A2 Abrams Sep,Secondary,3,15040,25798,1
66,15603,25657,7455,Red_Inf_Squad,17,2,0,Shot At State (Pri),38,9,M109A6 155mm,Primary,1,28436,862,1
67,15510,25560,7455,Red_Inf_Squad,17,2,0,Shot At State (Pri),38,9,M109A6 155mm,Primary,1,28436,862,1
73,14656,26074,7508,Red_Inf_Squad,17,2,1,Shot At State (Pri),35,7,M1A2 Abrams Sep,Primary,1,15611,27360,1
35,15606,27365,7657,M1A2 Abrams Sep,7,1,0,Squad Taken Shot State (Pri),108,26,Red_Milan,Primary,1,14161,29824,2
36,15614,27483,7727,M1A2 Abrams Sep,7,1,0,Squad Taken Shot State (Pri),108,26,Red_Milan,Primary,1,14161,29824,2
84,13616,30851,9011,Red_Inf_Squad,18,2,1,Shot At State (Pri),38,9,M109A6 155mm,Primary,1,28436,862,1
80,13726,30823,9048,Red_Inf_Squad,18,2,1,Shot At State (Pri),38,9,M109A6 155mm,Primary,1,28436,862,1
78,13544,30835,9056,Red_Inf_Squad,18,2,1,Shot At State (Pri),38,9,M109A6 155mm,Primary,1,28436,862,1
109,14326,29860,9093,Red_Milan,26,2,0,Shot At State (Pri),38,9,M109A6 155mm,Primary,1,28436,862,1
94,11199,28612,9188,Red_M120mm_mortar,20,2,0,Taken Shot State (Pri),38,9,M109A6 155mm,Primary,1,28436,862,1
104,15101,32147,9463,Red_AGS30_Squad,25,2,0,Shot At State (Pri),38,9,M109A6 155mm,Primary,1,28436,862,1
106,15085,32047,9506,Red_AGS30_Squad,25,2,0,Shot At State (Pri),38,9,M109A6 155mm,Primary,1,28436,862,1
53,14049,26075,9909,Bradley_Infantry,12,1,0,Shot At State (Pri),70,17,Red_Inf_Squad,Primary,1,14836,26181,2
51,14089,26128,10333,Bradley_Infantry,12,1,0,Shot At State (Pri),70,17,Red_Inf_Squad,Primary,1,14793,26147,2
70,14722,26081,11037,Red_Inf_Squad,17,2,1,Shot At State (Pri),42,11,Bradley_Infantry,Primary,1,13698,25722,1
46,14109,26827,17161,Bradley_Infantry,11,1,0,Shot At State (Pri),69,17,Red_Inf_Squad,Primary,1,13322,26233,2
69,13332,26210,17943,Red_Inf_Squad,17,2,1,Shot At State (Pri),42,11,Bradley_Infantry,Primary,4,13708,24815,1
86,13111,30761,20720,Red_Inf_Squad,18,2,1,Shot At State (Pri),38,9,M109A6 155mm,Primary,1,28436,862,1
90,13488,30657,20727,Red_Inf_Squad,18,2,1,Shot At State (Pri),38,9,M109A6 155mm,Primary,1,28436,862,1
76,13584,30759,20866,Red_Inf_Squad,18,2,1,Shot At State (Pri),38,9,M109A6 155mm,Primary,1,28436,862,1
82,13548,30558,20884,Red_Inf_Squad,18,2,1,Shot At State (Pri),38,9,M109A6 155mm,Primary,1,28436,862,1
108,14161,29824,21129,Red_Milan,26,2,0,Shot At State (Pri),38,9,M109A6 155mm,Primary,1,28436,862,1
88,13265,30516,22742,Red_Inf_Squad,18,2,1,Shot At State (Pri),10,5,Bradley_Infantry,Primary,4,14034,28451,1
11,13954,30303,24153,Bradley_Infantry,5,1,0,Shot At State (Pri),85,18,Red_Inf_Squad,Primary,1,14525,31336,2
14,14048,30523,24162,Bradley_Infantry,5,1,0,Shot At State (Pri),89,18,Red_Inf_Squad,Primary,1,14580,31394,2
87,14544,31005,25571,Red_Inf_Squad,18,2,0,Shot At State (Pri),48,12,Bradley_Infantry,Primary,4,13654,30518,1
89,14560,31361,26055,Red_Inf_Squad,18,2,0,Shot At State (Pri),47,12,Bradley_Infantry,Primary,1,13726,30800,1
75,14477,31268,26439,Red_Inf_Squad,18,2,0,Shot At State (Pri),47,12,Bradley_Infantry,Primary,4,13727,30762,1
52,13968,30985,42960,Bradley_Infantry,12,1,0,Shot At State (Pri),85,18,Red_Inf_Squad,Primary,1,14499,31278,2
77,14568,31749,48246,Red_Inf_Squad,18,2,0,Shot At State (Pri),48,12,Bradley_Infantry,Primary,1,13636,32098,1
43,13680,31307,49828,Bradley_Infantry,11,1,0,Shot At State (Pri),81,18,Red_Inf_Squad,Primary,1,14635,31744,2
# Run End
