# MANA Casualty Location Results File
# Version: 5.01.04
# Machine Name: MAZZAS-PC
# Run Started at 4/8/2013, 8:51:01 PM
RandSeed= 2017960755
ID,x-casualty,y-casualty,time,Cas Squad,Cas Squad ID,Cas alleg,subsquad,state,shooter ID,Squad ID,Sqd name,weapon class,weapon ID,x-shooter,y-shooter,shooter alleg
85
6,15221,2952,134,IED,2,2,0,Default State,38,9,M109A6 155mm,Primary,2,27762,468,1
20,15479,2980,169,Red_Inf_Squad,6,2,3,Shot At State (Pri),49,12,Bradley_Infantry,Primary,2,15518,2699,1
51,15514,2695,175,Bradley_Infantry,12,1,0,Shot At State (Pri),23,6,Red_Inf_Squad,Primary,1,14912,3565,2
29,14987,3248,184,Red_Inf_Squad,6,2,5,Shot At State (Sec),62,15,Bradley M2A3,Secondary,2,15538,2658,1
26,15545,3276,193,Red_Inf_Squad,6,2,2,Shot At State (Sec),62,15,Bradley M2A3,Secondary,2,15536,2679,1
23,14917,3554,206,Red_Inf_Squad,6,2,6,Shot At State (Sec),36,7,M1A2 Abrams Sep,Secondary,2,15279,3188,1
28,15977,3505,206,Red_Inf_Squad,6,2,4,Shot At State (Pri),8,3,AH64D_AttHeli,Primary,2,19052,1936,1
24,14288,3232,219,Red_Inf_Squad,6,2,0,Shot At State (Pri),38,9,M109A6 155mm,Primary,1,27762,468,1
27,16067,3012,244,Red_Inf_Squad,6,2,3,Shot At State (Sec),62,15,Bradley M2A3,Secondary,2,15518,2744,1
22,14957,3316,245,Red_Inf_Squad,6,2,5,Shot At State (Pri),49,12,Bradley_Infantry,Primary,1,15466,2791,1
19,15541,3279,245,Red_Inf_Squad,6,2,2,Shot At State (Sec),63,16,Bradley M2A3,Secondary,2,15643,2498,1
31,14285,3226,258,Red_Inf_Squad,6,2,0,Shot At State (Pri),8,3,AH64D_AttHeli,Primary,2,18660,2022,1
93,14317,3146,278,Red_60mm_mortar,19,2,0,Shot At State (Pri),34,7,M1A2 Abrams Sep,Primary,1,15356,2772,1
21,15648,3496,298,Red_Inf_Squad,6,2,4,Shot At State (Sec),34,7,M1A2 Abrams Sep,Secondary,3,15354,2774,1
30,14967,3643,300,Red_Inf_Squad,6,2,6,Shot At State (Pri),35,7,M1A2 Abrams Sep,Primary,1,15308,3513,1
17,14856,3238,387,Red_Inf_Squad,6,2,0,Shot At State (Sec),62,15,Bradley M2A3,Secondary,2,15532,2946,1
91,14353,3113,461,Red_60mm_mortar,19,2,0,Shot At State (Pri),8,3,AH64D_AttHeli,Primary,2,17484,2372,1
92,14275,3120,579,Red_60mm_mortar,19,2,0,Shot At State (Pri),53,12,Bradley_Infantry,Primary,1,14882,3182,1
32,13824,3150,917,Red_Inf_Squad,6,2,1,Shot At State (Pri),35,7,M1A2 Abrams Sep,Primary,1,15080,3138,1
25,13683,3015,942,Red_Inf_Squad,6,2,1,Shot At State (Pri),8,3,AH64D_AttHeli,Primary,2,15115,2978,1
18,13504,3037,1152,Red_Inf_Squad,6,2,1,Shot At State (Pri),12,5,Bradley_Infantry,Primary,1,14174,2448,1
0,15202,25631,2962,Minefield,1,2,0,Default State,38,9,M109A6 155mm,Primary,2,27762,468,1
3,15013,25498,2968,Minefield,1,2,0,Default State,38,9,M109A6 155mm,Primary,2,27762,468,1
2,15005,25437,2974,Minefield,1,2,0,Default State,38,9,M109A6 155mm,Primary,2,27762,468,1
1,14892,25494,3077,Minefield,1,2,0,Default State,38,9,M109A6 155mm,Primary,2,27762,468,1
96,12552,17523,4057,Red_Milan,21,2,0,Shot At State (Pri),7,3,AH64D_AttHeli,Primary,1,12160,17352,1
8,12395,17142,4064,AH64D_AttHeli,3,1,0,Injured State,95,21,Red_Milan,Primary,2,12321,17533,2
95,12321,17533,4072,Red_Milan,21,2,0,Shot At State (Pri),7,3,AH64D_AttHeli,Primary,2,12128,18047,1
78,13658,30864,4620,Red_Inf_Squad,18,2,1,Shot At State (Pri),38,9,M109A6 155mm,Primary,1,27762,468,1
101,11354,32346,4732,T-90M,23,2,0,Default State,7,3,AH64D_AttHeli,Primary,2,12003,25147,1
102,11409,32564,4786,T-90M,23,2,0,Default State,7,3,AH64D_AttHeli,Primary,2,12021,25597,1
66,14711,26228,4819,Red_Inf_Squad,17,2,1,Shot At State (Pri),7,3,AH64D_AttHeli,Primary,2,12001,25850,1
73,14765,26325,4854,Red_Inf_Squad,17,2,1,Shot At State (Pri),7,3,AH64D_AttHeli,Primary,3,12608,24993,1
88,13546,30945,4896,Red_Inf_Squad,18,2,1,Shot At State (Pri),38,9,M109A6 155mm,Primary,1,27762,468,1
64,13252,26241,5023,Red_Inf_Squad,17,2,1,Shot At State (Pri),38,9,M109A6 155mm,Primary,1,27762,468,1
65,13276,26146,5053,Red_Inf_Squad,17,2,1,Shot At State (Pri),38,9,M109A6 155mm,Primary,1,27762,468,1
110,16255,25375,5064,Red_Milan,26,2,1,Shot At State (Pri),38,9,M109A6 155mm,Primary,1,27762,468,1
111,16053,25386,5080,Red_Milan,26,2,1,Shot At State (Pri),38,9,M109A6 155mm,Primary,1,27762,468,1
99,11981,29776,5094,T-90M,23,2,0,Default State,34,7,M1A2 Abrams Sep,Primary,1,13851,23296,1
5,15175,25375,5169,Minefield,1,2,0,Default State,35,7,M1A2 Abrams Sep,Primary,1,13717,23835,1
100,12054,29378,5236,T-90M,23,2,0,Default State,34,7,M1A2 Abrams Sep,Primary,1,13585,24044,1
74,13325,26155,5359,Red_Inf_Squad,17,2,1,Shot At State (Pri),62,15,Bradley M2A3,Primary,3,13553,24865,1
68,13458,26148,5436,Red_Inf_Squad,17,2,1,Shot At State (Sec),35,7,M1A2 Abrams Sep,Secondary,2,13492,24701,1
63,13605,24991,5638,Bradley M2A3,16,1,0,Shot At State (Pri),94,20,Red_M120mm_mortar,Primary,1,11007,28803,2
69,14455,26223,6297,Red_Inf_Squad,17,2,1,Shot At State (Sec),33,7,M1A2 Abrams Sep,Secondary,3,14737,25850,1
109,14307,29854,6307,Red_Milan,26,2,0,Shot At State (Pri),34,7,M1A2 Abrams Sep,Primary,1,14920,26516,1
108,14264,29879,6471,Red_Milan,26,2,0,Shot At State (Pri),35,7,M1A2 Abrams Sep,Primary,1,14958,26653,1
70,15705,26203,7155,Red_Inf_Squad,17,2,0,Shot At State (Sec),9,4,Bradley M2A3,Secondary,2,15182,26079,1
72,15747,25656,7205,Red_Inf_Squad,17,2,0,Shot At State (Pri),9,4,Bradley M2A3,Primary,1,15261,26158,1
47,14918,25544,7216,Bradley_Infantry,12,1,0,Default State,4,1,Minefield,Primary,1,14878,25634,2
48,14918,25544,7216,Bradley_Infantry,12,1,0,Default State,4,1,Minefield,Primary,1,14878,25634,2
49,14918,25544,7216,Bradley_Infantry,12,1,0,Default State,4,1,Minefield,Primary,1,14878,25634,2
50,14918,25544,7216,Bradley_Infantry,12,1,0,Default State,4,1,Minefield,Primary,1,14878,25634,2
52,14918,25544,7216,Bradley_Infantry,12,1,0,Default State,4,1,Minefield,Primary,1,14878,25634,2
53,14918,25544,7216,Bradley_Infantry,12,1,0,Default State,4,1,Minefield,Primary,1,14878,25634,2
62,14924,25556,7216,Bradley M2A3,15,1,0,Shot At State (Pri),4,1,Minefield,Primary,1,14878,25634,2
67,14570,26133,7270,Red_Inf_Squad,17,2,1,Shot At State (Sec),9,4,Bradley M2A3,Secondary,2,15237,26147,1
94,11007,28803,9158,Red_M120mm_mortar,20,2,0,Taken Shot State (Pri),38,9,M109A6 155mm,Primary,1,27762,468,1
71,13908,26305,9374,Red_Inf_Squad,17,2,1,Shot At State (Pri),38,9,M109A6 155mm,Primary,1,27762,468,1
104,15101,32159,9722,Red_AGS30_Squad,25,2,0,Shot At State (Sec),35,7,M1A2 Abrams Sep,Secondary,2,15166,30660,1
87,14645,31512,9780,Red_Inf_Squad,18,2,0,Shot At State (Pri),36,7,M1A2 Abrams Sep,Primary,1,15172,30587,1
81,14635,31420,9787,Red_Inf_Squad,18,2,0,Shot At State (Sec),35,7,M1A2 Abrams Sep,Secondary,3,14862,31226,1
79,14552,31090,9808,Red_Inf_Squad,18,2,0,Shot At State (Sec),35,7,M1A2 Abrams Sep,Secondary,3,14860,31225,1
89,14607,31450,9809,Red_Inf_Squad,18,2,0,Shot At State (Sec),34,7,M1A2 Abrams Sep,Secondary,3,14946,31139,1
80,14228,30886,9847,Red_Inf_Squad,18,2,1,Shot At State (Sec),35,7,M1A2 Abrams Sep,Secondary,3,14852,31225,1
83,14567,31123,9881,Red_Inf_Squad,18,2,0,Shot At State (Sec),35,7,M1A2 Abrams Sep,Secondary,3,14846,31222,1
77,14641,31343,9884,Red_Inf_Squad,18,2,0,Shot At State (Pri),38,9,M109A6 155mm,Primary,1,27762,468,1
75,14602,31234,9901,Red_Inf_Squad,18,2,0,Shot At State (Sec),34,7,M1A2 Abrams Sep,Secondary,3,14929,31134,1
85,14526,31250,9954,Red_Inf_Squad,18,2,0,Shot At State (Sec),34,7,M1A2 Abrams Sep,Secondary,3,14906,31105,1
76,14197,30695,9956,Red_Inf_Squad,18,2,1,Shot At State (Pri),38,9,M109A6 155mm,Primary,1,27762,468,1
86,13956,30927,10034,Red_Inf_Squad,18,2,1,Shot At State (Pri),38,9,M109A6 155mm,Primary,1,27762,468,1
84,13973,30860,10055,Red_Inf_Squad,18,2,1,Shot At State (Pri),38,9,M109A6 155mm,Primary,1,27762,468,1
105,15142,31742,10073,Red_AGS30_Squad,25,2,1,Shot At State (Sec),35,7,M1A2 Abrams Sep,Secondary,2,14834,31198,1
98,10283,28407,10703,Red_SA18,22,2,0,Shot At State (Pri),7,3,AH64D_AttHeli,Primary,2,12274,23961,1
106,15101,32079,10983,Red_AGS30_Squad,25,2,0,Shot At State (Sec),36,7,M1A2 Abrams Sep,Secondary,3,14454,31697,1
13,14715,30836,11650,Bradley_Infantry,5,1,0,Shot At State (Pri),107,25,Red_AGS30_Squad,Primary,1,15130,31680,2
11,14709,30827,11680,Bradley_Infantry,5,1,0,Shot At State (Pri),82,18,Red_Inf_Squad,Primary,1,14420,30800,2
7,13626,29709,11703,AH64D_AttHeli,3,1,0,Shot At State (Pri),97,22,Red_SA18,Primary,1,10332,28354,2
14,14710,30841,11720,Bradley_Infantry,5,1,0,Shot At State (Pri),82,18,Red_Inf_Squad,Primary,1,14423,30806,2
82,14424,30806,11723,Red_Inf_Squad,18,2,1,Shot At State (Pri),16,5,Bradley_Infantry,Primary,1,14728,30838,1
90,13512,30872,12063,Red_Inf_Squad,18,2,1,Shot At State (Sec),9,4,Bradley M2A3,Secondary,2,13372,30113,1
41,14843,31867,12160,Bradley_Infantry,11,1,0,Shot At State (Pri),107,25,Red_AGS30_Squad,Primary,1,15130,31680,2
97,10332,28354,12167,Red_SA18,22,2,0,Shot At State (Pri),38,9,M109A6 155mm,Primary,1,27762,468,1
42,14819,31860,12184,Bradley_Infantry,11,1,0,Shot At State (Pri),107,25,Red_AGS30_Squad,Primary,1,15130,31680,2
44,14834,31859,12213,Bradley_Infantry,11,1,0,Shot At State (Pri),107,25,Red_AGS30_Squad,Primary,2,15130,31680,2
# Run End
