# MANA Agent End State Results File
# Version: 5.01.04
# Machine Name: MAZZAS-PC
# Run Started at 4/8/2013, 8:01:02 PM
RandSeed= -1669527101
ID,name,squad,subsquad,x,y,status,fuel,goalx,goaly,hits,state,trig_step,ammo1,ammo2,ammo3,ammo4,ammo5,ammo6
0,Minefield_agent,Minefield,0,15182.0,25452.0,Dead,1000,0,0,1,Default State,0,1, 0, 0, 0, 0, 0
1,Minefield_agent,Minefield,0,15111.0,25633.0,Dead,1000,0,0,1,Default State,0,1, 0, 0, 0, 0, 0
2,Minefield_agent,Minefield,0,15202.0,25809.0,Dead,1000,0,0,1,Default State,0,1, 0, 0, 0, 0, 0
3,Minefield_agent,Minefield,0,14906.0,25524.0,Dead,1000,0,0,1,Default State,0,1, 0, 0, 0, 0, 0
4,Minefield_agent,Minefield,0,14947.0,25571.0,Dead,1000,0,0,1,Default State,0,1, 0, 0, 0, 0, 0
5,Minefield_agent,Minefield,0,15087.0,25657.0,Dead,1000,0,0,1,Default State,0,1, 0, 0, 0, 0, 0
6,IED_agent,IED,0,15221.0,2952.0,Dead,1000,0,0,1,Default State,0,1, 0, 0, 0, 0, 0
7,AH64D_AttHel_agent,AH64D_AttHeli,0,13816.8,25644.0,Injured,5562,2419,2853,1,Contact State,10146,1148,7,27, 0, 0, 0
8,AH64D_AttHel_agent,AH64D_AttHeli,0,13903.9,28266.5,Injured,5562,2419,2853,1,Contact State,10465,1150,6,37, 0, 0, 0
9,Bradley M2A3_agent,Bradley M2A3,0,13507.2,24978.9,Dead,1000,14476,23835,1,Dembuss Child,10638,900,4400,7, 0, 0, 0
10,Bradley_Infa_agent,Bradley_Infantry,0,13367.4,25280.8,Dead,8600,13629,39556,1,Shot At State (Pri),8301,1160,1250,70,0, 0, 0
11,Bradley_Infa_agent,Bradley_Infantry,0,14185.1,2843.4,Dead,8600,13629,39556,1,Shot At State (Pri),1053,1156,1250,70,1, 0, 0
12,Bradley_Infa_agent,Bradley_Infantry,0,13320.9,25093.3,Dead,8600,13629,39556,1,Shot At State (Pri),7825,1178,1250,70,0, 0, 0
13,Bradley_Infa_agent,Bradley_Infantry,0,13347.9,24834.6,Dead,8600,13629,39556,1,Shot At State (Pri),7040,1160,1250,70,0, 0, 0
14,Bradley_Infa_agent,Bradley_Infantry,0,13457.3,24870.5,Dead,8600,13629,39556,1,Shot At State (Pri),6495,1160,1250,70,1, 0, 0
15,Bradley_Infa_agent,Bradley_Infantry,0,15104.1,1554.8,Dead,8600,13629,39556,1,Shot At State (Pri),115,1200,1250,70,1, 0, 0
16,Bradley_Infa_agent,Bradley_Infantry,0,13400.6,24869.4,Dead,8600,13629,39556,1,Shot At State (Pri),6781,1152,1250,70,0, 0, 0
17,Red_Inf_Squa_agent,Red_Inf_Squad,0,14302.0,3255.0,Dead,8600,0,0,1,Shot At State (Pri),253,2000,3500,20,1, 0, 0
18,Red_Inf_Squa_agent,Red_Inf_Squad,1,13631.1,3029.2,Dead,8600,0,0,1,Shot At State (Pri),897,1975,3500,20,1, 0, 0
19,Red_Inf_Squa_agent,Red_Inf_Squad,2,15547.0,3277.1,Dead,8600,0,0,1,Shot At State (Pri),269,1953,3500,20,1, 0, 0
20,Red_Inf_Squa_agent,Red_Inf_Squad,3,15799.8,3030.1,Dead,8600,0,0,1,Shot At State (Sec),404,1947,3500,20,0, 0, 0
21,Red_Inf_Squa_agent,Red_Inf_Squad,4,15818.0,3543.5,Dead,8600,0,0,1,Shot At State (Pri),373,1959,3500,20,1, 0, 0
22,Red_Inf_Squa_agent,Red_Inf_Squad,5,14923.8,3187.1,Dead,8600,0,0,1,Shot At State (Pri),287,1975,3500,20,1, 0, 0
23,Red_Inf_Squa_agent,Red_Inf_Squad,6,14905.1,3606.2,Dead,8600,0,0,1,Shot At State (Pri),360,1989,3500,20,1, 0, 0
24,Red_Inf_Squa_agent,Red_Inf_Squad,0,14286.0,3235.0,Dead,8600,0,0,1,Shot At State (Pri),266,2000,3500,20,1, 0, 0
25,Red_Inf_Squa_agent,Red_Inf_Squad,1,13790.3,3025.0,Dead,8600,0,0,1,Shot At State (Pri),1106,1944,3499,20,1, 0, 0
26,Red_Inf_Squa_agent,Red_Inf_Squad,2,15538.9,3276.9,Dead,8600,0,0,1,Shot At State (Pri),269,1965,3500,20,1, 0, 0
27,Red_Inf_Squa_agent,Red_Inf_Squad,3,15731.7,2990.0,Dead,8600,0,0,1,Shot At State (Sec),206,1976,3500,20,1, 0, 0
28,Red_Inf_Squa_agent,Red_Inf_Squad,4,15993.0,3513.0,Dead,8600,0,0,1,Shot At State (Pri),225,2000,3500,20,1, 0, 0
29,Red_Inf_Squa_agent,Red_Inf_Squad,5,14964.8,3163.4,Dead,8600,0,0,1,Shot At State (Sec),228,1978,3500,20,1, 0, 0
30,Red_Inf_Squa_agent,Red_Inf_Squad,6,14875.4,3864.9,Dead,8600,0,0,1,Shot At State (Sec),592,1990,3500,20,1, 0, 0
31,Red_Inf_Squa_agent,Red_Inf_Squad,0,14690.1,3195.1,Dead,8600,0,0,1,Shot At State (Pri),322,1959,3500,20,1, 0, 0
32,Red_Inf_Squa_agent,Red_Inf_Squad,1,13625.7,3081.2,Dead,8600,0,0,1,Shot At State (Pri),817,1993,3500,20,1, 0, 0
33,M1A2 Abrams _agent,M1A2 Abrams Sep,0,13638.5,39753.8,Active,1000,13629,39937,0,Default State,8641,0,878,4390, 0, 0, 0
34,M1A2 Abrams _agent,M1A2 Abrams Sep,0,14337.8,24629.7,Dead,1000,14798,24659,1,Squad Taken Shot State (Pri),8141,42,896,4398, 0, 0, 0
35,M1A2 Abrams _agent,M1A2 Abrams Sep,0,13965.7,37305.1,Active,1000,13629,39937,0,Default State,8641,0,894,4398, 0, 0, 0
36,M1A2 Abrams _agent,M1A2 Abrams Sep,0,15412.1,27148.8,Dead,1000,15887,28273,1,Default State,8641,0,896,4400, 0, 0, 0
37,Company_HQ_agent,Company_HQ,0,28633.0,704.0,Active,999999,0,0,0,Default State,0, 0, 0, 0, 0, 0, 0
38,M109A6 155mm_agent,M109A6 155mm,0,28418.0,545.0,Active,1000,0,0,0,Default State,0,2,16, 0, 0, 0, 0
39,RQ11 Raven_agent,RQ11 Raven,0,11842.9,31249.5,Dead,10476,24476,29097,1,Fuel Out State,5400, 0, 0, 0, 0, 0, 0
40,Bradley_Infa_agent,Bradley_Infantry,0,13596.0,15740.7,Dead,8600,13548,39176,1,Reach Dynamic Waypoint State,1805,1168,1250,70,0, 0, 0
41,Bradley_Infa_agent,Bradley_Infantry,0,13596.0,15740.7,Dead,8600,13548,39176,1,Reach Dynamic Waypoint State,1803,1200,1250,70,1, 0, 0
42,Bradley_Infa_agent,Bradley_Infantry,0,15526.4,2190.2,Dead,8600,13548,39176,1,Shot At State (Pri),181,1200,1250,70,1, 0, 0
43,Bradley_Infa_agent,Bradley_Infantry,0,13596.0,15740.7,Dead,8600,13548,39176,1,Reach Dynamic Waypoint State,2154,1166,1250,70,1, 0, 0
44,Bradley_Infa_agent,Bradley_Infantry,0,13596.0,15740.7,Dead,8600,13548,39176,1,Default State,431,1200,1250,70,1, 0, 0
45,Bradley_Infa_agent,Bradley_Infantry,0,13596.0,15740.7,Dead,8600,13548,39176,1,Reach Dynamic Waypoint State,2123,1168,1250,70,0, 0, 0
46,Bradley_Infa_agent,Bradley_Infantry,0,13596.0,15740.7,Dead,8600,13548,39176,1,Default State,751,1166,1250,70,1, 0, 0
47,Bradley_Infa_agent,Bradley_Infantry,0,13065.6,26199.3,Active,8600,13548,39176,0,Default State,9123,1182,1250,70,0, 0, 0
48,Bradley_Infa_agent,Bradley_Infantry,0,13266.1,27087.0,Active,8600,13548,39176,0,Reach Dynamic Waypoint State,9723,1138,1249,70,0, 0, 0
49,Bradley_Infa_agent,Bradley_Infantry,0,13294.3,24332.3,Dead,8600,13548,39176,1,Shot At State (Pri),7421,1180,1250,70,1, 0, 0
50,Bradley_Infa_agent,Bradley_Infantry,0,13036.1,27762.3,Active,8600,13548,39176,0,Reach Dynamic Waypoint State,9380,1134,1250,70,0, 0, 0
51,Bradley_Infa_agent,Bradley_Infantry,0,12895.5,26539.9,Dead,8600,13548,39176,1,Shot At State (Pri),8817,1136,1250,70,0, 0, 0
52,Bradley_Infa_agent,Bradley_Infantry,0,12716.0,27098.8,Active,8600,13548,39176,0,Reach Dynamic Waypoint State,9657,1182,1250,70,0, 0, 0
53,Bradley_Infa_agent,Bradley_Infantry,0,12814.4,26187.3,Active,8600,13548,39176,0,Default State,9123,1180,1250,70,0, 0, 0
54,Bradley_Infa_agent,Bradley_Infantry,0,14275.2,25107.6,Dead,8600,13548,39176,1,Default State,4749,1200,1250,70,1, 0, 0
55,Bradley_Infa_agent,Bradley_Infantry,0,14275.2,25107.6,Dead,8600,13548,39176,1,Default State,4807,1200,1250,70,1, 0, 0
56,Bradley_Infa_agent,Bradley_Infantry,0,14275.2,25107.6,Dead,8600,13548,39176,1,Default State,4963,1200,1250,70,1, 0, 0
57,Bradley_Infa_agent,Bradley_Infantry,0,14275.2,25107.6,Dead,8600,13548,39176,1,Default State,5154,1200,1250,70,1, 0, 0
58,Bradley_Infa_agent,Bradley_Infantry,0,15566.9,2239.6,Dead,8600,13548,39176,1,Shot At State (Pri),431,1200,1250,70,1, 0, 0
59,Bradley_Infa_agent,Bradley_Infantry,0,14275.2,25107.6,Dead,8600,13548,39176,1,Default State,5090,1200,1250,70,1, 0, 0
60,Bradley_Infa_agent,Bradley_Infantry,0,14275.2,25107.6,Dead,8600,13548,39176,1,Default State,4867,1200,1250,70,1, 0, 0
61,Bradley M2A3_agent,Bradley M2A3,0,13596.0,15740.7,Dead,1000,13548,17686,1,Embussed Children,10638,892,4390,7, 0, 0, 0
62,Bradley M2A3_agent,Bradley M2A3,0,12812.1,26225.0,Dead,1000,14476,23835,1,Dembuss Child,10638,0,2954,0, 0, 0, 0
63,Bradley M2A3_agent,Bradley M2A3,0,14275.2,25107.6,Dead,1000,15323,26434,1,Embussed Children,10638,894,4396,7, 0, 0, 0
64,Red_Inf_Squa_agent,Red_Inf_Squad,1,13942.0,26150.0,Dead,8600,0,0,1,Shot At State (Sec),6211,2000,3500,20,1, 0, 0
65,Red_Inf_Squa_agent,Red_Inf_Squad,0,15523.9,25899.6,Dead,8600,0,0,1,Shot At State (Pri),9379,2000,3500,20,0, 0, 0
66,Red_Inf_Squa_agent,Red_Inf_Squad,1,14128.4,26241.6,Dead,8600,0,0,1,Shot At State (Pri),6294,2000,3500,20,1, 0, 0
67,Red_Inf_Squa_agent,Red_Inf_Squad,1,13205.0,26203.7,Dead,8600,0,0,1,Shot At State (Sec),6829,1956,3500,20,0, 0, 0
68,Red_Inf_Squa_agent,Red_Inf_Squad,1,14551.6,26238.1,Dead,8600,0,0,1,Shot At State (Pri),6357,2000,3500,20,1, 0, 0
69,Red_Inf_Squa_agent,Red_Inf_Squad,1,14387.2,26186.6,Dead,8600,0,0,1,Shot At State (Pri),9590,1969,3500,20,1, 0, 0
70,Red_Inf_Squa_agent,Red_Inf_Squad,1,13993.5,26138.8,Dead,8600,0,0,1,Shot At State (Sec),6236,2000,3500,20,1, 0, 0
71,Red_Inf_Squa_agent,Red_Inf_Squad,0,15632.0,25853.0,Active,8600,0,0,0,Default State,0,2000,3500,20,1, 0, 0
72,Red_Inf_Squa_agent,Red_Inf_Squad,0,15780.0,26197.0,Active,8600,0,0,0,Default State,0,2000,3500,20,1, 0, 0
73,Red_Inf_Squa_agent,Red_Inf_Squad,1,13298.5,26279.2,Dead,8600,0,0,1,Shot At State (Sec),7010,1986,3500,20,0, 0, 0
74,Red_Inf_Squa_agent,Red_Inf_Squad,1,14482.9,26158.3,Dead,8600,0,0,1,Shot At State (Pri),9445,2000,3500,20,0, 0, 0
75,Red_Inf_Squa_agent,Red_Inf_Squad,0,14610.0,31159.2,Active,8600,0,0,0,Default State,9977,2000,3500,20,0, 0, 0
76,Red_Inf_Squa_agent,Red_Inf_Squad,1,14000.0,30972.0,Active,8600,0,0,0,Default State,0,2000,3500,20,1, 0, 0
77,Red_Inf_Squa_agent,Red_Inf_Squad,0,14596.7,31654.6,Dead,8600,0,0,1,Shot At State (Sec),9977,2000,3500,20,0, 0, 0
78,Red_Inf_Squa_agent,Red_Inf_Squad,1,13962.0,30890.0,Active,8600,0,0,0,Default State,0,2000,3500,20,1, 0, 0
79,Red_Inf_Squa_agent,Red_Inf_Squad,0,14506.7,31107.8,Active,8600,0,0,0,Default State,10018,2000,3500,20,0, 0, 0
80,Red_Inf_Squa_agent,Red_Inf_Squad,1,13802.0,30817.0,Active,8600,0,0,0,Default State,0,2000,3500,20,1, 0, 0
81,Red_Inf_Squa_agent,Red_Inf_Squad,0,14545.3,31376.8,Dead,8600,0,0,1,Shot At State (Sec),9895,2000,3500,20,0, 0, 0
82,Red_Inf_Squa_agent,Red_Inf_Squad,1,14243.0,30944.0,Active,8600,0,0,0,Default State,0,2000,3500,20,1, 0, 0
83,Red_Inf_Squa_agent,Red_Inf_Squad,0,14607.7,31625.0,Dead,8600,0,0,1,Shot At State (Sec),9843,2000,3500,20,0, 0, 0
84,Red_Inf_Squa_agent,Red_Inf_Squad,1,13833.0,30937.0,Active,8600,0,0,0,Default State,0,2000,3500,20,1, 0, 0
85,Red_Inf_Squa_agent,Red_Inf_Squad,0,14533.1,31429.7,Active,8600,0,0,0,Default State,10009,2000,3500,20,0, 0, 0
86,Red_Inf_Squa_agent,Red_Inf_Squad,1,13921.0,30909.0,Active,8600,0,0,0,Default State,0,2000,3500,20,1, 0, 0
87,Red_Inf_Squa_agent,Red_Inf_Squad,0,14646.2,31069.7,Dead,8600,0,0,1,Shot At State (Sec),9788,2000,3500,20,0, 0, 0
88,Red_Inf_Squa_agent,Red_Inf_Squad,1,13903.0,30868.0,Active,8600,0,0,0,Default State,0,2000,3500,20,1, 0, 0
89,Red_Inf_Squa_agent,Red_Inf_Squad,0,14503.0,31678.0,Dead,8600,0,0,1,Shot At State (Sec),9761,2000,3500,20,1, 0, 0
90,Red_Inf_Squa_agent,Red_Inf_Squad,1,14260.0,30928.0,Active,8600,0,0,0,Default State,0,2000,3500,20,1, 0, 0
91,Red_60mm_mor_agent,Red_60mm_mortar,0,14152.0,3112.0,Dead,8600,0,0,1,Shot At State (Pri),439,44,500, 0, 0, 0, 0
92,Red_60mm_mor_agent,Red_60mm_mortar,0,13988.0,3114.0,Dead,8600,0,0,1,Shot At State (Pri),834,35,500, 0, 0, 0, 0
93,Red_60mm_mor_agent,Red_60mm_mortar,0,14270.0,3152.0,Dead,8600,0,0,1,Shot At State (Pri),202,46,500, 0, 0, 0, 0
94,Red_M120mm_m_agent,Red_M120mm_mortar,0,10993.0,28813.0,Dead,8600,0,0,1,Taken Shot State (Pri),9941,6,18, 0, 0, 0, 0
95,Red_Milan_agent,Red_Milan,0,12553.0,17617.0,Dead,8600,0,0,1,Shot At State (Sec),3412,0,3500, 0, 0, 0, 0
96,Red_Milan_agent,Red_Milan,0,12327.0,17561.0,Dead,8600,0,0,1,Shot At State (Pri),3443,1,3500, 0, 0, 0, 0
97,Red_SA18_agent,Red_SA18,0,10343.0,28037.0,Dead,8600,0,0,1,Shot At State (Pri),10256,1,3500, 0, 0, 0, 0
98,Red_SA18_agent,Red_SA18,0,10207.0,28004.0,Dead,8600,0,0,1,Shot At State (Pri),10469,2,3500, 0, 0, 0, 0
99,T-90M_agent,T-90M,0,12690.7,27101.1,Dead,1000,0,0,1,Squad Taken Shot State (Pri),8526,42,4398,0,300, 0, 0
100,T-90M_agent,T-90M,0,12687.8,27049.5,Dead,1000,0,0,1,Squad Taken Shot State (Pri),8526,40,4400,0,300, 0, 0
101,T-90M_agent,T-90M,0,11849.4,30364.4,Dead,1000,0,0,1,Squad Taken Shot State (Pri),8526,43,4398,4,294, 0, 0
102,T-90M_agent,T-90M,0,12725.7,26936.9,Dead,1000,0,0,1,Squad Taken Shot State (Pri),8526,42,4398,0,300, 0, 0
103,RED_Company__agent,RED_Company_HQ,0,1694.0,38732.0,Active,999999,0,0,0,Default State,0, 0, 0, 0, 0, 0, 0
104,Red_AGS30_Sq_agent,Red_AGS30_Squad,0,15093.0,32406.0,Dead,8600,89,101,1,Shot At State (Sec),10205,29,750, 0, 0, 0, 0
105,Red_AGS30_Sq_agent,Red_AGS30_Squad,1,15232.0,31661.0,Dead,8600,89,101,1,Shot At State (Pri),8743,29,750, 0, 0, 0, 0
106,Red_AGS30_Sq_agent,Red_AGS30_Squad,0,15111.0,32017.0,Active,8600,89,101,0,Default State,0,29,750, 0, 0, 0, 0
107,Red_AGS30_Sq_agent,Red_AGS30_Squad,1,15084.0,31678.0,Dead,8600,89,101,1,Shot At State (Pri),9476,29,750, 0, 0, 0, 0
108,Red_Milan_agent,Red_Milan,0,14379.0,29888.0,Dead,8600,0,0,1,Shot At State (Pri),9362,2,250, 0, 0, 0, 0
109,Red_Milan_agent,Red_Milan,0,14308.0,29867.0,Dead,8600,0,0,1,Shot At State (Pri),9523,0,250, 0, 0, 0, 0
110,Red_Milan_agent,Red_Milan,1,16074.0,25353.0,Dead,8600,0,0,1,Shot At State (Pri),6310,1,250, 0, 0, 0, 0
111,Red_Milan_agent,Red_Milan,1,16132.0,25399.0,Dead,8600,0,0,1,Shot At State (Pri),6310,1,250, 0, 0, 0, 0
# Run End
