# MANA Casualty Location Results File
# Version: 5.01.04
# Machine Name: MAZZAS-PC
# Run Started at 4/8/2013, 6:30:22 PM
RandSeed= 16925943
ID,x-casualty,y-casualty,time,Cas Squad,Cas Squad ID,Cas alleg,subsquad,state,shooter ID,Squad ID,Sqd name,weapon class,weapon ID,x-shooter,y-shooter,shooter alleg
91
6,15221,2952,6,IED,2,2,0,Default State,36,7,M1A2 Abrams Sep,Primary,1,15017,711,1
13,15265,1842,142,Bradley_Infantry,5,1,0,Shot At State (Pri),92,19,Red_60mm_mortar,Primary,1,14354,3073,2
28,15583,3487,175,Red_Inf_Squad,6,2,4,Shot At State (Pri),38,9,M109A6 155mm,Primary,1,28458,521,1
92,14354,3073,178,Red_60mm_mortar,19,2,0,Shot At State (Pri),8,3,AH64D_AttHeli,Primary,2,19753,1770,1
91,14012,3070,215,Red_60mm_mortar,19,2,0,Shot At State (Pri),35,7,M1A2 Abrams Sep,Primary,1,14585,927,1
20,15524,2996,229,Red_Inf_Squad,6,2,3,Shot At State (Pri),38,9,M109A6 155mm,Primary,1,28458,521,1
27,15597,3022,237,Red_Inf_Squad,6,2,3,Shot At State (Pri),43,11,Bradley_Infantry,Primary,4,15372,2361,1
22,14981,3186,274,Red_Inf_Squad,6,2,5,Shot At State (Pri),8,3,AH64D_AttHeli,Primary,2,19060,1855,1
17,14501,3164,282,Red_Inf_Squad,6,2,0,Shot At State (Pri),9,4,Bradley M2A3,Primary,1,14951,2310,1
24,14025,3227,291,Red_Inf_Squad,6,2,0,Shot At State (Pri),38,9,M109A6 155mm,Primary,1,28458,521,1
21,15561,3481,301,Red_Inf_Squad,6,2,4,Shot At State (Pri),61,14,Bradley M2A3,Primary,1,15036,2793,1
29,14940,3252,321,Red_Inf_Squad,6,2,5,Shot At State (Sec),61,14,Bradley M2A3,Secondary,2,14970,2953,1
26,15544,3278,332,Red_Inf_Squad,6,2,2,Shot At State (Pri),12,5,Bradley_Infantry,Primary,4,15167,2380,1
19,15543,3278,408,Red_Inf_Squad,6,2,2,Shot At State (Pri),48,12,Bradley_Infantry,Primary,1,15173,2392,1
23,14922,3597,449,Red_Inf_Squad,6,2,6,Shot At State (Pri),44,11,Bradley_Infantry,Primary,4,15150,2862,1
31,14299,3205,488,Red_Inf_Squad,6,2,0,Shot At State (Pri),8,3,AH64D_AttHeli,Primary,2,16401,2555,1
30,14939,3548,494,Red_Inf_Squad,6,2,6,Shot At State (Pri),8,3,AH64D_AttHeli,Primary,2,16159,2692,1
93,14025,3114,540,Red_60mm_mortar,19,2,0,Shot At State (Pri),8,3,AH64D_AttHeli,Primary,2,15152,2774,1
18,13638,3008,2268,Red_Inf_Squad,6,2,1,Shot At State (Pri),7,3,AH64D_AttHeli,Primary,2,14548,2836,1
25,13473,3101,2299,Red_Inf_Squad,6,2,1,Shot At State (Pri),8,3,AH64D_AttHeli,Primary,2,14441,2800,1
32,13657,3126,2324,Red_Inf_Squad,6,2,1,Shot At State (Pri),7,3,AH64D_AttHeli,Primary,2,14108,1906,1
110,16297,25347,3303,Red_Milan,26,2,1,Shot At State (Pri),38,9,M109A6 155mm,Primary,1,28458,521,1
96,12206,17563,3655,Red_Milan,21,2,0,Shot At State (Pri),8,3,AH64D_AttHeli,Primary,1,12130,17242,1
95,12317,17514,3661,Red_Milan,21,2,0,Shot At State (Pri),7,3,AH64D_AttHeli,Primary,1,12170,16345,1
107,15248,31656,3841,Red_AGS30_Squad,25,2,1,Shot At State (Pri),38,9,M109A6 155mm,Primary,1,28458,521,1
108,14268,29921,4314,Red_Milan,26,2,0,Shot At State (Pri),38,9,M109A6 155mm,Primary,1,28458,521,1
102,11394,31451,4351,T-90M,23,2,0,Default State,7,3,AH64D_AttHeli,Primary,2,12811,24357,1
111,16206,25345,4412,Red_Milan,26,2,1,Shot At State (Pri),7,3,AH64D_AttHeli,Primary,2,12879,24810,1
100,10987,31778,4429,T-90M,23,2,0,Default State,7,3,AH64D_AttHeli,Primary,2,12914,24936,1
101,11561,31972,4430,T-90M,23,2,0,Default State,7,3,AH64D_AttHeli,Primary,2,12917,24943,1
94,11247,28542,4472,Red_M120mm_mortar,20,2,0,Taken Shot State (Pri),8,3,AH64D_AttHeli,Primary,2,12550,25308,1
1,14998,25434,4478,Minefield,1,2,0,Default State,8,3,AH64D_AttHeli,Primary,3,12493,25349,1
2,15157,25615,4485,Minefield,1,2,0,Default State,7,3,AH64D_AttHeli,Primary,3,12825,25127,1
79,14554,31184,4504,Red_Inf_Squad,18,2,0,Shot At State (Pri),38,9,M109A6 155mm,Primary,1,28458,521,1
84,14084,30888,4506,Red_Inf_Squad,18,2,1,Shot At State (Pri),38,9,M109A6 155mm,Primary,1,28458,521,1
97,10003,28291,4524,Red_SA18,22,2,0,Shot At State (Pri),8,3,AH64D_AttHeli,Primary,3,12080,25648,1
76,14096,30989,4525,Red_Inf_Squad,18,2,1,Shot At State (Pri),8,3,AH64D_AttHeli,Primary,3,12081,25656,1
75,14601,31109,4538,Red_Inf_Squad,18,2,0,Shot At State (Pri),38,9,M109A6 155mm,Primary,1,28458,521,1
99,11752,30822,4546,T-90M,23,2,0,Default State,8,3,AH64D_AttHeli,Primary,2,12057,25730,1
3,15152,25626,4585,Minefield,1,2,0,Default State,8,3,AH64D_AttHeli,Primary,3,11546,25898,1
109,14399,29828,4606,Red_Milan,26,2,0,Shot At State (Pri),38,9,M109A6 155mm,Primary,1,28458,521,1
70,13221,26157,4644,Red_Inf_Squad,17,2,1,Shot At State (Pri),8,3,AH64D_AttHeli,Primary,3,11153,24827,1
98,9998,27860,4689,Red_SA18,22,2,0,Shot At State (Pri),7,3,AH64D_AttHeli,Primary,3,12302,25569,1
78,13136,30893,4739,Red_Inf_Squad,18,2,1,Shot At State (Pri),7,3,AH64D_AttHeli,Primary,3,12288,25954,1
88,14062,30854,4900,Red_Inf_Squad,18,2,1,Shot At State (Pri),7,3,AH64D_AttHeli,Primary,3,12445,26881,1
85,14599,31739,5073,Red_Inf_Squad,18,2,0,Shot At State (Pri),7,3,AH64D_AttHeli,Primary,3,11622,29088,1
106,15098,32147,5688,Red_AGS30_Squad,25,2,0,Shot At State (Pri),7,3,AH64D_AttHeli,Primary,3,12585,26955,1
105,15282,31733,6334,Red_AGS30_Squad,25,2,1,Shot At State (Pri),7,3,AH64D_AttHeli,Primary,3,12352,27540,1
66,14822,26345,6405,Red_Inf_Squad,17,2,1,Shot At State (Sec),61,14,Bradley M2A3,Secondary,2,14732,25962,1
74,14611,26213,6413,Red_Inf_Squad,17,2,1,Shot At State (Sec),61,14,Bradley M2A3,Secondary,2,14734,25964,1
72,13609,26387,6510,Red_Inf_Squad,17,2,1,Shot At State (Pri),7,3,AH64D_AttHeli,Primary,2,11406,29035,1
67,14289,26232,6596,Red_Inf_Squad,17,2,1,Shot At State (Sec),35,7,M1A2 Abrams Sep,Secondary,2,14588,25392,1
69,14116,26293,6615,Red_Inf_Squad,17,2,1,Shot At State (Pri),34,7,M1A2 Abrams Sep,Primary,1,14635,25648,1
68,15594,26242,6779,Red_Inf_Squad,17,2,0,Shot At State (Pri),35,7,M1A2 Abrams Sep,Primary,1,14595,25454,1
35,14753,25502,7340,M1A2 Abrams Sep,7,1,0,Default State,0,1,Minefield,Primary,1,14847,25475,2
34,14747,25628,7355,M1A2 Abrams Sep,7,1,0,Default State,4,1,Minefield,Primary,1,14844,25651,2
36,15044,26113,7375,M1A2 Abrams Sep,7,1,0,Default State,71,17,Red_Inf_Squad,Primary,4,15570,25893,2
71,15557,25888,7590,Red_Inf_Squad,17,2,0,Shot At State (Pri),62,15,Bradley M2A3,Primary,3,14919,25494,1
63,14953,25741,7654,Bradley M2A3,16,1,0,Shot At State (Pri),5,1,Minefield,Primary,1,14908,25660,2
60,15143,25907,7685,Bradley_Infantry,13,1,0,Shot At State (Pri),73,17,Red_Inf_Squad,Primary,1,15690,26101,2
58,15152,25915,7695,Bradley_Infantry,13,1,0,Shot At State (Pri),73,17,Red_Inf_Squad,Primary,1,15688,26102,2
54,15204,25894,7729,Bradley_Infantry,13,1,0,Shot At State (Pri),65,17,Red_Inf_Squad,Primary,2,15655,25779,2
65,15652,25780,7766,Red_Inf_Squad,17,2,0,Shot At State (Pri),33,7,M1A2 Abrams Sep,Primary,1,15373,26863,1
59,15299,25895,7820,Bradley_Infantry,13,1,0,Shot At State (Pri),64,17,Red_Inf_Squad,Primary,1,15626,25876,2
55,15309,25887,7829,Bradley_Infantry,13,1,0,Shot At State (Pri),64,17,Red_Inf_Squad,Primary,1,15624,25876,2
47,15269,26149,7865,Bradley_Infantry,12,1,0,Reach Dynamic Waypoint State,73,17,Red_Inf_Squad,Primary,4,15672,26104,2
48,15269,26149,7865,Bradley_Infantry,12,1,0,Reach Dynamic Waypoint State,73,17,Red_Inf_Squad,Primary,4,15672,26104,2
49,15269,26149,7865,Bradley_Infantry,12,1,0,Reach Dynamic Waypoint State,73,17,Red_Inf_Squad,Primary,4,15672,26104,2
50,15269,26149,7865,Bradley_Infantry,12,1,0,Reach Dynamic Waypoint State,73,17,Red_Inf_Squad,Primary,4,15672,26104,2
51,15269,26149,7865,Bradley_Infantry,12,1,0,Reach Dynamic Waypoint State,73,17,Red_Inf_Squad,Primary,4,15672,26104,2
52,15269,26149,7865,Bradley_Infantry,12,1,0,Reach Dynamic Waypoint State,73,17,Red_Inf_Squad,Primary,4,15672,26104,2
53,15269,26149,7865,Bradley_Infantry,12,1,0,Reach Dynamic Waypoint State,73,17,Red_Inf_Squad,Primary,4,15672,26104,2
62,15270,26151,7865,Bradley M2A3,15,1,0,Shot At State (Pri),73,17,Red_Inf_Squad,Primary,4,15672,26104,2
73,15671,26104,7868,Red_Inf_Squad,17,2,0,Shot At State (Pri),8,3,AH64D_AttHeli,Primary,1,15250,25756,1
64,15623,25876,7883,Red_Inf_Squad,17,2,0,Shot At State (Pri),8,3,AH64D_AttHeli,Primary,1,15264,25719,1
86,14402,30772,9953,Red_Inf_Squad,18,2,1,Shot At State (Pri),61,14,Bradley M2A3,Primary,1,14490,30068,1
89,14587,31282,10109,Red_Inf_Squad,18,2,0,Shot At State (Pri),46,11,Bradley_Infantry,Primary,4,14847,30271,1
77,14544,31587,10177,Red_Inf_Squad,18,2,0,Shot At State (Sec),33,7,M1A2 Abrams Sep,Secondary,3,14568,31482,1
83,14640,31541,10218,Red_Inf_Squad,18,2,0,Shot At State (Sec),33,7,M1A2 Abrams Sep,Secondary,3,14477,31556,1
80,14436,30883,10268,Red_Inf_Squad,18,2,1,Shot At State (Sec),40,11,Bradley_Infantry,Secondary,3,14606,30669,1
33,14440,31629,10269,M1A2 Abrams Sep,7,1,0,Default State,81,18,Red_Inf_Squad,Primary,4,14597,31666,2
87,14597,30975,10327,Red_Inf_Squad,18,2,0,Shot At State (Pri),41,11,Bradley_Infantry,Primary,1,14605,30690,1
41,14605,30709,10333,Bradley_Infantry,11,1,0,Shot At State (Pri),81,18,Red_Inf_Squad,Primary,1,14593,31652,2
81,14585,31620,10519,Red_Inf_Squad,18,2,0,Shot At State (Pri),43,11,Bradley_Infantry,Primary,1,14482,30775,1
90,13321,30818,10720,Red_Inf_Squad,18,2,1,Shot At State (Pri),61,14,Bradley M2A3,Primary,1,13300,30025,1
82,13214,30754,10841,Red_Inf_Squad,18,2,1,Shot At State (Pri),7,3,AH64D_AttHeli,Primary,2,12213,28725,1
11,14531,31320,28565,Bradley_Infantry,5,1,0,Shot At State (Pri),104,25,Red_AGS30_Squad,Primary,1,15100,32017,2
40,14880,32205,28681,Bradley_Infantry,11,1,0,Shot At State (Pri),104,25,Red_AGS30_Squad,Primary,2,15100,32017,2
43,13714,31256,29913,Bradley_Infantry,11,1,0,Shot At State (Pri),104,25,Red_AGS30_Squad,Primary,1,15100,32017,2
45,14784,31388,36259,Bradley_Infantry,11,1,0,Shot At State (Pri),104,25,Red_AGS30_Squad,Primary,1,15100,32017,2
46,14912,31749,37395,Bradley_Infantry,11,1,0,Shot At State (Pri),104,25,Red_AGS30_Squad,Primary,1,15100,32017,2
# Run End
