# MANA Agent End State Results File
# Version: 5.01.04
# Machine Name: MAZZAS-PC
# Run Started at 4/8/2013, 6:06:46 PM
RandSeed= -1834448859
ID,name,squad,subsquad,x,y,status,fuel,goalx,goaly,hits,state,trig_step,ammo1,ammo2,ammo3,ammo4,ammo5,ammo6
0,Minefield_agent,Minefield,0,14890.0,25387.0,Dead,1000,0,0,1,Default State,0,1, 0, 0, 0, 0, 0
1,Minefield_agent,Minefield,0,15123.0,25511.0,Dead,1000,0,0,1,Default State,0,1, 0, 0, 0, 0, 0
2,Minefield_agent,Minefield,0,15086.0,25715.0,Dead,1000,0,0,1,Default State,0,1, 0, 0, 0, 0, 0
3,Minefield_agent,Minefield,0,14954.0,25549.0,Dead,1000,0,0,1,Default State,0,1, 0, 0, 0, 0, 0
4,Minefield_agent,Minefield,0,15122.0,25809.0,Dead,1000,0,0,1,Default State,0,1, 0, 0, 0, 0, 0
5,Minefield_agent,Minefield,0,14969.0,25588.0,Dead,1000,0,0,1,Default State,0,1, 0, 0, 0, 0, 0
6,IED_agent,IED,0,15221.0,2952.0,Dead,1000,0,0,1,Default State,0,1, 0, 0, 0, 0, 0
7,AH64D_AttHel_agent,AH64D_AttHeli,0,12951.2,17645.5,Dead,189785,2419,2853,2,Injured State,3484,1194,7,36, 0, 0, 0
8,AH64D_AttHel_agent,AH64D_AttHeli,0,14291.8,22711.0,Dead,135200,2419,2853,2,Fuel Out State,16200,1188,0,22, 0, 0, 0
9,Bradley M2A3_agent,Bradley M2A3,0,13685.0,15401.6,Dead,1000,13548,17686,1,Embussed Children,50000,880,4378,5, 0, 0, 0
10,Bradley_Infa_agent,Bradley_Infantry,0,13685.0,15401.7,Dead,8600,13629,39556,1,Reach Dynamic Waypoint State,1037,1200,1250,70,1, 0, 0
11,Bradley_Infa_agent,Bradley_Infantry,0,13685.0,15401.7,Dead,8600,13629,39556,1,Reach Dynamic Waypoint State,370,1200,1250,70,1, 0, 0
12,Bradley_Infa_agent,Bradley_Infantry,0,15356.4,2638.8,Dead,8600,13629,39556,1,Shot At State (Pri),216,1200,1250,70,1, 0, 0
13,Bradley_Infa_agent,Bradley_Infantry,0,13685.0,15401.6,Dead,8600,13629,39556,1,Reach Dynamic Waypoint State,974,1200,1250,70,1, 0, 0
14,Bradley_Infa_agent,Bradley_Infantry,0,13685.0,15401.7,Dead,8600,13629,39556,1,Reach Dynamic Waypoint State,1145,1200,1250,70,1, 0, 0
15,Bradley_Infa_agent,Bradley_Infantry,0,13685.0,15401.7,Dead,8600,13629,39556,1,Reach Dynamic Waypoint State,1222,1200,1250,70,1, 0, 0
16,Bradley_Infa_agent,Bradley_Infantry,0,13685.0,15401.7,Dead,8600,13629,39556,1,Reach Dynamic Waypoint State,1231,1200,1250,70,1, 0, 0
17,Red_Inf_Squa_agent,Red_Inf_Squad,0,14462.3,3211.7,Dead,8600,0,0,1,Shot At State (Sec),345,1991,3500,20,1, 0, 0
18,Red_Inf_Squa_agent,Red_Inf_Squad,1,13946.0,3022.0,Dead,8600,0,0,1,Shot At State (Pri),261,2000,3500,20,1, 0, 0
19,Red_Inf_Squa_agent,Red_Inf_Squad,2,15543.7,3278.1,Dead,8600,0,0,1,Shot At State (Sec),259,1989,3500,20,1, 0, 0
20,Red_Inf_Squa_agent,Red_Inf_Squad,3,15983.9,2985.7,Dead,8600,0,0,1,Shot At State (Sec),192,1988,3500,20,1, 0, 0
21,Red_Inf_Squa_agent,Red_Inf_Squad,4,15761.9,3499.7,Dead,8600,0,0,1,Shot At State (Sec),233,2000,3500,20,0, 0, 0
22,Red_Inf_Squa_agent,Red_Inf_Squad,5,14901.2,3182.5,Dead,8600,0,0,1,Shot At State (Sec),164,1985,3500,20,1, 0, 0
23,Red_Inf_Squa_agent,Red_Inf_Squad,6,14903.3,3716.7,Dead,8600,0,0,1,Shot At State (Sec),294,1983,3500,20,1, 0, 0
24,Red_Inf_Squa_agent,Red_Inf_Squad,0,14061.0,3195.0,Dead,8600,0,0,1,Shot At State (Pri),319,2000,3500,20,1, 0, 0
25,Red_Inf_Squa_agent,Red_Inf_Squad,1,13927.0,3014.0,Dead,8600,0,0,1,Shot At State (Pri),217,2000,3500,20,1, 0, 0
26,Red_Inf_Squa_agent,Red_Inf_Squad,2,15541.2,3278.7,Dead,8600,0,0,1,Shot At State (Sec),171,1989,3500,20,1, 0, 0
27,Red_Inf_Squa_agent,Red_Inf_Squad,3,15691.0,2991.0,Dead,8600,0,0,1,Shot At State (Sec),155,1999,3500,20,1, 0, 0
28,Red_Inf_Squa_agent,Red_Inf_Squad,4,15845.1,3562.8,Dead,8600,0,0,1,Shot At State (Sec),330,1983,3498,20,0, 0, 0
29,Red_Inf_Squa_agent,Red_Inf_Squad,5,14942.3,3251.2,Dead,8600,0,0,1,Shot At State (Sec),236,1989,3500,20,1, 0, 0
30,Red_Inf_Squa_agent,Red_Inf_Squad,6,14909.7,3742.5,Dead,8600,0,0,1,Shot At State (Pri),297,1979,3500,20,1, 0, 0
31,Red_Inf_Squa_agent,Red_Inf_Squad,0,14336.0,3225.0,Dead,8600,0,0,1,Shot At State (Pri),391,2000,3500,20,1, 0, 0
32,Red_Inf_Squa_agent,Red_Inf_Squad,1,13846.1,3006.7,Dead,8600,0,0,1,Shot At State (Pri),481,2000,3500,20,1, 0, 0
33,M1A2 Abrams _agent,M1A2 Abrams Sep,0,13821.0,23777.8,Dead,1000,14798,24659,1,Squad Taken Shot State (Pri),7418,42,900,4400, 0, 0, 0
34,M1A2 Abrams _agent,M1A2 Abrams Sep,0,15341.7,29651.1,Dead,1000,15282,30681,1,Default State,7918,12,892,4396, 0, 0, 0
35,M1A2 Abrams _agent,M1A2 Abrams Sep,0,13942.6,24516.1,Dead,1000,14798,24659,1,Squad Taken Shot State (Pri),7418,42,898,4400, 0, 0, 0
36,M1A2 Abrams _agent,M1A2 Abrams Sep,0,13649.0,25104.6,Dead,1000,14798,24659,1,Squad Taken Shot State (Pri),7418,21,884,4400, 0, 0, 0
37,Company_HQ_agent,Company_HQ,0,28633.0,704.0,Active,999999,0,0,0,Default State,0, 0, 0, 0, 0, 0, 0
38,M109A6 155mm_agent,M109A6 155mm,0,27518.0,261.0,Active,1000,0,0,0,Default State,0,4,16, 0, 0, 0, 0
39,RQ11 Raven_agent,RQ11 Raven,0,4218.6,36098.7,Injured,3982,22056,36070,1,Default State,48585, 0, 0, 0, 0, 0, 0
40,Bradley_Infa_agent,Bradley_Infantry,0,13695.9,24415.7,Dead,8600,13548,39176,1,Shot At State (Pri),7175,1200,1250,70,1, 0, 0
41,Bradley_Infa_agent,Bradley_Infantry,0,13221.2,32109.4,Active,8600,13548,39176,0,Reach Dynamic Waypoint State,44976,1192,1250,70,0, 0, 0
42,Bradley_Infa_agent,Bradley_Infantry,0,13654.8,23894.7,Dead,8600,13548,39176,1,Shot At State (Pri),6895,1200,1250,70,0, 0, 0
43,Bradley_Infa_agent,Bradley_Infantry,0,13213.4,32110.3,Active,8600,13548,39176,0,Reach Dynamic Waypoint State,45103,1192,1250,70,0, 0, 0
44,Bradley_Infa_agent,Bradley_Infantry,0,13198.6,32106.6,Active,8600,13548,39176,0,Reach Dynamic Waypoint State,45146,1192,1250,70,0, 0, 0
45,Bradley_Infa_agent,Bradley_Infantry,0,13205.9,32109.8,Active,8600,13548,39176,0,Reach Dynamic Waypoint State,44979,1172,1250,70,0, 0, 0
46,Bradley_Infa_agent,Bradley_Infantry,0,14012.2,31908.4,Dead,8600,13548,39176,1,Shot At State (Pri),33095,1172,1250,70,0, 0, 0
47,Bradley_Infa_agent,Bradley_Infantry,0,14754.5,25744.5,Dead,8600,13548,39176,1,Shot At State (Pri),8013,1200,1250,70,1, 0, 0
48,Bradley_Infa_agent,Bradley_Infantry,0,14771.4,25736.0,Dead,8600,13548,39176,1,Shot At State (Pri),7850,1176,1250,70,1, 0, 0
49,Bradley_Infa_agent,Bradley_Infantry,0,14696.6,25738.7,Dead,8600,13548,39176,1,Shot At State (Pri),7973,1200,1250,70,1, 0, 0
50,Bradley_Infa_agent,Bradley_Infantry,0,14722.0,25710.0,Dead,8600,13548,39176,1,Shot At State (Pri),7915,1200,1250,70,1, 0, 0
51,Bradley_Infa_agent,Bradley_Infantry,0,14704.8,25719.8,Dead,8600,13548,39176,1,Shot At State (Pri),7934,1200,1250,70,1, 0, 0
52,Bradley_Infa_agent,Bradley_Infantry,0,14721.4,25714.9,Dead,8600,13548,39176,1,Shot At State (Pri),7941,1200,1250,70,1, 0, 0
53,Bradley_Infa_agent,Bradley_Infantry,0,14747.7,25731.8,Dead,8600,13548,39176,1,Shot At State (Pri),8020,1200,1250,70,1, 0, 0
54,Bradley_Infa_agent,Bradley_Infantry,0,13382.3,31526.0,Active,8600,13548,39176,0,Reach Dynamic Waypoint State,49200,1118,1250,70,0, 0, 0
55,Bradley_Infa_agent,Bradley_Infantry,0,13213.6,31757.4,Active,8600,13548,39176,0,Reach Dynamic Waypoint State,49169,1164,1250,70,0, 0, 0
56,Bradley_Infa_agent,Bradley_Infantry,0,13765.5,23751.8,Dead,8600,13548,39176,1,Shot At State (Pri),7056,1200,1250,70,0, 0, 0
57,Bradley_Infa_agent,Bradley_Infantry,0,12850.2,31551.0,Active,8600,13548,39176,0,Reach Dynamic Waypoint State,49100,1140,1250,70,0, 0, 0
58,Bradley_Infa_agent,Bradley_Infantry,0,14399.4,30971.5,Dead,8600,13548,39176,1,Shot At State (Pri),12364,1118,1250,70,0, 0, 0
59,Bradley_Infa_agent,Bradley_Infantry,0,13155.3,31184.7,Active,8600,13548,39176,0,Reach Dynamic Waypoint State,49200,1144,1250,70,0, 0, 0
60,Bradley_Infa_agent,Bradley_Infantry,0,13360.8,31351.3,Active,8600,13548,39176,0,Reach Dynamic Waypoint State,49166,1132,1250,70,0, 0, 0
61,Bradley M2A3_agent,Bradley M2A3,0,12130.0,30262.5,Active,1000,15000,31569,0,Dembuss Child,49553,719,4207,0, 0, 0, 0
62,Bradley M2A3_agent,Bradley M2A3,0,14781.4,25494.4,Dead,1000,15323,26434,1,Dembuss Child,50000,890,4388,4, 0, 0, 0
63,Bradley M2A3_agent,Bradley M2A3,0,11325.0,29072.4,Active,1000,15000,31569,0,Shot At State (Pri),48617,628,4162,0, 0, 0, 0
64,Red_Inf_Squa_agent,Red_Inf_Squad,1,14685.0,26328.0,Dead,8600,0,0,1,Shot At State (Sec),6761,2000,3500,20,1, 0, 0
65,Red_Inf_Squa_agent,Red_Inf_Squad,0,15699.4,26128.4,Dead,8600,0,0,1,Shot At State (Sec),11134,1921,3500,20,0, 0, 0
66,Red_Inf_Squa_agent,Red_Inf_Squad,1,14696.2,26014.8,Dead,8600,0,0,1,Shot At State (Pri),8215,1922,3499,19,0, 0, 0
67,Red_Inf_Squa_agent,Red_Inf_Squad,1,13934.0,26258.8,Dead,8600,0,0,1,Shot At State (Pri),6732,2000,3500,20,1, 0, 0
68,Red_Inf_Squa_agent,Red_Inf_Squad,1,14876.0,26278.8,Dead,8600,0,0,1,Shot At State (Sec),7657,1997,3500,20,1, 0, 0
69,Red_Inf_Squa_agent,Red_Inf_Squad,0,15602.7,25557.9,Active,8600,0,0,0,Default State,8213,1927,3500,20,1, 0, 0
70,Red_Inf_Squa_agent,Red_Inf_Squad,0,15697.6,25934.8,Dead,8600,0,0,1,Shot At State (Sec),11090,1941,3500,20,0, 0, 0
71,Red_Inf_Squa_agent,Red_Inf_Squad,1,14085.8,26119.9,Dead,8600,0,0,1,Shot At State (Pri),6700,2000,3500,20,1, 0, 0
72,Red_Inf_Squa_agent,Red_Inf_Squad,0,15751.2,25788.8,Dead,8600,0,0,1,Shot At State (Pri),7780,1986,3500,20,1, 0, 0
73,Red_Inf_Squa_agent,Red_Inf_Squad,1,14213.6,26223.7,Dead,8600,0,0,1,Shot At State (Pri),6939,2000,3500,20,1, 0, 0
74,Red_Inf_Squa_agent,Red_Inf_Squad,0,15539.1,25336.8,Dead,8600,0,0,1,Shot At State (Sec),7657,1999,3500,20,1, 0, 0
75,Red_Inf_Squa_agent,Red_Inf_Squad,0,14540.0,31516.0,Dead,8600,0,0,1,Shot At State (Pri),11620,2000,3500,20,1, 0, 0
76,Red_Inf_Squa_agent,Red_Inf_Squad,1,13320.1,30825.8,Dead,8600,0,0,1,Shot At State (Pri),4666,1928,3500,20,1, 0, 0
77,Red_Inf_Squa_agent,Red_Inf_Squad,0,14584.7,31624.9,Dead,8600,0,0,1,Shot At State (Pri),12084,1977,3500,20,1, 0, 0
78,Red_Inf_Squa_agent,Red_Inf_Squad,1,14263.7,30735.3,Dead,8600,0,0,1,Shot At State (Sec),11978,1920,3500,20,1, 0, 0
79,Red_Inf_Squa_agent,Red_Inf_Squad,0,14620.9,31072.3,Dead,8600,0,0,1,Shot At State (Pri),12028,1889,3500,20,1, 0, 0
80,Red_Inf_Squa_agent,Red_Inf_Squad,1,13512.4,30916.6,Dead,8600,0,0,1,Shot At State (Pri),4511,1947,3500,20,1, 0, 0
81,Red_Inf_Squa_agent,Red_Inf_Squad,0,14640.8,31003.2,Dead,8600,0,0,1,Shot At State (Pri),12089,1843,3500,20,0, 0, 0
82,Red_Inf_Squa_agent,Red_Inf_Squad,1,13487.2,30677.3,Dead,8600,0,0,1,Shot At State (Sec),12408,1877,3500,20,1, 0, 0
83,Red_Inf_Squa_agent,Red_Inf_Squad,0,14598.0,31611.0,Dead,8600,0,0,1,Shot At State (Pri),11620,2000,3500,20,1, 0, 0
84,Red_Inf_Squa_agent,Red_Inf_Squad,1,14313.2,30801.1,Dead,8600,0,0,1,Shot At State (Sec),12263,1767,3500,20,0, 0, 0
85,Red_Inf_Squa_agent,Red_Inf_Squad,0,14510.4,31560.0,Dead,8600,0,0,1,Shot At State (Pri),12505,1893,3500,20,1, 0, 0
86,Red_Inf_Squa_agent,Red_Inf_Squad,1,14356.1,30762.7,Dead,8600,0,0,1,Shot At State (Sec),12009,1890,3500,20,1, 0, 0
87,Red_Inf_Squa_agent,Red_Inf_Squad,0,14508.0,31473.0,Dead,8600,0,0,1,Shot At State (Pri),11620,2000,3500,20,1, 0, 0
88,Red_Inf_Squa_agent,Red_Inf_Squad,1,13265.9,30711.9,Dead,8600,0,0,1,Shot At State (Sec),14271,1892,3500,20,0, 0, 0
89,Red_Inf_Squa_agent,Red_Inf_Squad,0,14641.0,31394.0,Dead,8600,0,0,1,Shot At State (Pri),11620,2000,3500,20,1, 0, 0
90,Red_Inf_Squa_agent,Red_Inf_Squad,1,14255.2,30774.0,Dead,8600,0,0,1,Shot At State (Pri),12108,1884,3500,20,1, 0, 0
91,Red_60mm_mor_agent,Red_60mm_mortar,0,14196.0,3117.0,Dead,8600,0,0,1,Shot At State (Sec),150,48,500, 0, 0, 0, 0
92,Red_60mm_mor_agent,Red_60mm_mortar,0,14027.0,3141.0,Dead,8600,0,0,1,Shot At State (Pri),299,45,500, 0, 0, 0, 0
93,Red_60mm_mor_agent,Red_60mm_mortar,0,14108.0,3153.0,Dead,8600,0,0,1,Shot At State (Pri),257,45,500, 0, 0, 0, 0
94,Red_M120mm_m_agent,Red_M120mm_mortar,0,11188.0,28801.0,Dead,8600,0,0,1,Taken Shot State (Pri),8599,0,18, 0, 0, 0, 0
95,Red_Milan_agent,Red_Milan,0,12552.0,17607.0,Dead,8600,0,0,1,Shot At State (Pri),3482,0,3499, 0, 0, 0, 0
96,Red_Milan_agent,Red_Milan,0,12467.0,17529.0,Dead,8600,0,0,1,Shot At State (Pri),3506,2,3496, 0, 0, 0, 0
97,Red_SA18_agent,Red_SA18,0,9991.0,28289.0,Active,8600,0,0,0,Default State,0,2,3500, 0, 0, 0, 0
98,Red_SA18_agent,Red_SA18,0,10321.0,27801.0,Active,8600,0,0,0,Default State,6248,1,3500, 0, 0, 0, 0
99,T-90M_agent,T-90M,0,12649.5,27145.4,Dead,1000,0,0,1,Squad Taken Shot State (Pri),7175,43,4400,0,300, 0, 0
100,T-90M_agent,T-90M,0,12160.5,27687.5,Dead,1000,0,0,1,Squad Taken Shot State (Pri),7175,43,4400,0,300, 0, 0
101,T-90M_agent,T-90M,0,12791.6,26007.2,Dead,1000,0,0,1,Squad Taken Shot State (Pri),7175,39,4400,0,300, 0, 0
102,T-90M_agent,T-90M,0,12845.8,26320.2,Dead,1000,0,0,1,Squad Taken Shot State (Pri),7175,43,4400,0,300, 0, 0
103,RED_Company__agent,RED_Company_HQ,0,1694.0,38732.0,Active,999999,0,0,0,Default State,0, 0, 0, 0, 0, 0, 0
104,Red_AGS30_Sq_agent,Red_AGS30_Squad,0,15096.0,32104.0,Active,8600,89,101,0,Default State,0,12,750, 0, 0, 0, 0
105,Red_AGS30_Sq_agent,Red_AGS30_Squad,1,15189.0,31760.0,Active,8600,89,101,0,Default State,0,9,750, 0, 0, 0, 0
106,Red_AGS30_Sq_agent,Red_AGS30_Squad,0,15108.0,32285.0,Active,8600,89,101,0,Default State,0,20,750, 0, 0, 0, 0
107,Red_AGS30_Sq_agent,Red_AGS30_Squad,1,15095.0,31649.0,Dead,8600,89,101,1,Shot At State (Pri),12296,12,750, 0, 0, 0, 0
108,Red_Milan_agent,Red_Milan,0,14131.0,29878.0,Dead,8600,0,0,1,Shot At State (Pri),11379,0,250, 0, 0, 0, 0
109,Red_Milan_agent,Red_Milan,0,14278.0,29820.0,Dead,8600,0,0,1,Shot At State (Pri),4471,2,250, 0, 0, 0, 0
110,Red_Milan_agent,Red_Milan,1,16146.0,25359.0,Dead,8600,0,0,1,Shot At State (Sec),8263,0,250, 0, 0, 0, 0
111,Red_Milan_agent,Red_Milan,1,16092.0,25373.0,Dead,8600,0,0,1,Shot At State (Sec),8414,0,250, 0, 0, 0, 0
# Run End
