# MANA Casualty Location Results File
# Version: 5.01.04
# Machine Name: MAZZAS-PC
# Run Started at 4/8/2013, 11:40:35 PM
RandSeed= -1219077053
ID,x-casualty,y-casualty,time,Cas Squad,Cas Squad ID,Cas alleg,subsquad,state,shooter ID,Squad ID,Sqd name,weapon class,weapon ID,x-shooter,y-shooter,shooter alleg
68
6,15221,2952,168,IED,2,2,0,Default State,38,9,M109A6 155mm,Primary,2,27962,610,1
93,14266,3082,206,Red_60mm_mortar,19,2,0,Shot At State (Sec),35,7,M1A2 Abrams Sep,Secondary,3,15276,2445,1
29,14979,3208,224,Red_Inf_Squad,6,2,5,Shot At State (Pri),38,9,M109A6 155mm,Primary,1,27962,610,1
24,14395,3196,242,Red_Inf_Squad,6,2,0,Shot At State (Pri),38,9,M109A6 155mm,Primary,1,27962,610,1
92,14232,3101,280,Red_60mm_mortar,19,2,0,Shot At State (Pri),7,3,AH64D_AttHeli,Primary,2,17943,2024,1
19,15544,3276,339,Red_Inf_Squad,6,2,2,Shot At State (Sec),35,7,M1A2 Abrams Sep,Secondary,3,15318,2968,1
26,15541,3277,346,Red_Inf_Squad,6,2,2,Shot At State (Pri),8,3,AH64D_AttHeli,Primary,2,17342,2066,1
17,14521,3244,388,Red_Inf_Squad,6,2,0,Shot At State (Pri),16,5,Bradley_Infantry,Primary,4,15025,1871,1
27,15729,3033,430,Red_Inf_Squad,6,2,3,Shot At State (Pri),7,3,AH64D_AttHeli,Primary,2,18704,2347,1
91,14128,3168,461,Red_60mm_mortar,19,2,0,Shot At State (Pri),33,7,M1A2 Abrams Sep,Primary,1,15156,2197,1
31,14711,3241,485,Red_Inf_Squad,6,2,0,Shot At State (Pri),7,3,AH64D_AttHeli,Primary,2,18304,2320,1
20,16176,2974,497,Red_Inf_Squad,6,2,3,Shot At State (Sec),35,7,M1A2 Abrams Sep,Secondary,3,15273,3020,1
23,14919,3922,557,Red_Inf_Squad,6,2,6,Shot At State (Sec),35,7,M1A2 Abrams Sep,Secondary,3,15257,2963,1
22,14967,3344,583,Red_Inf_Squad,6,2,5,Shot At State (Sec),33,7,M1A2 Abrams Sep,Secondary,3,15136,2390,1
21,15902,3541,618,Red_Inf_Squad,6,2,4,Shot At State (Sec),35,7,M1A2 Abrams Sep,Secondary,3,15249,2956,1
30,14990,3766,638,Red_Inf_Squad,6,2,6,Shot At State (Sec),33,7,M1A2 Abrams Sep,Secondary,3,15095,2477,1
25,13623,3061,745,Red_Inf_Squad,6,2,1,Shot At State (Pri),33,7,M1A2 Abrams Sep,Primary,1,15111,2635,1
18,13607,3023,844,Red_Inf_Squad,6,2,1,Shot At State (Pri),11,5,Bradley_Infantry,Primary,4,14783,2334,1
28,15733,3515,1075,Red_Inf_Squad,6,2,4,Shot At State (Pri),8,3,AH64D_AttHeli,Primary,2,16516,2104,1
32,13826,3051,2490,Red_Inf_Squad,6,2,1,Shot At State (Pri),38,9,M109A6 155mm,Primary,1,27962,610,1
3,15187,25723,2805,Minefield,1,2,0,Default State,38,9,M109A6 155mm,Primary,2,27962,610,1
2,14883,25495,2826,Minefield,1,2,0,Default State,38,9,M109A6 155mm,Primary,2,27962,610,1
1,15139,25388,3110,Minefield,1,2,0,Default State,38,9,M109A6 155mm,Primary,2,27962,610,1
5,15094,25627,3265,Minefield,1,2,0,Default State,38,9,M109A6 155mm,Primary,2,27962,610,1
96,12270,17521,3582,Red_Milan,21,2,0,Shot At State (Pri),8,3,AH64D_AttHeli,Primary,1,12708,16807,1
4,15115,25662,3834,Minefield,1,2,0,Default State,7,3,AH64D_AttHeli,Primary,2,12781,24206,1
39,8136,25934,4159,RQ11 Raven,10,1,0,Shot At State (Pri),98,22,Red_SA18,Primary,1,10332,27775,2
36,13682,15229,4690,M1A2 Abrams Sep,7,1,0,Default State,95,21,Red_Milan,Primary,1,12407,17596,2
95,12407,17596,4758,Red_Milan,21,2,0,Shot At State (Pri),38,9,M109A6 155mm,Primary,1,27962,610,1
100,11584,29926,8344,T-90M,23,2,0,Default State,7,3,AH64D_AttHeli,Primary,2,12277,22944,1
99,11635,29506,8360,T-90M,23,2,0,Default State,8,3,AH64D_AttHeli,Primary,2,12251,23657,1
101,11496,30312,8380,T-90M,23,2,0,Default State,8,3,AH64D_AttHeli,Primary,2,12232,23810,1
67,13345,26244,8490,Red_Inf_Squad,17,2,1,Shot At State (Pri),61,14,Bradley M2A3,Primary,3,13881,22605,1
71,13356,26238,8490,Red_Inf_Squad,17,2,1,Shot At State (Pri),61,14,Bradley M2A3,Primary,3,13881,22605,1
111,15964,25372,8504,Red_Milan,26,2,1,Shot At State (Pri),7,3,AH64D_AttHeli,Primary,3,12162,24172,1
7,10212,25336,8760,AH64D_AttHeli,3,1,0,Shot At State (Pri),102,23,T-90M,Primary,1,11432,29073,2
8,11078,25120,8778,AH64D_AttHeli,3,1,0,Shot At State (Pri),102,23,T-90M,Primary,1,11430,29064,2
62,14188,22947,8932,Bradley M2A3,15,1,0,Shot At State (Pri),94,20,Red_M120mm_mortar,Primary,1,11248,28652,2
110,16161,25382,9102,Red_Milan,26,2,1,Shot At State (Pri),38,9,M109A6 155mm,Primary,1,27962,610,1
9,12372,23334,9344,Bradley M2A3,4,1,0,Shot At State (Pri),94,20,Red_M120mm_mortar,Primary,1,11248,28652,2
102,12208,26335,9961,T-90M,23,2,0,Squad Taken Shot State (Pri),40,11,Bradley_Infantry,Primary,4,13156,24484,1
68,13528,26241,10467,Red_Inf_Squad,17,2,1,Shot At State (Sec),61,14,Bradley M2A3,Secondary,2,12629,26122,1
64,13480,26156,10474,Red_Inf_Squad,17,2,1,Shot At State (Sec),61,14,Bradley M2A3,Secondary,2,12632,26116,1
108,14118,29907,10518,Red_Milan,26,2,0,Shot At State (Pri),38,9,M109A6 155mm,Primary,1,27962,610,1
69,13784,26277,10586,Red_Inf_Squad,17,2,1,Shot At State (Pri),38,9,M109A6 155mm,Primary,1,27962,610,1
70,13810,26333,10685,Red_Inf_Squad,17,2,1,Shot At State (Pri),63,16,Bradley M2A3,Primary,3,13483,24810,1
55,13427,24822,10847,Bradley_Infantry,13,1,0,Shot At State (Pri),94,20,Red_M120mm_mortar,Primary,1,11248,28652,2
47,13504,24732,11032,Bradley_Infantry,12,1,0,Shot At State (Pri),94,20,Red_M120mm_mortar,Primary,1,11248,28652,2
57,13343,24831,11257,Bradley_Infantry,13,1,0,Shot At State (Pri),94,20,Red_M120mm_mortar,Primary,1,11248,28652,2
60,13307,24845,11491,Bradley_Infantry,13,1,0,Shot At State (Pri),94,20,Red_M120mm_mortar,Primary,1,11248,28652,2
73,14874,26143,11856,Red_Inf_Squad,17,2,1,Shot At State (Sec),35,7,M1A2 Abrams Sep,Secondary,3,14590,25940,1
65,14965,26346,11858,Red_Inf_Squad,17,2,1,Shot At State (Sec),33,7,M1A2 Abrams Sep,Secondary,3,14527,25330,1
72,14918,26254,12003,Red_Inf_Squad,17,2,1,Shot At State (Pri),38,9,M109A6 155mm,Primary,1,27962,610,1
109,14419,29915,13354,Red_Milan,26,2,0,Shot At State (Sec),33,7,M1A2 Abrams Sep,Secondary,3,15206,29325,1
83,14594,31068,13371,Red_Inf_Squad,18,2,0,Shot At State (Pri),38,9,M109A6 155mm,Primary,1,27962,610,1
85,14552,31401,13390,Red_Inf_Squad,18,2,0,Shot At State (Pri),38,9,M109A6 155mm,Primary,1,27962,610,1
75,14536,31253,13393,Red_Inf_Squad,18,2,0,Shot At State (Pri),38,9,M109A6 155mm,Primary,1,27962,610,1
79,14617,31461,13393,Red_Inf_Squad,18,2,0,Shot At State (Pri),38,9,M109A6 155mm,Primary,1,27962,610,1
11,13352,24779,13514,Bradley_Infantry,5,1,0,Shot At State (Pri),94,20,Red_M120mm_mortar,Primary,1,11248,28652,2
77,14548,30954,13726,Red_Inf_Squad,18,2,0,Shot At State (Sec),35,7,M1A2 Abrams Sep,Secondary,3,15083,29709,1
42,12548,26203,14086,Bradley_Infantry,11,1,0,Shot At State (Pri),94,20,Red_M120mm_mortar,Primary,1,11248,28652,2
52,13789,26078,14687,Bradley_Infantry,12,1,0,Shot At State (Pri),66,17,Red_Inf_Squad,Primary,1,14286,26240,2
66,14287,26253,14820,Red_Inf_Squad,17,2,1,Shot At State (Sec),61,14,Bradley M2A3,Secondary,2,14059,25462,1
87,14533,31291,14952,Red_Inf_Squad,18,2,0,Shot At State (Sec),35,7,M1A2 Abrams Sep,Secondary,2,14780,31229,1
89,14623,31192,14952,Red_Inf_Squad,18,2,0,Shot At State (Sec),35,7,M1A2 Abrams Sep,Secondary,3,14780,31229,1
56,13077,24818,16017,Bradley_Infantry,13,1,0,Shot At State (Pri),94,20,Red_M120mm_mortar,Primary,1,11248,28652,2
50,13190,24784,16437,Bradley_Infantry,12,1,0,Shot At State (Pri),94,20,Red_M120mm_mortar,Primary,1,11248,28652,2
10,13106,24813,16492,Bradley_Infantry,5,1,0,Shot At State (Pri),94,20,Red_M120mm_mortar,Primary,1,11248,28652,2
# Run End
