# MANA Casualty Location Results File
# Version: 5.01.04
# Machine Name: MAZZAS-PC
# Run Started at 4/9/2013, 1:17:10 AM
RandSeed= -904563864
ID,x-casualty,y-casualty,time,Cas Squad,Cas Squad ID,Cas alleg,subsquad,state,shooter ID,Squad ID,Sqd name,weapon class,weapon ID,x-shooter,y-shooter,shooter alleg
74
6,15221,2952,118,IED,2,2,0,Default State,35,7,M1A2 Abrams Sep,Primary,1,15219,1794,1
47,15161,1409,126,Bradley_Infantry,12,1,0,Shot At State (Pri),93,19,Red_60mm_mortar,Primary,1,14195,3085,2
52,15170,1394,126,Bradley_Infantry,12,1,0,Shot At State (Pri),93,19,Red_60mm_mortar,Primary,1,14195,3085,2
28,15639,3547,135,Red_Inf_Squad,6,2,4,Shot At State (Pri),61,14,Bradley M2A3,Primary,3,15203,1785,1
92,14235,3065,147,Red_60mm_mortar,19,2,0,Shot At State (Sec),9,4,Bradley M2A3,Secondary,2,15020,2058,1
22,14988,3190,179,Red_Inf_Squad,6,2,5,Shot At State (Sec),9,4,Bradley M2A3,Secondary,2,15257,2399,1
15,15233,2520,189,Bradley_Infantry,5,1,0,Shot At State (Pri),26,6,Red_Inf_Squad,Primary,1,15542,3278,2
19,15543,3278,194,Red_Inf_Squad,6,2,2,Shot At State (Sec),9,4,Bradley M2A3,Secondary,2,15209,2538,1
27,15559,2997,194,Red_Inf_Squad,6,2,3,Shot At State (Sec),35,7,M1A2 Abrams Sep,Secondary,3,15331,1836,1
21,15832,3496,215,Red_Inf_Squad,6,2,4,Shot At State (Pri),7,3,AH64D_AttHeli,Primary,2,19655,1630,1
93,14195,3085,223,Red_60mm_mortar,19,2,0,Shot At State (Pri),38,9,M109A6 155mm,Primary,1,27536,221,1
17,14807,3175,228,Red_Inf_Squad,6,2,0,Shot At State (Sec),9,4,Bradley M2A3,Secondary,2,15287,2885,1
31,14412,3166,243,Red_Inf_Squad,6,2,0,Shot At State (Sec),33,7,M1A2 Abrams Sep,Secondary,3,15274,2317,1
29,14902,3219,251,Red_Inf_Squad,6,2,5,Shot At State (Sec),9,4,Bradley M2A3,Secondary,2,15288,2971,1
26,15540,3274,262,Red_Inf_Squad,6,2,2,Shot At State (Pri),7,3,AH64D_AttHeli,Primary,2,18487,1877,1
24,14468,3223,269,Red_Inf_Squad,6,2,0,Shot At State (Sec),33,7,M1A2 Abrams Sep,Secondary,3,15273,2319,1
30,14937,3806,287,Red_Inf_Squad,6,2,6,Shot At State (Sec),9,4,Bradley M2A3,Secondary,2,15332,3139,1
23,14897,3905,295,Red_Inf_Squad,6,2,6,Shot At State (Sec),9,4,Bradley M2A3,Secondary,2,15345,3171,1
32,13578,3021,312,Red_Inf_Squad,6,2,1,Shot At State (Pri),33,7,M1A2 Abrams Sep,Primary,1,15273,2320,1
91,14191,3101,334,Red_60mm_mortar,19,2,0,Shot At State (Sec),9,4,Bradley M2A3,Secondary,2,15353,3188,1
20,15732,3040,378,Red_Inf_Squad,6,2,3,Shot At State (Pri),40,11,Bradley_Infantry,Primary,1,15158,2393,1
25,13958,3072,965,Red_Inf_Squad,6,2,1,Shot At State (Pri),11,5,Bradley_Infantry,Primary,4,15022,3533,1
18,13679,3063,999,Red_Inf_Squad,6,2,1,Shot At State (Pri),12,5,Bradley_Infantry,Primary,1,14605,2879,1
3,15094,25511,2461,Minefield,1,2,0,Default State,38,9,M109A6 155mm,Primary,2,27536,221,1
100,11141,32454,2760,T-90M,23,2,0,Default State,38,9,M109A6 155mm,Primary,2,27536,221,1
0,15157,25711,3116,Minefield,1,2,0,Default State,8,3,AH64D_AttHeli,Primary,2,13403,21372,1
1,15163,25706,3116,Minefield,1,2,0,Default State,8,3,AH64D_AttHeli,Primary,2,13403,21372,1
2,14883,25449,3127,Minefield,1,2,0,Default State,7,3,AH64D_AttHeli,Primary,2,13512,21298,1
110,16288,25389,3257,Red_Milan,26,2,1,Shot At State (Pri),7,3,AH64D_AttHeli,Primary,3,14399,25050,1
70,14727,26176,3299,Red_Inf_Squad,17,2,1,Shot At State (Pri),7,3,AH64D_AttHeli,Primary,3,14188,24805,1
5,14926,25483,3312,Minefield,1,2,0,Default State,8,3,AH64D_AttHeli,Primary,2,13610,22434,1
71,13996,26183,3344,Red_Inf_Squad,17,2,1,Shot At State (Pri),8,3,AH64D_AttHeli,Primary,2,13612,22678,1
74,13961,26192,3346,Red_Inf_Squad,17,2,1,Shot At State (Pri),7,3,AH64D_AttHeli,Primary,3,14261,24844,1
108,14468,29844,3349,Red_Milan,26,2,0,Shot At State (Pri),8,3,AH64D_AttHeli,Primary,3,13616,22717,1
111,16303,25359,3384,Red_Milan,26,2,1,Shot At State (Pri),38,9,M109A6 155mm,Primary,1,27536,221,1
4,15041,25552,3407,Minefield,1,2,0,Default State,7,3,AH64D_AttHeli,Primary,1,14407,24899,1
102,11995,29729,3443,T-90M,23,2,0,Default State,7,3,AH64D_AttHeli,Primary,2,14391,25049,1
45,13636,15865,3445,Bradley_Infantry,11,1,0,Shot At State (Pri),96,21,Red_Milan,Primary,1,12243,17563,2
41,13652,15876,3445,Bradley_Infantry,11,1,0,Shot At State (Pri),96,21,Red_Milan,Primary,1,12243,17563,2
42,13645,15860,3445,Bradley_Infantry,11,1,0,Shot At State (Pri),96,21,Red_Milan,Primary,1,12243,17563,2
44,13629,15870,3445,Bradley_Infantry,11,1,0,Shot At State (Pri),96,21,Red_Milan,Primary,1,12243,17563,2
46,13636,15879,3445,Bradley_Infantry,11,1,0,Shot At State (Pri),96,21,Red_Milan,Primary,1,12243,17563,2
109,14251,29877,3450,Red_Milan,26,2,0,Shot At State (Pri),38,9,M109A6 155mm,Primary,1,27536,221,1
99,11722,29873,3462,T-90M,23,2,0,Default State,8,3,AH64D_AttHeli,Primary,2,13603,23493,1
101,11964,30262,3463,T-90M,23,2,0,Default State,8,3,AH64D_AttHeli,Primary,2,13601,23500,1
68,15605,25366,3503,Red_Inf_Squad,17,2,0,Shot At State (Pri),8,3,AH64D_AttHeli,Primary,2,13534,23799,1
66,14350,26198,3506,Red_Inf_Squad,17,2,1,Shot At State (Pri),7,3,AH64D_AttHeli,Primary,1,14475,25745,1
96,12243,17563,3537,Red_Milan,21,2,0,Shot At State (Sec),61,14,Bradley M2A3,Secondary,2,13263,16856,1
95,12464,17614,3549,Red_Milan,21,2,0,Shot At State (Sec),61,14,Bradley M2A3,Secondary,2,13181,16924,1
65,15659,26226,3591,Red_Inf_Squad,17,2,0,Shot At State (Pri),7,3,AH64D_AttHeli,Primary,3,15783,27901,1
69,13353,26329,3749,Red_Inf_Squad,17,2,1,Shot At State (Pri),8,3,AH64D_AttHeli,Primary,3,13249,25072,1
67,13320,26266,3834,Red_Inf_Squad,17,2,1,Shot At State (Pri),8,3,AH64D_AttHeli,Primary,3,11202,24323,1
81,14528,31185,4098,Red_Inf_Squad,18,2,0,Shot At State (Pri),7,3,AH64D_AttHeli,Primary,3,14295,26625,1
83,14551,31175,4106,Red_Inf_Squad,18,2,0,Shot At State (Pri),7,3,AH64D_AttHeli,Primary,3,14272,26575,1
79,14560,31345,4195,Red_Inf_Squad,18,2,0,Shot At State (Pri),7,3,AH64D_AttHeli,Primary,3,14253,27104,1
86,14463,30854,4215,Red_Inf_Squad,18,2,1,Shot At State (Pri),38,9,M109A6 155mm,Primary,1,27536,221,1
75,14645,31261,4230,Red_Inf_Squad,18,2,0,Shot At State (Pri),38,9,M109A6 155mm,Primary,1,27536,221,1
85,14600,31415,4236,Red_Inf_Squad,18,2,0,Shot At State (Pri),38,9,M109A6 155mm,Primary,1,27536,221,1
89,14621,31244,4236,Red_Inf_Squad,18,2,0,Shot At State (Pri),38,9,M109A6 155mm,Primary,1,27536,221,1
87,14594,31341,4445,Red_Inf_Squad,18,2,0,Shot At State (Pri),7,3,AH64D_AttHeli,Primary,3,13948,25522,1
88,13855,30891,6010,Red_Inf_Squad,18,2,1,Shot At State (Pri),38,9,M109A6 155mm,Primary,1,27536,221,1
73,15658,25994,6496,Red_Inf_Squad,17,2,0,Shot At State (Pri),8,3,AH64D_AttHeli,Primary,2,13363,20147,1
72,15775,26015,6722,Red_Inf_Squad,17,2,0,Shot At State (Pri),8,3,AH64D_AttHeli,Primary,3,13870,21314,1
64,15539,26193,7694,Red_Inf_Squad,17,2,0,Shot At State (Sec),33,7,M1A2 Abrams Sep,Secondary,3,15348,26055,1
56,14907,24416,8131,Bradley_Infantry,13,1,0,Shot At State (Pri),94,20,Red_M120mm_mortar,Primary,1,11048,28773,2
62,13819,24725,8674,Bradley M2A3,15,1,0,Shot At State (Pri),94,20,Red_M120mm_mortar,Primary,1,11048,28773,2
107,15483,31646,9530,Red_AGS30_Squad,25,2,1,Shot At State (Pri),38,9,M109A6 155mm,Primary,1,27536,221,1
94,11048,28773,11001,Red_M120mm_mortar,20,2,0,Taken Shot State (Pri),7,3,AH64D_AttHeli,Primary,3,12155,25094,1
105,15366,31701,11002,Red_AGS30_Squad,25,2,1,Shot At State (Pri),8,3,AH64D_AttHeli,Primary,2,11915,24928,1
97,9986,28363,11587,Red_SA18,22,2,0,Shot At State (Pri),7,3,AH64D_AttHeli,Primary,2,12038,25311,1
106,15084,32169,11696,Red_AGS30_Squad,25,2,0,Shot At State (Pri),7,3,AH64D_AttHeli,Primary,2,12380,25352,1
104,15094,32491,12883,Red_AGS30_Squad,25,2,0,Shot At State (Pri),38,9,M109A6 155mm,Primary,1,27536,221,1
77,14570,31636,12936,Red_Inf_Squad,18,2,0,Shot At State (Sec),63,16,Bradley M2A3,Secondary,2,15108,30963,1
80,13095,30941,13446,Red_Inf_Squad,18,2,1,Shot At State (Pri),38,9,M109A6 155mm,Primary,1,27536,221,1
# Run End
