# MANA Agent End State Results File
# Version: 5.01.04
# Machine Name: MAZZAS-PC
# Run Started at 4/9/2013, 1:34:02 AM
RandSeed= 749064982
ID,name,squad,subsquad,x,y,status,fuel,goalx,goaly,hits,state,trig_step,ammo1,ammo2,ammo3,ammo4,ammo5,ammo6
0,Minefield_agent,Minefield,0,15078.0,25722.0,Dead,1000,0,0,1,Default State,0,1, 0, 0, 0, 0, 0
1,Minefield_agent,Minefield,0,14920.0,25506.0,Dead,1000,0,0,1,Default State,0,1, 0, 0, 0, 0, 0
2,Minefield_agent,Minefield,0,14874.0,25801.0,Active,1000,0,0,0,Default State,0,1, 0, 0, 0, 0, 0
3,Minefield_agent,Minefield,0,14952.0,25523.0,Dead,1000,0,0,1,Default State,0,1, 0, 0, 0, 0, 0
4,Minefield_agent,Minefield,0,15156.0,25484.0,Dead,1000,0,0,1,Default State,0,1, 0, 0, 0, 0, 0
5,Minefield_agent,Minefield,0,15124.0,25805.0,Dead,1000,0,0,1,Default State,0,1, 0, 0, 0, 0, 0
6,IED_agent,IED,0,15221.0,2952.0,Dead,1000,0,0,1,Default State,0,1, 0, 0, 0, 0, 0
7,AH64D_AttHel_agent,AH64D_AttHeli,0,16890.7,19760.9,Injured,3879,23669,951,1,Default State,5782,1166,8,19, 0, 0, 0
8,AH64D_AttHel_agent,AH64D_AttHeli,0,12931.2,24468.7,Dead,35239,23669,951,2,Injured State,4250,1184,0,16, 0, 0, 0
9,Bradley M2A3_agent,Bradley M2A3,0,13381.9,30800.9,Active,1000,15000,31569,0,Shot At State (Pri),11604,900,4400,6, 0, 0, 0
10,Bradley_Infa_agent,Bradley_Infantry,0,13758.9,31224.4,Active,8600,13629,39556,0,Reach Dynamic Waypoint State,11916,1092,1250,70,1, 0, 0
11,Bradley_Infa_agent,Bradley_Infantry,0,13698.4,31346.5,Active,8600,13629,39556,0,Reach Dynamic Waypoint State,11918,1118,1250,70,1, 0, 0
12,Bradley_Infa_agent,Bradley_Infantry,0,13565.0,31334.5,Active,8600,13629,39556,0,Reach Dynamic Waypoint State,11806,1146,1250,70,1, 0, 0
13,Bradley_Infa_agent,Bradley_Infantry,0,13579.5,31208.1,Active,8600,13629,39556,0,Reach Dynamic Waypoint State,11934,1138,1250,70,1, 0, 0
14,Bradley_Infa_agent,Bradley_Infantry,0,13609.8,31111.6,Active,8600,13629,39556,0,Reach Dynamic Waypoint State,11924,1196,1250,70,0, 0, 0
15,Bradley_Infa_agent,Bradley_Infantry,0,14927.4,31414.1,Dead,8600,13629,39556,1,Shot At State (Pri),9810,1156,1250,70,0, 0, 0
16,Bradley_Infa_agent,Bradley_Infantry,0,13786.6,31135.3,Active,8600,13629,39556,0,Reach Dynamic Waypoint State,11985,1090,1250,70,1, 0, 0
17,Red_Inf_Squa_agent,Red_Inf_Squad,0,14151.0,3253.0,Dead,8600,0,0,1,Shot At State (Pri),260,2000,3500,20,1, 0, 0
18,Red_Inf_Squa_agent,Red_Inf_Squad,1,14012.0,3123.0,Dead,8600,0,0,1,Shot At State (Pri),339,2000,3500,20,1, 0, 0
19,Red_Inf_Squa_agent,Red_Inf_Squad,2,15543.4,3279.4,Dead,8600,0,0,1,Shot At State (Sec),474,1986,3500,20,1, 0, 0
20,Red_Inf_Squa_agent,Red_Inf_Squad,3,15433.3,3007.5,Dead,8600,0,0,1,Shot At State (Pri),566,1995,3500,20,1, 0, 0
21,Red_Inf_Squa_agent,Red_Inf_Squad,4,15962.5,3551.8,Dead,8600,0,0,1,Shot At State (Pri),1161,1962,3500,20,1, 0, 0
22,Red_Inf_Squa_agent,Red_Inf_Squad,5,14939.2,3273.8,Dead,8600,0,0,1,Shot At State (Sec),653,1972,3500,20,1, 0, 0
23,Red_Inf_Squa_agent,Red_Inf_Squad,6,14966.0,3744.4,Dead,8600,0,0,1,Shot At State (Pri),752,1981,3499,19,1, 0, 0
24,Red_Inf_Squa_agent,Red_Inf_Squad,0,14151.6,3142.7,Dead,8600,0,0,1,Shot At State (Pri),1061,1873,3500,20,1, 0, 0
25,Red_Inf_Squa_agent,Red_Inf_Squad,1,13797.1,3034.6,Dead,8600,0,0,1,Shot At State (Sec),788,1966,3500,20,1, 0, 0
26,Red_Inf_Squa_agent,Red_Inf_Squad,2,15541.1,3270.4,Dead,8600,0,0,1,Shot At State (Pri),590,1975,3500,20,1, 0, 0
27,Red_Inf_Squa_agent,Red_Inf_Squad,3,15539.6,2956.0,Dead,8600,0,0,1,Shot At State (Pri),464,1954,3500,20,1, 0, 0
28,Red_Inf_Squa_agent,Red_Inf_Squad,4,15843.4,3519.6,Dead,8600,0,0,1,Shot At State (Pri),1000,1955,3500,20,1, 0, 0
29,Red_Inf_Squa_agent,Red_Inf_Squad,5,14968.9,3224.4,Dead,8600,0,0,1,Shot At State (Pri),740,1897,3500,20,1, 0, 0
30,Red_Inf_Squa_agent,Red_Inf_Squad,6,14883.9,3758.4,Dead,8600,0,0,1,Shot At State (Sec),807,1973,3500,20,1, 0, 0
31,Red_Inf_Squa_agent,Red_Inf_Squad,0,14462.0,3185.0,Dead,8600,0,0,1,Shot At State (Pri),299,2000,3500,20,1, 0, 0
32,Red_Inf_Squa_agent,Red_Inf_Squad,1,14020.0,3025.0,Dead,8600,0,0,1,Shot At State (Pri),207,2000,3500,20,1, 0, 0
33,M1A2 Abrams _agent,M1A2 Abrams Sep,0,13615.7,39763.6,Active,1000,13629,39937,0,Default State,10183,35,876,4390, 0, 0, 0
34,M1A2 Abrams _agent,M1A2 Abrams Sep,0,13739.7,15360.7,Dead,1000,13427,19905,1,Squad Taken Shot State (Pri),9683,41,896,4400, 0, 0, 0
35,M1A2 Abrams _agent,M1A2 Abrams Sep,0,13686.0,17434.6,Dead,1000,13427,19905,1,Squad Taken Shot State (Pri),9683,41,894,4400, 0, 0, 0
36,M1A2 Abrams _agent,M1A2 Abrams Sep,0,14749.4,31733.4,Dead,1000,14516,33154,1,Squad Taken Shot State (Pri),9683,38,862,4374, 0, 0, 0
37,Company_HQ_agent,Company_HQ,0,28633.0,704.0,Active,999999,0,0,0,Default State,0, 0, 0, 0, 0, 0, 0
38,M109A6 155mm_agent,M109A6 155mm,0,27910.0,981.0,Active,1000,0,0,0,Default State,0,16,16, 0, 0, 0, 0
39,RQ11 Raven_agent,RQ11 Raven,0,8060.2,38648.3,Injured,1176,1290,39113,1,Default State,8100, 0, 0, 0, 0, 0, 0
40,Bradley_Infa_agent,Bradley_Infantry,0,13740.4,14943.8,Dead,8600,13548,39176,1,Default State,1181,1142,1250,70,0, 0, 0
41,Bradley_Infa_agent,Bradley_Infantry,0,13740.4,14943.8,Dead,8600,13548,39176,1,Default State,1181,1126,1250,70,0, 0, 0
42,Bradley_Infa_agent,Bradley_Infantry,0,13740.4,14943.8,Dead,8600,13548,39176,1,Default State,1181,1124,1250,70,0, 0, 0
43,Bradley_Infa_agent,Bradley_Infantry,0,13740.4,14943.8,Dead,8600,13548,39176,1,Default State,1181,1126,1250,70,1, 0, 0
44,Bradley_Infa_agent,Bradley_Infantry,0,13740.4,14943.8,Dead,8600,13548,39176,1,Default State,1181,1124,1250,70,0, 0, 0
45,Bradley_Infa_agent,Bradley_Infantry,0,13740.4,14943.8,Dead,8600,13548,39176,1,Default State,1181,1124,1250,70,0, 0, 0
46,Bradley_Infa_agent,Bradley_Infantry,0,13740.4,14943.8,Dead,8600,13548,39176,1,Default State,1309,1144,1250,70,1, 0, 0
47,Bradley_Infa_agent,Bradley_Infantry,0,13890.6,30961.6,Active,8600,13548,39176,0,Reach Dynamic Waypoint State,11932,1172,1250,70,1, 0, 0
48,Bradley_Infa_agent,Bradley_Infantry,0,13731.2,31758.5,Active,8600,13548,39176,0,Reach Dynamic Waypoint State,11090,1180,1250,70,1, 0, 0
49,Bradley_Infa_agent,Bradley_Infantry,0,13486.9,31825.3,Active,8600,13548,39176,0,Reach Dynamic Waypoint State,10998,1182,1250,70,1, 0, 0
50,Bradley_Infa_agent,Bradley_Infantry,0,13341.9,31546.5,Active,8600,13548,39176,0,Reach Dynamic Waypoint State,11138,1200,1250,70,1, 0, 0
51,Bradley_Infa_agent,Bradley_Infantry,0,13375.9,30975.2,Active,8600,13548,39176,0,Reach Dynamic Waypoint State,11698,1190,1250,70,1, 0, 0
52,Bradley_Infa_agent,Bradley_Infantry,0,13588.9,30853.6,Active,8600,13548,39176,0,Reach Dynamic Waypoint State,11725,1192,1250,70,1, 0, 0
53,Bradley_Infa_agent,Bradley_Infantry,0,13821.9,30784.5,Active,8600,13548,39176,0,Reach Dynamic Waypoint State,11862,1192,1250,70,1, 0, 0
54,Bradley_Infa_agent,Bradley_Infantry,0,13587.8,31126.7,Active,8600,13548,39176,0,Reach Dynamic Waypoint State,10951,1112,1250,70,1, 0, 0
55,Bradley_Infa_agent,Bradley_Infantry,0,13435.1,31668.4,Active,8600,13548,39176,0,Reach Dynamic Waypoint State,10585,1170,1250,70,1, 0, 0
56,Bradley_Infa_agent,Bradley_Infantry,0,13239.0,31400.8,Active,8600,13548,39176,0,Reach Dynamic Waypoint State,10582,1180,1250,70,1, 0, 0
57,Bradley_Infa_agent,Bradley_Infantry,0,13179.4,30905.2,Active,8600,13548,39176,0,Reach Dynamic Waypoint State,10916,1180,1250,70,1, 0, 0
58,Bradley_Infa_agent,Bradley_Infantry,0,13332.6,30826.4,Active,8600,13548,39176,0,Reach Dynamic Waypoint State,10963,1180,1250,70,1, 0, 0
59,Bradley_Infa_agent,Bradley_Infantry,0,13561.8,30906.9,Active,8600,13548,39176,0,Reach Dynamic Waypoint State,10970,1180,1250,70,1, 0, 0
60,Bradley_Infa_agent,Bradley_Infantry,0,13630.2,31005.7,Active,8600,13548,39176,0,Reach Dynamic Waypoint State,10959,1112,1250,70,1, 0, 0
61,Bradley M2A3_agent,Bradley M2A3,0,13740.4,14943.8,Dead,1000,13548,17686,1,Embussed Children,12321,900,4400,6, 0, 0, 0
62,Bradley M2A3_agent,Bradley M2A3,0,11539.9,29224.5,Active,1000,15000,31569,0,Shot At State (Pri),10659,898,4398,6, 0, 0, 0
63,Bradley M2A3_agent,Bradley M2A3,0,11611.5,29350.1,Active,1000,15000,31569,0,Dembuss Child,12076,896,4396,5, 0, 0, 0
64,Red_Inf_Squa_agent,Red_Inf_Squad,1,13715.5,26089.9,Dead,8600,0,0,1,Shot At State (Pri),4278,1975,3500,20,1, 0, 0
65,Red_Inf_Squa_agent,Red_Inf_Squad,1,14076.4,26223.8,Dead,8600,0,0,1,Shot At State (Sec),4537,2000,3500,20,1, 0, 0
66,Red_Inf_Squa_agent,Red_Inf_Squad,0,15700.0,25605.1,Active,8600,0,0,0,Default State,5869,1988,3500,20,1, 0, 0
67,Red_Inf_Squa_agent,Red_Inf_Squad,1,13767.4,26191.1,Dead,8600,0,0,1,Shot At State (Pri),4346,2000,3500,20,1, 0, 0
68,Red_Inf_Squa_agent,Red_Inf_Squad,1,14500.2,26185.8,Active,8600,0,0,0,Default State,6094,2000,3500,20,0, 0, 0
69,Red_Inf_Squa_agent,Red_Inf_Squad,0,15691.6,25875.9,Dead,8600,0,0,1,Shot At State (Sec),6918,1986,3500,20,1, 0, 0
70,Red_Inf_Squa_agent,Red_Inf_Squad,0,15640.8,26018.9,Dead,8600,0,0,1,Shot At State (Sec),6788,1986,3500,20,0, 0, 0
71,Red_Inf_Squa_agent,Red_Inf_Squad,1,14777.0,26226.1,Dead,8600,0,0,1,Shot At State (Sec),5888,2000,3500,20,0, 0, 0
72,Red_Inf_Squa_agent,Red_Inf_Squad,0,15679.1,26092.3,Dead,8600,0,0,1,Shot At State (Sec),6779,1986,3500,20,0, 0, 0
73,Red_Inf_Squa_agent,Red_Inf_Squad,1,13564.0,26330.0,Dead,8600,0,0,1,Shot At State (Pri),4177,2000,3500,20,1, 0, 0
74,Red_Inf_Squa_agent,Red_Inf_Squad,1,13800.5,26230.2,Dead,8600,0,0,1,Shot At State (Pri),4357,2000,3500,20,1, 0, 0
75,Red_Inf_Squa_agent,Red_Inf_Squad,0,14656.6,31437.1,Dead,8600,0,0,1,Shot At State (Sec),8120,1988,3500,20,0, 0, 0
76,Red_Inf_Squa_agent,Red_Inf_Squad,1,13830.1,30887.6,Dead,8600,0,0,1,Shot At State (Pri),8287,1974,3500,20,1, 0, 0
77,Red_Inf_Squa_agent,Red_Inf_Squad,0,14609.7,31491.0,Dead,8600,0,0,1,Shot At State (Sec),7253,2000,3500,20,0, 0, 0
78,Red_Inf_Squa_agent,Red_Inf_Squad,1,13920.0,30815.4,Dead,8600,0,0,1,Shot At State (Pri),8296,1944,3500,20,1, 0, 0
79,Red_Inf_Squa_agent,Red_Inf_Squad,0,14691.7,31382.1,Dead,8600,0,0,1,Shot At State (Sec),8278,1979,3500,20,0, 0, 0
80,Red_Inf_Squa_agent,Red_Inf_Squad,1,13678.8,30947.7,Dead,8600,0,0,1,Shot At State (Pri),9533,1945,3500,20,1, 0, 0
81,Red_Inf_Squa_agent,Red_Inf_Squad,0,14559.8,31427.9,Dead,8600,0,0,1,Shot At State (Pri),8329,1972,3500,20,0, 0, 0
82,Red_Inf_Squa_agent,Red_Inf_Squad,1,13394.5,30940.2,Dead,8600,0,0,1,Shot At State (Pri),9769,1990,3500,20,1, 0, 0
83,Red_Inf_Squa_agent,Red_Inf_Squad,0,14662.0,31356.8,Dead,8600,0,0,1,Shot At State (Sec),8316,1974,3500,20,0, 0, 0
84,Red_Inf_Squa_agent,Red_Inf_Squad,1,13957.3,30761.4,Dead,8600,0,0,1,Shot At State (Pri),8287,1943,3500,20,1, 0, 0
85,Red_Inf_Squa_agent,Red_Inf_Squad,0,14617.0,31580.0,Dead,8600,0,0,1,Shot At State (Sec),7196,2000,3500,20,1, 0, 0
86,Red_Inf_Squa_agent,Red_Inf_Squad,1,14350.3,30803.1,Dead,8600,0,0,1,Shot At State (Sec),7894,1929,3500,20,1, 0, 0
87,Red_Inf_Squa_agent,Red_Inf_Squad,0,14543.3,31119.0,Dead,8600,0,0,1,Shot At State (Sec),7372,2000,3500,20,0, 0, 0
88,Red_Inf_Squa_agent,Red_Inf_Squad,1,14023.3,30793.0,Dead,8600,0,0,1,Shot At State (Pri),8291,1929,3500,20,1, 0, 0
89,Red_Inf_Squa_agent,Red_Inf_Squad,0,14504.1,31329.0,Dead,8600,0,0,1,Shot At State (Sec),7202,2000,3500,20,0, 0, 0
90,Red_Inf_Squa_agent,Red_Inf_Squad,1,13655.9,30967.2,Dead,8600,0,0,1,Shot At State (Sec),9683,1933,3500,20,1, 0, 0
91,Red_60mm_mor_agent,Red_60mm_mortar,0,14040.0,3066.0,Dead,8600,0,0,1,Shot At State (Pri),145,47,500, 0, 0, 0, 0
92,Red_60mm_mor_agent,Red_60mm_mortar,0,14268.0,3110.0,Dead,8600,0,0,1,Shot At State (Pri),174,45,500, 0, 0, 0, 0
93,Red_60mm_mor_agent,Red_60mm_mortar,0,14291.0,3083.0,Dead,8600,0,0,1,Shot At State (Sec),527,42,500, 0, 0, 0, 0
94,Red_M120mm_m_agent,Red_M120mm_mortar,0,11182.0,28626.0,Dead,8600,0,0,1,Taken Shot State (Pri),4849,0,18, 0, 0, 0, 0
95,Red_Milan_agent,Red_Milan,0,12556.0,17596.0,Dead,8600,0,0,1,Shot At State (Pri),3605,1,3500, 0, 0, 0, 0
96,Red_Milan_agent,Red_Milan,0,12268.0,17578.0,Active,8600,0,0,0,Default State,6971,0,3500, 0, 0, 0, 0
97,Red_SA18_agent,Red_SA18,0,9966.0,27826.0,Active,8600,0,0,0,Default State,6233,1,3500, 0, 0, 0, 0
98,Red_SA18_agent,Red_SA18,0,10042.0,28352.0,Active,8600,0,0,0,Default State,0,2,3500, 0, 0, 0, 0
99,T-90M_agent,T-90M,0,11998.4,29696.2,Dead,1000,0,0,1,Squad Taken Shot State (Pri),4251,43,4400,4,300, 0, 0
100,T-90M_agent,T-90M,0,11915.5,28617.3,Dead,1000,0,0,1,Squad Taken Shot State (Pri),4251,43,4400,0,300, 0, 0
101,T-90M_agent,T-90M,0,12043.0,30063.5,Dead,1000,0,0,1,Squad Taken Shot State (Pri),4251,43,4400,4,300, 0, 0
102,T-90M_agent,T-90M,0,11764.8,29956.8,Dead,1000,0,0,1,Squad Taken Shot State (Pri),4251,43,4400,4,300, 0, 0
103,RED_Company__agent,RED_Company_HQ,0,1694.0,38732.0,Active,999999,0,0,0,Default State,0, 0, 0, 0, 0, 0, 0
104,Red_AGS30_Sq_agent,Red_AGS30_Squad,0,15106.0,32346.0,Dead,8600,89,101,1,Shot At State (Pri),7053,29,750, 0, 0, 0, 0
105,Red_AGS30_Sq_agent,Red_AGS30_Squad,1,15391.0,31737.0,Active,8600,89,101,0,Default State,0,18,750, 0, 0, 0, 0
106,Red_AGS30_Sq_agent,Red_AGS30_Squad,0,15087.0,32390.0,Dead,8600,89,101,1,Shot At State (Sec),7234,29,750, 0, 0, 0, 0
107,Red_AGS30_Sq_agent,Red_AGS30_Squad,1,15112.0,31714.0,Active,8600,89,101,0,Default State,0,2,746, 0, 0, 0, 0
108,Red_Milan_agent,Red_Milan,0,14332.0,29903.0,Dead,8600,0,0,1,Shot At State (Sec),7064,0,250, 0, 0, 0, 0
109,Red_Milan_agent,Red_Milan,0,14267.0,29911.0,Dead,8600,0,0,1,Shot At State (Pri),6323,2,250, 0, 0, 0, 0
110,Red_Milan_agent,Red_Milan,1,16128.0,25382.0,Dead,8600,0,0,1,Shot At State (Pri),4174,1,250, 0, 0, 0, 0
111,Red_Milan_agent,Red_Milan,1,16276.0,25401.0,Dead,8600,0,0,1,Shot At State (Pri),4188,2,250, 0, 0, 0, 0
# Run End
