<?xml version="1.0" encoding="UTF-8"?>

<specification>
<type>Mana Scenario File</type>
<version> 5.00.54 </version>

<description>
A ship is heading west. A missile flies in from a random
bearing and usually destroys the ship. The ship includes
an onboard weapon with range of 200 meters. If it happens
to be facing the missile when it comes within range
then the missile can be destroyed.
.
Open the MiniMap from the View pulldown menu.
Size of region = 10 km x 10 km.
Size seen in main MANA view = 2 km x 2 km.
.
Note: The time increment has been set to 500 milli-seconds
in order to improve the missile movement resolution.
</description>

<multirun>
   <seed> -311826979 </seed>
   <side> 0 </side>
   <BlueLimit> 1 </BlueLimit>
   <RedLimit> 1 </RedLimit>
   <NeutralLimit> 5 </NeutralLimit>
   <SquadReachedGoal> No </SquadReachedGoal>
   <SquadNumToReachGoal> 1 </SquadNumToReachGoal>
   <StopSquadDead> No </StopSquadDead>
   <SquadLimit> 1 </SquadLimit>
   <SquadNumToSufferLoss> 0 </SquadNumToSufferLoss>
   <MultiResultsName> Missile_Threat.csv </MultiResultsName>
   <maxruns> 100 </maxruns>
</multirun>

<Battlefield>
   <x_range> 2000 </x_range>
   <y_range> 2000 </y_range>
   <LowRealY> 4000.0 </LowRealY>
   <HighRealY> 6000.0 </HighRealY>
   <LowRealX> 4000.0 </LowRealX>
   <HighRealX> 6000.0 </HighRealX>
   <GlobalX_Min> 0.0 </GlobalX_Min>
   <GlobalX_Max> 10000.0 </GlobalX_Max>
   <GlobalY_Min> 0.0 </GlobalY_Min>
   <GlobalY_Max> 10000.0 </GlobalY_Max>
   <LowRealElev> 0 </LowRealElev>
   <HighRealElev> 17 </HighRealElev>
   <TimeScale> 0.5 </TimeScale>
   <CombineLOSCalc> Yes </CombineLOSCalc>
   <SAMode> Map Location </SAMode>
   <SAMgNewCt> Contact ID </SAMgNewCt>
   <LOSMode> Advanced </LOSMode>
   <UseNonStdTerrains> Yes </UseNonStdTerrains>
   <ContactRad> 6.01 </ContactRad>
   <TerrainRange> 5 </TerrainRange>
   <NumSquads> 2 </NumSquads>
   <image type="map" name="Terrain.bmp" />
   <image type="background" name="Background.bmp" />
   <TimeStep> 20 </TimeStep>
   <MaxSteps> 1000 </MaxSteps>
   <settings>
      <ShowPath> Yes </ShowPath>
      <ShowFlags> No </ShowFlags>
      <CalcLOS> Yes </CalcLOS>
      <Networking> Yes </Networking>
      <IntraNet> Yes </IntraNet>
      <RecPositions> No </RecPositions>
      <RecFirstEnDetections> No </RecFirstEnDetections>
      <RecRedDetections> No </RecRedDetections>
      <RecComms> No </RecComms>
      <RecMDetects> No </RecMDetects>
      <RecSteps> No </RecSteps>
      <RecCasLocs> No </RecCasLocs>
      <SoundFx> No </SoundFx>
      <LockSeed> No </LockSeed>
      <StopBlueDead> Yes </StopBlueDead>
      <StopRedDead> Yes </StopRedDead>
      <ShowBackground> Yes </ShowBackground>
      <ShowInteractions> Yes </ShowInteractions>
      <ShowFiring> Yes </ShowFiring>
      <ShowAgtOrientation> Yes </ShowAgtOrientation>
      <DoPathFinding> No </DoPathFinding>
      <RecAgentEndState> No </RecAgentEndState>
      <ShowDeadIcons> Yes </ShowDeadIcons>
      <RecDetects> No </RecDetects>
   </settings>
   <TerrainType>
      <TerrainName> BilliardTable </TerrainName>
      <Going> 1.00 </Going>
      <Cover> 0.00 </Cover>
      <Concealment> 0.00 </Concealment>
      <Red> 0 </Red>
      <Green> 0 </Green>
      <Blue> 0 </Blue>
   </TerrainType>
   <TerrainType>
      <TerrainName> Wall </TerrainName>
      <Going> 0.20 </Going>
      <Cover> 1.00 </Cover>
      <Concealment> 1.00 </Concealment>
      <Red> 192 </Red>
      <Green> 192 </Green>
      <Blue> 192 </Blue>
   </TerrainType>
   <TerrainType>
      <TerrainName> Building </TerrainName>
      <Going> 0.00 </Going>
      <Cover> 1.00 </Cover>
      <Concealment> 1.00 </Concealment>
      <Red> 100 </Red>
      <Green> 100 </Green>
      <Blue> 100 </Blue>
   </TerrainType>
   <TerrainType>
      <TerrainName> LightBush </TerrainName>
      <Going> 0.75 </Going>
      <Cover> 0.10 </Cover>
      <Concealment> 0.30 </Concealment>
      <Red> 10 </Red>
      <Green> 255 </Green>
      <Blue> 10 </Blue>
   </TerrainType>
   <TerrainType>
      <TerrainName> DenseBush </TerrainName>
      <Going> 0.40 </Going>
      <Cover> 1.00 </Cover>
      <Concealment> 0.70 </Concealment>
      <Red> 40 </Red>
      <Green> 180 </Green>
      <Blue> 40 </Blue>
   </TerrainType>
   <TerrainType>
      <TerrainName> Sand </TerrainName>
      <Going> 1.00 </Going>
      <Cover> 0.00 </Cover>
      <Concealment> 0.00 </Concealment>
      <Red> 195 </Red>
      <Green> 193 </Green>
      <Blue> 147 </Blue>
   </TerrainType>
</Battlefield>

<Squad>
   <SquadType> Trooper </SquadType>
   <SquadActive> Yes </SquadActive>
   <SquadCommsEnable> Yes </SquadCommsEnable>
   <index> 1 </index>
   <ParentSqd> 0 </ParentSqd>
   <SquadName> Red </SquadName>
   <NumAgents> 1 </NumAgents>
   <SquadOnly> Yes </SquadOnly>
   <Use_Momentum> No </Use_Momentum>
   <Use_Diag> Yes </Use_Diag>
   <MultiOccupy> No </MultiOccupy>
   <AutoRflAgt> No </AutoRflAgt>
   <Use_Going> Yes </Use_Going>
   <Move_Together> No </Move_Together>
   <MoveSelectType> Precision </MoveSelectType>
   <Homes>
      <HomeNumberOf> 4 </HomeNumberOf>
      <HomeDistribution> Proportional </HomeDistribution>
      <HomePos>
         <Home_x_coord> 5000 </Home_x_coord>
         <Home_y_coord> 50 </Home_y_coord>
         <HomeWid> 9980 </HomeWid>
         <HomeHgt> 98 </HomeHgt>
         <HomeExclDist> 0 </HomeExclDist>
         <HomeShape> HomeShapeRect </HomeShape>
         <Waypoints>
            <numberOf> 1 </numberOf>
            <loop> No </loop>
            <waypoint>
               <x_coord> 572 </x_coord>
               <y_coord> 529 </y_coord>
            </waypoint>
            <HaveAltGoal> No </HaveAltGoal>
         </Waypoints>
      </HomePos>
      <HomePos>
         <Home_x_coord> 50 </Home_x_coord>
         <Home_y_coord> 5000 </Home_y_coord>
         <HomeWid> 98 </HomeWid>
         <HomeHgt> 9980 </HomeHgt>
         <HomeExclDist> 0 </HomeExclDist>
         <HomeShape> HomeShapeRect </HomeShape>
      </HomePos>
      <HomePos>
         <Home_x_coord> 5000 </Home_x_coord>
         <Home_y_coord> 9950 </Home_y_coord>
         <HomeWid> 9980 </HomeWid>
         <HomeHgt> 98 </HomeHgt>
         <HomeExclDist> 0 </HomeExclDist>
         <HomeShape> HomeShapeRect </HomeShape>
      </HomePos>
      <HomePos>
         <Home_x_coord> 9950 </Home_x_coord>
         <Home_y_coord> 5000 </Home_y_coord>
         <HomeWid> 98 </HomeWid>
         <HomeHgt> 9980 </HomeHgt>
         <HomeExclDist> 0 </HomeExclDist>
         <HomeShape> HomeShapeRect </HomeShape>
      </HomePos>
   </Homes>
   <FlagIcon> 2 </FlagIcon>
   <Comms>
   </Comms>
   <SALockoutTime> 0 </SALockoutTime>
   <OrgThreatRate> 30 </OrgThreatRate>
   <InorgThreatRate> 30 </InorgThreatRate>
   <OrgFuseRad> 0 </OrgFuseRad>
   <OrgFuseTime> 0 </OrgFuseTime>
   <InorgFuseRad> 0 </InorgFuseRad>
   <InorgFuseTime> 0 </InorgFuseTime>
   <ForceOrgUpdateByCtID> No </ForceOrgUpdateByCtID>
   <ForceInorgUpdateByCtID> No </ForceInorgUpdateByCtID>
   <ResOrgUnknown> No </ResOrgUnknown>
   <ResInorgUnknown> No </ResInorgUnknown>
   <PathWidth> 0 </PathWidth>
   <TurretBearing> 0 </TurretBearing>
   <CommsDelay> 0 </CommsDelay>
   <Sound> 6 </Sound>
   <Precision> 200 </Precision>
   <FuelTank> 1000 </FuelTank>
   <CommsQuality> Low </CommsQuality>
   <Platform>
       <OrientToX> 0 </OrientToX>
       <OrientToY> 0 </OrientToY>
       <OrientAwayX> 0 </OrientAwayX>
       <OrientAwayY> 0 </OrientAwayY>
       <OrientToBearing> 0 </OrientToBearing>
      <OrientMode> Bearing </OrientMode>
   </Platform>
   <Weapon>
      <WpnSAType> AgentKE </WpnSAType>
      <WpnName>  </WpnName>
      <WpnType> Advanced </WpnType>
      <WpnAgtClass> Primary </WpnAgtClass>
      <WpnLockDefState> No </WpnLockDefState>
      <WpnLOF> No </WpnLOF>
      <WpnAmmo> 1000 </WpnAmmo>
   </Weapon>
   <Sensor>
      <SensName> Eyeball </SensName>
      <SensType> Simple </SensType>
      <SensClass> A </SensClass>
      <SensLockDefState> Yes</SensLockDefState>
   </Sensor>

   <state>
      <StateName> Default State </StateName>
      <SquadAlleg> 2 </SquadAlleg>
      <DefIcon> 37 </DefIcon>
      <Trigger>
         <fallback_to> Default State </fallback_to>
         <duration> 0 </duration>
         <CanInterrupt> Yes </CanInterrupt>
         <Interrupter> No </Interrupter>
         <OnceOnly> No </OnceOnly>
         <HighestPriority> No </HighestPriority>
      </Trigger>
      <Threat> 3 </Threat>
      <AgtClass> 0 </AgtClass>
      <ReleaseFromParent> Yes </ReleaseFromParent>
      <ReleaseChildren> Yes </ReleaseChildren>
      <EmbussChildren> No </EmbussChildren>
      <ActivateConCombat> No </ActivateConCombat>
      <ActivateConCluster> No </ActivateConCluster>
      <ActivateConAdvance> No </ActivateConAdvance>
      <FormationShape> None </FormationShape>
      <OnlyRespToMovAgt> No </OnlyRespToMovAgt>
      <Stealth> 0 </Stealth>
      <FuelRate> 0 </FuelRate>
      <Speed> 200 </Speed>
      <Mass> 0.001 </Mass>
      <CrowdSeparation> 1 </CrowdSeparation>
      <VizRange> 10000 </VizRange>
      <AllowVizArc> No </AllowVizArc>
      <Collateral> Yes </Collateral>
      <ArcOfConcern> 360 </ArcOfConcern>
      <RandomDebussAng> No </RandomDebussAng>
      <ApplyBraking> No </ApplyBraking>
      <Deceleration> 0 </Deceleration>
      <SpeedCutoff> 0 </SpeedCutoff>
      <PlatformState>
         <SlewRate> 180 </SlewRate>
         <ScanSpan> 0 </ScanSpan>
         <Height> 2 </Height>
         <ScanMode> No Change </ScanMode>
         <ScanDir> Clockwise </ScanDir>
         <OrientUsingAgentSA> Yes </OrientUsingAgentSA>
         <OrientUsingSquadSA> No </OrientUsingSquadSA>
         <OrientUsingInorgSA> No </OrientUsingInorgSA>
         <OrientUsingInorgUnk> No </OrientUsingInorgUnk>
         <OrientTowardsShooter> No </OrientTowardsShooter>
      </PlatformState>
      <WeaponState> 
           <WpnEnabled> Yes </WpnEnabled>
           <WpnInterpSSKP> No </WpnInterpSSKP>
           <WpnTargetClosest> No </WpnTargetClosest>
           <WpnNumTargets> 600 </WpnNumTargets>
           <WpnShotRadius> 15 </WpnShotRadius>
           <WpnMinRange> 0 </WpnMinRange>
           <WpnMaxRange> 0 </WpnMaxRange>
           <WpnPenetration> 0 </WpnPenetration>
           <WpnMinThreat> 0 </WpnMinThreat>
           <WpnMaxThreat> 3 </WpnMaxThreat>
           <WpnMaxAge> 100 </WpnMaxAge>
           <WpnMinAp> 360 </WpnMinAp>
           <WpnMaxAp> 0 </WpnMaxAp>
           <WpnTargetUnknownsWait> -1 </WpnTargetUnknownsWait>
           <WpnProtectSelf> No </WpnProtectSelf>
           <WpnProtectSqFr> No </WpnProtectSqFr>
           <WpnProtectOthFr> No </WpnProtectOthFr>
           <WpnProtectNeutrals> No </WpnProtectNeutrals>
           <WpnProtectUnknowns> No </WpnProtectUnknowns>
           <WpnProtectUsingOrgSA> No </WpnProtectUsingOrgSA>
           <WpnProtectUsingInorgSA> No </WpnProtectUsingInorgSA>
           <sskpTable>
             <sskpTablePoint>
               <sskpTableRange> 12  </sskpTableRange>
               <sskpTableProb> 10000  </sskpTableProb>
             </sskpTablePoint>
           </sskpTable>
           <AgtClassTable>
           </AgtClassTable>
           <nonTargetTable>
           </nonTargetTable>
      </WeaponState> 
      <SensorState> 
           <SensStEnabled> Yes </SensStEnabled>
           <SensStClassify> 10000 </SensStClassify>
           <SensStDetect> 10000 </SensStDetect>
           <SensStClassify2> 10000 </SensStClassify2>
           <SensStDetect2> 10000 </SensStDetect2>
           <SensStMinAp> 360 </SensStMinAp>
           <SensStMaxAp> 0 </SensStMaxAp>
           <SensStSync> No </SensStSync>
           <SensStSync2> No </SensStSync2>
           <classTable>
             <classTablePoint>
               <classTableRange> 10000  </classTableRange>
               <classTableProb> 10000  </classTableProb>
             </classTablePoint>
           </classTable>
           <classTable2>
             <classTablePoint>
               <classTableRange2> 10000  </classTableRange2>
               <classTableProb2> 10000  </classTableProb2>
             </classTablePoint>
           </classTable2>
           <detectTable>
             <detectTablePoint>
               <detectTableRange> 10000  </detectTableRange>
               <detectTableProb> 10000  </detectTableProb>
             </detectTablePoint>
           </detectTable>
           <detectTable2>
             <detectTablePoint>
               <detectTableRange2> 10000  </detectTableRange2>
               <detectTableProb2> 10000  </detectTableProb2>
             </detectTablePoint>
           </detectTable2>
      <\SensorState> 
      <weight><WgtName> Alive Enemy   </WgtName><WgtVal>   30   </WgtVal></weight>
      <weight><WgtName> Alive Friends   </WgtName><WgtVal>   0   </WgtVal></weight>
      <weight><WgtName> Injured Friends   </WgtName><WgtVal>   0   </WgtVal></weight>
      <weight><WgtName> Alive Neutrals   </WgtName><WgtVal>   0   </WgtVal></weight>
      <weight><WgtName> Next Waypoint   </WgtName><WgtVal>   0   </WgtVal></weight>
      <weight><WgtName> Alternate Waypoint   </WgtName><WgtVal>   0   </WgtVal></weight>
      <weight><WgtName> Easy Terrain   </WgtName><WgtVal>   0   </WgtVal></weight>
      <weight><WgtName> Cover   </WgtName><WgtVal>   0   </WgtVal></weight>
      <weight><WgtName> Concealment   </WgtName><WgtVal>   0   </WgtVal></weight>
      <weight><WgtName> Centre   </WgtName><WgtVal>   0   </WgtVal></weight>
      <weight><WgtName> Org Threat 1 (Low)   </WgtName><WgtVal>   0   </WgtVal></weight>
      <weight><WgtName> Org Threat 2 (Medium)   </WgtName><WgtVal>   0   </WgtVal></weight>
      <weight><WgtName> Org Threat 3 (High)   </WgtName><WgtVal>   0   </WgtVal></weight>
      <weight><WgtName> Org Squad Friends   </WgtName><WgtVal>   0   </WgtVal></weight>
      <weight><WgtName> Org Other Friends   </WgtName><WgtVal>   0   </WgtVal></weight>
      <weight><WgtName> Org Neutrals   </WgtName><WgtVal>   0   </WgtVal></weight>
      <weight><WgtName> Org Unknowns   </WgtName><WgtVal>   0   </WgtVal></weight>
      <weight><WgtName> Inorg Threat 1 (Low)   </WgtName><WgtVal>   0   </WgtVal></weight>
      <weight><WgtName> Inorg Threat 2 (Medium)   </WgtName><WgtVal>   0   </WgtVal></weight>
      <weight><WgtName> Inorg Threat 3 (High)   </WgtName><WgtVal>   0   </WgtVal></weight>
      <weight><WgtName> Inorg Friends   </WgtName><WgtVal>   0   </WgtVal></weight>
      <weight><WgtName> Inorg Neutrals   </WgtName><WgtVal>   0   </WgtVal></weight>
      <weight><WgtName> Inorg Unknowns   </WgtName><WgtVal>   0   </WgtVal></weight>
      <weight><WgtName> En Threat 1 (Low)   </WgtName><WgtVal>   0   </WgtVal></weight>
      <weight><WgtName> En Threat 1 (Medium)   </WgtName><WgtVal>   0   </WgtVal></weight>
      <weight><WgtName> En Threat 1 (High)   </WgtName><WgtVal>   0   </WgtVal></weight>
      <weight><WgtName> En Ideal   </WgtName><WgtVal>   0   </WgtVal></weight>
      <weight><WgtName> Formation   </WgtName><WgtVal>   0   </WgtVal></weight>
      <weight><WgtName> AgtEnOrient   </WgtName><WgtVal>   0   </WgtVal></weight>
      <weight><WgtName> OrgEnOrient   </WgtName><WgtVal>   0   </WgtVal></weight>
      <weight><WgtName> InorgEnOrient   </WgtName><WgtVal>   0   </WgtVal></weight>
      <weight><WgtName> Squad Awareness   </WgtName><WgtVal>   0   </WgtVal></weight>
      <weight><WgtName> Debuss Behaviour   </WgtName><WgtVal>   0   </WgtVal></weight>
      <weight><WgtName> Dynamic Waypoint   </WgtName><WgtVal>   0   </WgtVal></weight>
      <range><RangeName> Sensor Range   </RangeName><RangeVal>   1   </RangeVal></range>
      <range><RangeName> Detection Range   </RangeName><RangeVal>   1   </RangeVal></range>
      <range><RangeName> Movement Speed   </RangeName><RangeVal>   100   </RangeVal></range>
      <range><RangeName> No. of Hits Required to Kill   </RangeName><RangeVal>   1   </RangeVal></range>
      <range><RangeName> Min Distance to Enemies   </RangeName><RangeVal>   0   </RangeVal></range>
      <range><RangeName> Min Distance to Friends   </RangeName><RangeVal>   0   </RangeVal></range>
      <range><RangeName> Min Distance to Neutrals   </RangeName><RangeVal>   0   </RangeVal></range>
      <range><RangeName> Min Distance to Next Waypoint   </RangeName><RangeVal>   0   </RangeVal></range>
      <range><RangeName> Min Distance to Alternate Waypoint   </RangeName><RangeVal>   0   </RangeVal></range>
      <range><RangeName> Cluster Constraint   </RangeName><RangeVal>   0   </RangeVal></range>
      <range><RangeName> Combat Constraint   </RangeName><RangeVal>   0   </RangeVal></range>
      <range><RangeName> Advance Constraint   </RangeName><RangeVal>   0   </RangeVal></range>
      <range><RangeName> Refuel Range   </RangeName><RangeVal>   0   </RangeVal></range>
      <range><RangeName> Probability of Refuel Enemy   </RangeName><RangeVal>   0   </RangeVal></range>
      <range><RangeName> Probability of Refuel Friend   </RangeName><RangeVal>   0   </RangeVal></range>
      <range><RangeName> Probability of Refuel Neutral   </RangeName><RangeVal>   0   </RangeVal></range>
      <range><RangeName> Armour Thickness   </RangeName><RangeVal>   0   </RangeVal></range>
      <range><RangeName> Waypoint Radius   </RangeName><RangeVal>   2   </RangeVal></range>
      <range><RangeName> Max Distance to Enemies   </RangeName><RangeVal>   10000   </RangeVal></range>
      <range><RangeName> Max Distance to Friends   </RangeName><RangeVal>   10000   </RangeVal></range>
      <range><RangeName> Max Distance to Neutrals   </RangeName><RangeVal>   10000   </RangeVal></range>
      <range><RangeName> Max Distance to Next Waypoint   </RangeName><RangeVal>   10000   </RangeVal></range>
      <range><RangeName> Max Distance to Alternate Waypoint   </RangeName><RangeVal>   10000   </RangeVal></range>
      <range><RangeName> Min Distance to Organic Threat 1   </RangeName><RangeVal>   0   </RangeVal></range>
      <range><RangeName> Min Distance to Organic Threat 2   </RangeName><RangeVal>   0   </RangeVal></range>
      <range><RangeName> Min Distance to Organic Threat 3   </RangeName><RangeVal>   0   </RangeVal></range>
      <range><RangeName> Min Distance to Organic Squad Friends   </RangeName><RangeVal>   0   </RangeVal></range>
      <range><RangeName> Min Distance to Organic Other Friends   </RangeName><RangeVal>   0   </RangeVal></range>
      <range><RangeName> Min Distance to Organic Neutrals   </RangeName><RangeVal>   0   </RangeVal></range>
      <range><RangeName> Min Distance to Organic Unknowns   </RangeName><RangeVal>   0   </RangeVal></range>
      <range><RangeName> Max Distance to Organic Threat 1   </RangeName><RangeVal>   10000   </RangeVal></range>
      <range><RangeName> Max Distance to Organic Threat 2   </RangeName><RangeVal>   10000   </RangeVal></range>
      <range><RangeName> Max Distance to Organic Threat 3   </RangeName><RangeVal>   10000   </RangeVal></range>
      <range><RangeName> Max Distance to Organic Squad Friends   </RangeName><RangeVal>   10000   </RangeVal></range>
      <range><RangeName> Max Distance to Organic Other Friends   </RangeName><RangeVal>   10000   </RangeVal></range>
      <range><RangeName> Max Distance to Organic Neutrals   </RangeName><RangeVal>   10000   </RangeVal></range>
      <range><RangeName> Max Distance to Organic Unknowns   </RangeName><RangeVal>   10000   </RangeVal></range>
      <range><RangeName> Min Distance to Inorganic Threat 1   </RangeName><RangeVal>   0   </RangeVal></range>
      <range><RangeName> Min Distance to Inorganic Threat 2   </RangeName><RangeVal>   0   </RangeVal></range>
      <range><RangeName> Min Distance to Inorganic Threat 3   </RangeName><RangeVal>   0   </RangeVal></range>
      <range><RangeName> Min Distance to Inorganic Friends   </RangeName><RangeVal>   0   </RangeVal></range>
      <range><RangeName> Min Distance to Inorganic Neutrals   </RangeName><RangeVal>   0   </RangeVal></range>
      <range><RangeName> Min Distance to Inorganic Unknowns   </RangeName><RangeVal>   0   </RangeVal></range>
      <range><RangeName> Max Distance to Inorganic Threat 1   </RangeName><RangeVal>   10000   </RangeVal></range>
      <range><RangeName> Max Distance to Inorganic Threat 2   </RangeName><RangeVal>   10000   </RangeVal></range>
      <range><RangeName> Max Distance to Inorganic Threat 3   </RangeName><RangeVal>   10000   </RangeVal></range>
      <range><RangeName> Max Distance to Inorganic Friends   </RangeName><RangeVal>   10000   </RangeVal></range>
      <range><RangeName> Max Distance to Inorganic Neutrals   </RangeName><RangeVal>   10000   </RangeVal></range>
      <range><RangeName> Max Distance to Inorganic Unknowns   </RangeName><RangeVal>   10000   </RangeVal></range>
      <range><RangeName> Min Distance to Enemy Threat 1   </RangeName><RangeVal>   0   </RangeVal></range>
      <range><RangeName> Min Distance to Enemy Threat 2   </RangeName><RangeVal>   0   </RangeVal></range>
      <range><RangeName> Min Distance to Enemy Threat 3   </RangeName><RangeVal>   0   </RangeVal></range>
      <range><RangeName> Min Distance to Ideal Enemy   </RangeName><RangeVal>   0   </RangeVal></range>
      <range><RangeName> Max Distance to Enemy Threat 1   </RangeName><RangeVal>   10000   </RangeVal></range>
      <range><RangeName> Max Distance to Enemy Threat 2   </RangeName><RangeVal>   10000   </RangeVal></range>
      <range><RangeName> Max Distance to Enemy Threat 3   </RangeName><RangeVal>   10000   </RangeVal></range>
      <range><RangeName> Max Distance to Ideal Enemy   </RangeName><RangeVal>   10000   </RangeVal></range>
      <range><RangeName> Ideal Enemy Class   </RangeName><RangeVal>   0   </RangeVal></range>
      <range><RangeName> Max Distance for Combat Constraint   </RangeName><RangeVal>   10000   </RangeVal></range>
      <range><RangeName> Max Distance for Cluster Constraint   </RangeName><RangeVal>   10000   </RangeVal></range>
      <range><RangeName> Max Distance for Advance Constraint   </RangeName><RangeVal>   10000   </RangeVal></range>
      <range><RangeName> Orientation To Enemy Angle (Agt SA)   </RangeName><RangeVal>   0   </RangeVal></range>
      <range><RangeName> Orientation To Enemy Angle (Sqd SA)   </RangeName><RangeVal>   0   </RangeVal></range>
      <range><RangeName> Orientation To Enemy Angle (Inorg SA)   </RangeName><RangeVal>   0   </RangeVal></range>
      <range><RangeName> Min Distance En. Angle Orient (Agt SA)   </RangeName><RangeVal>   0   </RangeVal></range>
      <range><RangeName> Min Distance En. Angle Orient (Sqd SA)   </RangeName><RangeVal>   0   </RangeVal></range>
      <range><RangeName> Min Distance En. Angle Orient (Inorg SA)   </RangeName><RangeVal>   0   </RangeVal></range>
      <range><RangeName> Max Distance En. Angle Orient (Agt SA)   </RangeName><RangeVal>   10000   </RangeVal></range>
      <range><RangeName> Max Distance En. Angle Orient (Sqd SA)   </RangeName><RangeVal>   10000   </RangeVal></range>
      <range><RangeName> Max Distance En. Angle Orient (Inorg SA)   </RangeName><RangeVal>   10000   </RangeVal></range>
      <range><RangeName> Formation Square Width   </RangeName><RangeVal>   2   </RangeVal></range>
      <range><RangeName> Formation Circle Diameter   </RangeName><RangeVal>   2   </RangeVal></range>
      <range><RangeName> Min Distance to Going   </RangeName><RangeVal>   0   </RangeVal></range>
      <range><RangeName> Min Distance to Cover   </RangeName><RangeVal>   0   </RangeVal></range>
      <range><RangeName> Min Distance to Concealment   </RangeName><RangeVal>   0   </RangeVal></range>
      <range><RangeName> Max Distance to Going   </RangeName><RangeVal>   10000   </RangeVal></range>
      <range><RangeName> Max Distance to Cover   </RangeName><RangeVal>   10000   </RangeVal></range>
      <range><RangeName> Max Distance to Concealment   </RangeName><RangeVal>   10000   </RangeVal></range>
      <range><RangeName> Min Distance to Squad Awareness   </RangeName><RangeVal>   0   </RangeVal></range>
      <range><RangeName> Max Distance to Squad Awareness   </RangeName><RangeVal>   0   </RangeVal></range>
      <range><RangeName> Min Distance for Debuss Behaviour   </RangeName><RangeVal>   0   </RangeVal></range>
      <range><RangeName> Max Distance for Debuss Behaviour   </RangeName><RangeVal>   0   </RangeVal></range>
      <range><RangeName> Debuss Angle   </RangeName><RangeVal>   0   </RangeVal></range>
      <range><RangeName> Dynamic Wpt Characteristic Dist   </RangeName><RangeVal>   0   </RangeVal></range>
      <range><RangeName> Dynamic Wpt Tolerance   </RangeName><RangeVal>   1   </RangeVal></range>
      <range><RangeName> Debuss Dist   </RangeName><RangeVal>   0   </RangeVal></range>
      <range><RangeName> Embuss Wpt Tolerance   </RangeName><RangeVal>   1   </RangeVal></range>
   </state>
</Squad>

<Squad>
   <SquadType> Trooper </SquadType>
   <SquadActive> Yes </SquadActive>
   <SquadCommsEnable> Yes </SquadCommsEnable>
   <index> 2 </index>
   <ParentSqd> 0 </ParentSqd>
   <SquadName> Blue </SquadName>
   <NumAgents> 1 </NumAgents>
   <SquadOnly> Yes </SquadOnly>
   <Use_Momentum> No </Use_Momentum>
   <Use_Diag> Yes </Use_Diag>
   <MultiOccupy> No </MultiOccupy>
   <AutoRflAgt> No </AutoRflAgt>
   <Use_Going> Yes </Use_Going>
   <Move_Together> No </Move_Together>
   <MoveSelectType> Precision </MoveSelectType>
   <Homes>
      <HomeNumberOf> 1 </HomeNumberOf>
      <HomeDistribution> Turns </HomeDistribution>
      <HomePos>
         <Home_x_coord> 5800 </Home_x_coord>
         <Home_y_coord> 5000 </Home_y_coord>
         <HomeWid> 300 </HomeWid>
         <HomeHgt> 20 </HomeHgt>
         <HomeExclDist> 0 </HomeExclDist>
         <HomeShape> HomeShapeRect </HomeShape>
         <Waypoints>
            <numberOf> 1 </numberOf>
            <loop> No </loop>
            <waypoint>
               <x_coord> 20 </x_coord>
               <y_coord> 5000 </y_coord>
            </waypoint>
            <HaveAltGoal> No </HaveAltGoal>
         </Waypoints>
      </HomePos>
   </Homes>
   <FlagIcon> 1 </FlagIcon>
   <Comms>
   </Comms>
   <SALockoutTime> 0 </SALockoutTime>
   <OrgThreatRate> 30 </OrgThreatRate>
   <InorgThreatRate> 30 </InorgThreatRate>
   <OrgFuseRad> 0 </OrgFuseRad>
   <OrgFuseTime> 0 </OrgFuseTime>
   <InorgFuseRad> 0 </InorgFuseRad>
   <InorgFuseTime> 0 </InorgFuseTime>
   <ForceOrgUpdateByCtID> No </ForceOrgUpdateByCtID>
   <ForceInorgUpdateByCtID> No </ForceInorgUpdateByCtID>
   <ResOrgUnknown> No </ResOrgUnknown>
   <ResInorgUnknown> No </ResInorgUnknown>
   <PathWidth> 0 </PathWidth>
   <TurretBearing> 0 </TurretBearing>
   <CommsDelay> 0 </CommsDelay>
   <Sound> 6 </Sound>
   <Precision> 200 </Precision>
   <FuelTank> 1000 </FuelTank>
   <CommsQuality> Low </CommsQuality>
   <Platform>
       <OrientToX> 0 </OrientToX>
       <OrientToY> 0 </OrientToY>
       <OrientAwayX> 0 </OrientAwayX>
       <OrientAwayY> 0 </OrientAwayY>
       <OrientToBearing> 0 </OrientToBearing>
      <OrientMode> Bearing </OrientMode>
   </Platform>
   <Weapon>
      <WpnSAType> AgentKE </WpnSAType>
      <WpnName> Generic Weapon </WpnName>
      <WpnType> Simple </WpnType>
      <WpnAgtClass> Primary </WpnAgtClass>
      <WpnLockDefState> No </WpnLockDefState>
      <WpnLOF> No </WpnLOF>
      <WpnAmmo> 1000 </WpnAmmo>
   </Weapon>
   <Sensor>
      <SensName> Eyeball </SensName>
      <SensType> Advanced </SensType>
      <SensClass> A </SensClass>
      <SensLockDefState> Yes</SensLockDefState>
   </Sensor>

   <state>
      <StateName> Default State </StateName>
      <SquadAlleg> 1 </SquadAlleg>
      <DefIcon> 11 </DefIcon>
      <Trigger>
         <fallback_to> Default State </fallback_to>
         <duration> 0 </duration>
         <CanInterrupt> Yes </CanInterrupt>
         <Interrupter> No </Interrupter>
         <OnceOnly> No </OnceOnly>
         <HighestPriority> No </HighestPriority>
      </Trigger>
      <Threat> 3 </Threat>
      <AgtClass> 0 </AgtClass>
      <ReleaseFromParent> No </ReleaseFromParent>
      <ReleaseChildren> No </ReleaseChildren>
      <EmbussChildren> No </EmbussChildren>
      <ActivateConCombat> No </ActivateConCombat>
      <ActivateConCluster> No </ActivateConCluster>
      <ActivateConAdvance> No </ActivateConAdvance>
      <FormationShape> None </FormationShape>
      <OnlyRespToMovAgt> No </OnlyRespToMovAgt>
      <Stealth> 0 </Stealth>
      <FuelRate> 0 </FuelRate>
      <Speed> 30 </Speed>
      <Mass> 0.1 </Mass>
      <CrowdSeparation> 1 </CrowdSeparation>
      <VizRange> 10000 </VizRange>
      <AllowVizArc> No </AllowVizArc>
      <Collateral> No </Collateral>
      <ArcOfConcern> 2 </ArcOfConcern>
      <RandomDebussAng> No </RandomDebussAng>
      <ApplyBraking> No </ApplyBraking>
      <Deceleration> 0 </Deceleration>
      <SpeedCutoff> 0 </SpeedCutoff>
      <PlatformState>
         <SlewRate> 5 </SlewRate>
         <ScanSpan> 0 </ScanSpan>
         <Height> 2 </Height>
         <ScanMode> Scan Mode </ScanMode>
         <ScanDir> Clockwise </ScanDir>
         <OrientUsingAgentSA> Yes </OrientUsingAgentSA>
         <OrientUsingSquadSA> No </OrientUsingSquadSA>
         <OrientUsingInorgSA> No </OrientUsingInorgSA>
         <OrientUsingInorgUnk> No </OrientUsingInorgUnk>
         <OrientTowardsShooter> No </OrientTowardsShooter>
      </PlatformState>
      <WeaponState> 
           <WpnEnabled> Yes </WpnEnabled>
           <WpnInterpSSKP> No </WpnInterpSSKP>
           <WpnTargetClosest> No </WpnTargetClosest>
           <WpnNumTargets> 600 </WpnNumTargets>
           <WpnShotRadius> 0 </WpnShotRadius>
           <WpnMinRange> 0 </WpnMinRange>
           <WpnMaxRange> 0 </WpnMaxRange>
           <WpnPenetration> 0 </WpnPenetration>
           <WpnMinThreat> 0 </WpnMinThreat>
           <WpnMaxThreat> 3 </WpnMaxThreat>
           <WpnMaxAge> 100 </WpnMaxAge>
           <WpnMinAp> 20 </WpnMinAp>
           <WpnMaxAp> 0 </WpnMaxAp>
           <WpnTargetUnknownsWait> -1 </WpnTargetUnknownsWait>
           <WpnProtectSelf> No </WpnProtectSelf>
           <WpnProtectSqFr> No </WpnProtectSqFr>
           <WpnProtectOthFr> No </WpnProtectOthFr>
           <WpnProtectNeutrals> No </WpnProtectNeutrals>
           <WpnProtectUnknowns> No </WpnProtectUnknowns>
           <WpnProtectUsingOrgSA> No </WpnProtectUsingOrgSA>
           <WpnProtectUsingInorgSA> No </WpnProtectUsingInorgSA>
           <sskpTable>
             <sskpTablePoint>
               <sskpTableRange> 200  </sskpTableRange>
               <sskpTableProb> 10000  </sskpTableProb>
             </sskpTablePoint>
           </sskpTable>
           <AgtClassTable>
           </AgtClassTable>
           <nonTargetTable>
           </nonTargetTable>
      </WeaponState> 
      <SensorState> 
           <SensStEnabled> Yes </SensStEnabled>
           <SensStClassify> 300 </SensStClassify>
           <SensStDetect> 300 </SensStDetect>
           <SensStClassify2> 300 </SensStClassify2>
           <SensStDetect2> 300 </SensStDetect2>
           <SensStMinAp> 20 </SensStMinAp>
           <SensStMaxAp> 0 </SensStMaxAp>
           <SensStSync> No </SensStSync>
           <SensStSync2> No </SensStSync2>
           <classTable>
             <classTablePoint>
               <classTableRange> 300  </classTableRange>
               <classTableProb> 10000  </classTableProb>
             </classTablePoint>
           </classTable>
           <classTable2>
             <classTablePoint>
               <classTableRange2> 300  </classTableRange2>
               <classTableProb2> 10000  </classTableProb2>
             </classTablePoint>
           </classTable2>
           <detectTable>
             <detectTablePoint>
               <detectTableRange> 300  </detectTableRange>
               <detectTableProb> 10000  </detectTableProb>
             </detectTablePoint>
           </detectTable>
           <detectTable2>
             <detectTablePoint>
               <detectTableRange2> 300  </detectTableRange2>
               <detectTableProb2> 10000  </detectTableProb2>
             </detectTablePoint>
           </detectTable2>
      <\SensorState> 
      <weight><WgtName> Alive Enemy   </WgtName><WgtVal>   0   </WgtVal></weight>
      <weight><WgtName> Alive Friends   </WgtName><WgtVal>   0   </WgtVal></weight>
      <weight><WgtName> Injured Friends   </WgtName><WgtVal>   0   </WgtVal></weight>
      <weight><WgtName> Alive Neutrals   </WgtName><WgtVal>   0   </WgtVal></weight>
      <weight><WgtName> Next Waypoint   </WgtName><WgtVal>   50   </WgtVal></weight>
      <weight><WgtName> Alternate Waypoint   </WgtName><WgtVal>   0   </WgtVal></weight>
      <weight><WgtName> Easy Terrain   </WgtName><WgtVal>   0   </WgtVal></weight>
      <weight><WgtName> Cover   </WgtName><WgtVal>   0   </WgtVal></weight>
      <weight><WgtName> Concealment   </WgtName><WgtVal>   0   </WgtVal></weight>
      <weight><WgtName> Centre   </WgtName><WgtVal>   0   </WgtVal></weight>
      <weight><WgtName> Org Threat 1 (Low)   </WgtName><WgtVal>   0   </WgtVal></weight>
      <weight><WgtName> Org Threat 2 (Medium)   </WgtName><WgtVal>   0   </WgtVal></weight>
      <weight><WgtName> Org Threat 3 (High)   </WgtName><WgtVal>   0   </WgtVal></weight>
      <weight><WgtName> Org Squad Friends   </WgtName><WgtVal>   0   </WgtVal></weight>
      <weight><WgtName> Org Other Friends   </WgtName><WgtVal>   0   </WgtVal></weight>
      <weight><WgtName> Org Neutrals   </WgtName><WgtVal>   0   </WgtVal></weight>
      <weight><WgtName> Org Unknowns   </WgtName><WgtVal>   0   </WgtVal></weight>
      <weight><WgtName> Inorg Threat 1 (Low)   </WgtName><WgtVal>   0   </WgtVal></weight>
      <weight><WgtName> Inorg Threat 2 (Medium)   </WgtName><WgtVal>   0   </WgtVal></weight>
      <weight><WgtName> Inorg Threat 3 (High)   </WgtName><WgtVal>   0   </WgtVal></weight>
      <weight><WgtName> Inorg Friends   </WgtName><WgtVal>   0   </WgtVal></weight>
      <weight><WgtName> Inorg Neutrals   </WgtName><WgtVal>   0   </WgtVal></weight>
      <weight><WgtName> Inorg Unknowns   </WgtName><WgtVal>   0   </WgtVal></weight>
      <weight><WgtName> En Threat 1 (Low)   </WgtName><WgtVal>   0   </WgtVal></weight>
      <weight><WgtName> En Threat 1 (Medium)   </WgtName><WgtVal>   0   </WgtVal></weight>
      <weight><WgtName> En Threat 1 (High)   </WgtName><WgtVal>   0   </WgtVal></weight>
      <weight><WgtName> En Ideal   </WgtName><WgtVal>   0   </WgtVal></weight>
      <weight><WgtName> Formation   </WgtName><WgtVal>   0   </WgtVal></weight>
      <weight><WgtName> AgtEnOrient   </WgtName><WgtVal>   0   </WgtVal></weight>
      <weight><WgtName> OrgEnOrient   </WgtName><WgtVal>   0   </WgtVal></weight>
      <weight><WgtName> InorgEnOrient   </WgtName><WgtVal>   0   </WgtVal></weight>
      <weight><WgtName> Squad Awareness   </WgtName><WgtVal>   0   </WgtVal></weight>
      <weight><WgtName> Debuss Behaviour   </WgtName><WgtVal>   0   </WgtVal></weight>
      <weight><WgtName> Dynamic Waypoint   </WgtName><WgtVal>   0   </WgtVal></weight>
      <range><RangeName> Sensor Range   </RangeName><RangeVal>   1   </RangeVal></range>
      <range><RangeName> Detection Range   </RangeName><RangeVal>   1   </RangeVal></range>
      <range><RangeName> Movement Speed   </RangeName><RangeVal>   100   </RangeVal></range>
      <range><RangeName> No. of Hits Required to Kill   </RangeName><RangeVal>   1   </RangeVal></range>
      <range><RangeName> Min Distance to Enemies   </RangeName><RangeVal>   0   </RangeVal></range>
      <range><RangeName> Min Distance to Friends   </RangeName><RangeVal>   0   </RangeVal></range>
      <range><RangeName> Min Distance to Neutrals   </RangeName><RangeVal>   0   </RangeVal></range>
      <range><RangeName> Min Distance to Next Waypoint   </RangeName><RangeVal>   0   </RangeVal></range>
      <range><RangeName> Min Distance to Alternate Waypoint   </RangeName><RangeVal>   0   </RangeVal></range>
      <range><RangeName> Cluster Constraint   </RangeName><RangeVal>   0   </RangeVal></range>
      <range><RangeName> Combat Constraint   </RangeName><RangeVal>   0   </RangeVal></range>
      <range><RangeName> Advance Constraint   </RangeName><RangeVal>   0   </RangeVal></range>
      <range><RangeName> Refuel Range   </RangeName><RangeVal>   0   </RangeVal></range>
      <range><RangeName> Probability of Refuel Enemy   </RangeName><RangeVal>   0   </RangeVal></range>
      <range><RangeName> Probability of Refuel Friend   </RangeName><RangeVal>   0   </RangeVal></range>
      <range><RangeName> Probability of Refuel Neutral   </RangeName><RangeVal>   0   </RangeVal></range>
      <range><RangeName> Armour Thickness   </RangeName><RangeVal>   0   </RangeVal></range>
      <range><RangeName> Waypoint Radius   </RangeName><RangeVal>   6   </RangeVal></range>
      <range><RangeName> Max Distance to Enemies   </RangeName><RangeVal>   10000   </RangeVal></range>
      <range><RangeName> Max Distance to Friends   </RangeName><RangeVal>   10000   </RangeVal></range>
      <range><RangeName> Max Distance to Neutrals   </RangeName><RangeVal>   10000   </RangeVal></range>
      <range><RangeName> Max Distance to Next Waypoint   </RangeName><RangeVal>   10000   </RangeVal></range>
      <range><RangeName> Max Distance to Alternate Waypoint   </RangeName><RangeVal>   10000   </RangeVal></range>
      <range><RangeName> Min Distance to Organic Threat 1   </RangeName><RangeVal>   0   </RangeVal></range>
      <range><RangeName> Min Distance to Organic Threat 2   </RangeName><RangeVal>   0   </RangeVal></range>
      <range><RangeName> Min Distance to Organic Threat 3   </RangeName><RangeVal>   0   </RangeVal></range>
      <range><RangeName> Min Distance to Organic Squad Friends   </RangeName><RangeVal>   0   </RangeVal></range>
      <range><RangeName> Min Distance to Organic Other Friends   </RangeName><RangeVal>   0   </RangeVal></range>
      <range><RangeName> Min Distance to Organic Neutrals   </RangeName><RangeVal>   0   </RangeVal></range>
      <range><RangeName> Min Distance to Organic Unknowns   </RangeName><RangeVal>   0   </RangeVal></range>
      <range><RangeName> Max Distance to Organic Threat 1   </RangeName><RangeVal>   10000   </RangeVal></range>
      <range><RangeName> Max Distance to Organic Threat 2   </RangeName><RangeVal>   10000   </RangeVal></range>
      <range><RangeName> Max Distance to Organic Threat 3   </RangeName><RangeVal>   10000   </RangeVal></range>
      <range><RangeName> Max Distance to Organic Squad Friends   </RangeName><RangeVal>   10000   </RangeVal></range>
      <range><RangeName> Max Distance to Organic Other Friends   </RangeName><RangeVal>   10000   </RangeVal></range>
      <range><RangeName> Max Distance to Organic Neutrals   </RangeName><RangeVal>   10000   </RangeVal></range>
      <range><RangeName> Max Distance to Organic Unknowns   </RangeName><RangeVal>   10000   </RangeVal></range>
      <range><RangeName> Min Distance to Inorganic Threat 1   </RangeName><RangeVal>   0   </RangeVal></range>
      <range><RangeName> Min Distance to Inorganic Threat 2   </RangeName><RangeVal>   0   </RangeVal></range>
      <range><RangeName> Min Distance to Inorganic Threat 3   </RangeName><RangeVal>   0   </RangeVal></range>
      <range><RangeName> Min Distance to Inorganic Friends   </RangeName><RangeVal>   0   </RangeVal></range>
      <range><RangeName> Min Distance to Inorganic Neutrals   </RangeName><RangeVal>   0   </RangeVal></range>
      <range><RangeName> Min Distance to Inorganic Unknowns   </RangeName><RangeVal>   0   </RangeVal></range>
      <range><RangeName> Max Distance to Inorganic Threat 1   </RangeName><RangeVal>   10000   </RangeVal></range>
      <range><RangeName> Max Distance to Inorganic Threat 2   </RangeName><RangeVal>   10000   </RangeVal></range>
      <range><RangeName> Max Distance to Inorganic Threat 3   </RangeName><RangeVal>   10000   </RangeVal></range>
      <range><RangeName> Max Distance to Inorganic Friends   </RangeName><RangeVal>   10000   </RangeVal></range>
      <range><RangeName> Max Distance to Inorganic Neutrals   </RangeName><RangeVal>   10000   </RangeVal></range>
      <range><RangeName> Max Distance to Inorganic Unknowns   </RangeName><RangeVal>   10000   </RangeVal></range>
      <range><RangeName> Min Distance to Enemy Threat 1   </RangeName><RangeVal>   0   </RangeVal></range>
      <range><RangeName> Min Distance to Enemy Threat 2   </RangeName><RangeVal>   0   </RangeVal></range>
      <range><RangeName> Min Distance to Enemy Threat 3   </RangeName><RangeVal>   0   </RangeVal></range>
      <range><RangeName> Min Distance to Ideal Enemy   </RangeName><RangeVal>   0   </RangeVal></range>
      <range><RangeName> Max Distance to Enemy Threat 1   </RangeName><RangeVal>   10000   </RangeVal></range>
      <range><RangeName> Max Distance to Enemy Threat 2   </RangeName><RangeVal>   10000   </RangeVal></range>
      <range><RangeName> Max Distance to Enemy Threat 3   </RangeName><RangeVal>   10000   </RangeVal></range>
      <range><RangeName> Max Distance to Ideal Enemy   </RangeName><RangeVal>   10000   </RangeVal></range>
      <range><RangeName> Ideal Enemy Class   </RangeName><RangeVal>   0   </RangeVal></range>
      <range><RangeName> Max Distance for Combat Constraint   </RangeName><RangeVal>   10000   </RangeVal></range>
      <range><RangeName> Max Distance for Cluster Constraint   </RangeName><RangeVal>   10000   </RangeVal></range>
      <range><RangeName> Max Distance for Advance Constraint   </RangeName><RangeVal>   10000   </RangeVal></range>
      <range><RangeName> Orientation To Enemy Angle (Agt SA)   </RangeName><RangeVal>   0   </RangeVal></range>
      <range><RangeName> Orientation To Enemy Angle (Sqd SA)   </RangeName><RangeVal>   0   </RangeVal></range>
      <range><RangeName> Orientation To Enemy Angle (Inorg SA)   </RangeName><RangeVal>   0   </RangeVal></range>
      <range><RangeName> Min Distance En. Angle Orient (Agt SA)   </RangeName><RangeVal>   0   </RangeVal></range>
      <range><RangeName> Min Distance En. Angle Orient (Sqd SA)   </RangeName><RangeVal>   0   </RangeVal></range>
      <range><RangeName> Min Distance En. Angle Orient (Inorg SA)   </RangeName><RangeVal>   0   </RangeVal></range>
      <range><RangeName> Max Distance En. Angle Orient (Agt SA)   </RangeName><RangeVal>   10000   </RangeVal></range>
      <range><RangeName> Max Distance En. Angle Orient (Sqd SA)   </RangeName><RangeVal>   10000   </RangeVal></range>
      <range><RangeName> Max Distance En. Angle Orient (Inorg SA)   </RangeName><RangeVal>   10000   </RangeVal></range>
      <range><RangeName> Formation Square Width   </RangeName><RangeVal>   2   </RangeVal></range>
      <range><RangeName> Formation Circle Diameter   </RangeName><RangeVal>   2   </RangeVal></range>
      <range><RangeName> Min Distance to Going   </RangeName><RangeVal>   0   </RangeVal></range>
      <range><RangeName> Min Distance to Cover   </RangeName><RangeVal>   0   </RangeVal></range>
      <range><RangeName> Min Distance to Concealment   </RangeName><RangeVal>   0   </RangeVal></range>
      <range><RangeName> Max Distance to Going   </RangeName><RangeVal>   10000   </RangeVal></range>
      <range><RangeName> Max Distance to Cover   </RangeName><RangeVal>   10000   </RangeVal></range>
      <range><RangeName> Max Distance to Concealment   </RangeName><RangeVal>   10000   </RangeVal></range>
      <range><RangeName> Min Distance to Squad Awareness   </RangeName><RangeVal>   0   </RangeVal></range>
      <range><RangeName> Max Distance to Squad Awareness   </RangeName><RangeVal>   0   </RangeVal></range>
      <range><RangeName> Min Distance for Debuss Behaviour   </RangeName><RangeVal>   0   </RangeVal></range>
      <range><RangeName> Max Distance for Debuss Behaviour   </RangeName><RangeVal>   0   </RangeVal></range>
      <range><RangeName> Debuss Angle   </RangeName><RangeVal>   0   </RangeVal></range>
      <range><RangeName> Dynamic Wpt Characteristic Dist   </RangeName><RangeVal>   0   </RangeVal></range>
      <range><RangeName> Dynamic Wpt Tolerance   </RangeName><RangeVal>   1   </RangeVal></range>
      <range><RangeName> Debuss Dist   </RangeName><RangeVal>   0   </RangeVal></range>
      <range><RangeName> Embuss Wpt Tolerance   </RangeName><RangeVal>   1   </RangeVal></range>
   </state>
</Squad>

</specification>
